{
 "shapes": [
  {
   "baseVals": {
    "enabled": 1,
    "sides": 100,
    "textured": 1,
    "rad": 0.01,
    "ang": 1.822122,
    "tex_ang": 5.617169,
    "tex_zoom": 1.164437,
    "g": 1,
    "b": 1,
    "r2": 1,
    "b2": 1,
    "a2": 0.1,
    "border_a": 0
   },
   "init_eqs_str": "a['q8'] = 0; ",
   "frame_eqs_str": "a['tex_ang']=a['q8'];"
  },
  {
   "baseVals": {
    "enabled": 1,
    "sides": 100,
    "textured": 1,
    "rad": 0.496295,
    "tex_ang": 5.617169,
    "tex_zoom": 1.719942,
    "g": 1,
    "b": 1,
    "r2": 1,
    "b2": 1,
    "a2": 0.1,
    "border_a": 0
   },
   "init_eqs_str": "a['q8'] = 0; ",
   "frame_eqs_str": "a['tex_ang']=(a['q8']-0.02);"
  },
  {
   "baseVals": {
    "enabled": 1,
    "sides": 100,
    "textured": 1,
    "rad": 0.496295,
    "tex_zoom": 1.740601,
    "g": 1,
    "b": 1,
    "r2": 1,
    "b2": 1,
    "a2": 0.1,
    "border_a": 0
   },
   "init_eqs_str": "a['q8'] = 0; ",
   "frame_eqs_str": "a['tex_ang']=(a['q8']-0.04);"
  },
  {
   "baseVals": {
    "enabled": 1,
    "sides": 100,
    "textured": 1,
    "x": 0.12,
    "y": 0.2,
    "rad": 0.01,
    "ang": 4.39823,
    "tex_zoom": 1.117709,
    "g": 1,
    "b": 1,
    "r2": 1,
    "b2": 1,
    "a2": 1,
    "border_a": 0
   },
   "init_eqs_str": "a['q4'] = 0; ",
   "frame_eqs_str": "a['x']=(0.5+(0.4*Math.sin(((0.105*a['time'])+(0.3*a['q4']))))); a['y']=(0.5+(0.4*Math.sin(((0.1267*a['time'])+(0.323*a['q4']))))); a['ang']=(3.1415+(3.1415*Math.sin((a['time']*0.2654)))); a['rad']=(0.5+(0.5*Math.sin((a['q4']*0.785))));"
  }
 ],
 "waves": [
  {
   "baseVals": {
    "enabled": 1,
    "usedots": 1,
    "scaling": 1.027964,
    "smoothing": 0,
    "r": 0.3,
    "b": 0.3
   },
   "init_eqs_str": "a['px'] = 0; a['z2'] = 0; a['y1'] = 0; a['oldt2'] = 0; a['q1'] = 0; a['cf'] = 0; a['py'] = 0; a['v'] = 0; a['t3'] = 0; a['shc'] = 0; a['oldt3'] = 0; a['t6'] = 0; a['rf'] = 0; a['q4'] = 0; a['t7'] = 0; a['pz'] = 0; a['x2'] = 0; a['t2'] = 0; a['u'] = 0; a['q2'] = 0; a['z1'] = 0; a['q3'] = 0; a['t4'] = 0; a['t1']=300; a['t2']=0; a['t3']=0; a['t4']=3.14159265; a['t5']=1; a['t6']=10; a['t7']=-10;",
   "frame_eqs_str": "a['t7']=(0.5+((0.5*Math.sin(a['time']))*a['t4'])); a['t6']=div((a['t7']+(a['t6']*5)),6); a['t2']=((pow(((2*a['bass'])+a['bass_att']), 5)*0.00015111)+a['oldt2']); a['oldt2']=a['t2']; a['t3']=((pow(((2*a['bass'])+a['bass_att']), 4)*0.00026213)+a['oldt3']); a['oldt3']=a['t3']; a['q1']=-Math.cos(Math.cos(a['t2'])); a['q2']=Math.cos(-a['t3']); a['q3']=Math.sin(Math.cos(-a['t2'])); a['q4']=Math.sin(a['t3']);",
   "point_eqs_str": "a['u']=((a['sample']*2)-1); a['rf']=512; a['shc']=(1-(a['u']*a['u'])); a['cf']=below(a['sample'], 0.45); a['u']=((Math.abs(a['cf'])>0.00001)?((sqrt(a['shc'])*(div(-a['u'],2)+0.5))):(((Math.abs(below(a['sample'], 0.55))>0.00001)?((((a['sample']-0.45)*15)+0.1)):((pow(a['shc'], 0.7)*1.5))))); a['u']=(a['u']+div(a['v'],8)); a['px']=((div((Math.cos(((a['sample']*a['t4'])*a['rf']))*a['u']),2)+Math.cos(a['t6']))+1.5); a['py']=((a['sample']*2)-1); a['pz']=(div((Math.sin(((a['sample']*a['t4'])*a['rf']))*a['u']),2)+2.9); a['y1']=((a['py']*a['q1'])+(a['pz']*a['q3'])); a['z1']=((a['pz']*a['q1'])-(a['py']*a['q3'])); a['x2']=((a['px']*a['q2'])+(a['z1']*a['q4'])); a['z2']=(((a['z1']*a['q2'])-(a['px']*a['q4']))+5); a['x']=div(a['x2'],a['z2']); a['y']=div(a['y1'],a['z2']); a['x']=((a['x']*0.5)+0.5); a['y']=((0.5*a['y'])+0.5); a['r']=(0.5+(Math.sin((a['sample']*195))*0.5)); a['g']=((0.5*Math.sin((a['time']*0.145)))+(0.499*(0.5+(Math.sin((a['x']*95))*0.5)))); a['b']=((0.5*Math.sin((a['time']*0.1876)))+(0.495*(0.5+(Math.sin((a['y']*208))*0.5))));"
  },
  {
   "baseVals": {
    "enabled": 1,
    "spectrum": 1,
    "thick": 1,
    "scaling": 1.027964,
    "smoothing": 0,
    "r": 0,
    "g": 0,
    "b": 0.4
   },
   "init_eqs_str": "a['px'] = 0; a['z2'] = 0; a['y1'] = 0; a['progress'] = 0; a['oldt2'] = 0; a['q1'] = 0; a['cf'] = 0; a['py'] = 0; a['v'] = 0; a['t3'] = 0; a['shc'] = 0; a['oldt3'] = 0; a['t6'] = 0; a['rf'] = 0; a['q4'] = 0; a['t7'] = 0; a['pz'] = 0; a['x2'] = 0; a['t2'] = 0; a['u'] = 0; a['q2'] = 0; a['z1'] = 0; a['q3'] = 0; a['t4'] = 0; a['t1']=300; a['t2']=0; a['t3']=0; a['t4']=3.14159265; a['t5']=1; a['t6']=10; a['t7']=-10;",
   "frame_eqs_str": "a['t7']=(0.5+((0.5*Math.sin((a['time']*0.135)))*a['t4'])); a['t6']=div((a['t7']+(a['t6']*5)),6); a['t2']=(((pow((a['bass']+a['bass_att']), 6)*0.00005)+0.022)+a['oldt2']); a['oldt2']=((Math.abs(above(a['t2'], 10000))>0.00001)?(0):(a['t2'])); a['t3']=(((pow((a['bass']+a['bass_att']), 7)*0.00005)+0.0278)+a['oldt3']); a['oldt3']=a['t3']; a['q1']=-Math.cos(Math.cos(a['t2'])); a['q2']=-Math.cos(a['t3']); a['q3']=Math.sin(Math.cos(a['t2'])); a['q4']=Math.sin(a['t3']);",
   "point_eqs_str": "a['u']=((a['sample']*2)-1); a['rf']=1000; a['shc']=(1-(a['u']*a['u'])); a['cf']=below(a['sample'], 0.45); a['u']=((Math.abs(a['cf'])>0.00001)?((sqrt(a['shc'])*(div(-a['u'],2)+0.5))):(((Math.abs(below(a['sample'], 0.55))>0.00001)?((((a['sample']-0.45)*15)+0.1)):((pow(a['shc'], 0.7)*1.5))))); a['u']=(a['u']+div(a['v'],8)); a['px']=((div((Math.cos(((a['sample']*a['t4'])*a['rf']))*a['u']),2)+Math.cos(a['t6']))+1.5); a['py']=((a['sample']*2)-1); a['pz']=(div((Math.sin(((a['sample']*a['t4'])*a['rf']))*a['u']),2)+2.9); a['y1']=((a['py']*a['q1'])+(a['pz']*a['q3'])); a['z1']=((a['pz']*a['q1'])-(a['py']*a['q3'])); a['x2']=((a['px']*a['q2'])+(a['z1']*a['q4'])); a['z2']=(((a['z1']*a['q2'])-(a['px']*a['q4']))+5); a['x']=div(a['x2'],a['z2']); a['y']=div(a['y1'],a['z2']); a['x']=((a['x']*0.5)+0.5); a['y']=((0.5*a['y'])+0.5); a['r']=Math.abs((a['sample']-(a['sample']*a['progress']))); a['g']=div(a['sample'],a['y']); a['b']=(a['x2']*a['sample']);"
  },
  {
   "baseVals": {
    "enabled": 1,
    "usedots": 1,
    "thick": 1,
    "scaling": 1.027964,
    "smoothing": 0,
    "r": 0.8,
    "g": 0.4,
    "b": 0.4
   },
   "init_eqs_str": "a['px'] = 0; a['z2'] = 0; a['y1'] = 0; a['oldt2'] = 0; a['q1'] = 0; a['cf'] = 0; a['py'] = 0; a['v'] = 0; a['t3'] = 0; a['shc'] = 0; a['oldt3'] = 0; a['t6'] = 0; a['rf'] = 0; a['q4'] = 0; a['t7'] = 0; a['pz'] = 0; a['x2'] = 0; a['t2'] = 0; a['u'] = 0; a['q2'] = 0; a['z1'] = 0; a['q3'] = 0; a['t4'] = 0; a['t1']=300; a['t2']=0; a['t3']=0; a['t4']=3.14159265; a['t5']=1; a['t6']=10; a['t7']=-10;",
   "frame_eqs_str": "a['t7']=(0.5+((0.5*Math.sin((a['time']*0.896)))*a['t4'])); a['t6']=div((a['t7']+(a['t6']*5)),6); a['t2']=(((pow(((1.13*a['bass'])+a['bass_att']), 5)*0.0001)+0.0017)+a['oldt2']); a['oldt2']=a['t2']; a['t2']=(a['t2']+Math.sin((a['time']*0.01963))); a['t3']=(((pow((a['bass']+(1.14*a['bass_att'])), 5)*0.0001)+0.00121)+a['oldt3']); a['oldt3']=a['t3']; a['t3']=(a['t3']+Math.sin((a['time']*0.06527))); a['q1']=-Math.cos(Math.cos(a['t2'])); a['q2']=Math.cos(a['t3']); a['q3']=Math.sin(Math.cos(a['t2'])); a['q4']=Math.sin(a['t3']);",
   "point_eqs_str": "a['u']=((a['sample']*2)-1); a['rf']=1000; a['shc']=(1-(a['u']*a['u'])); a['cf']=below(a['sample'], 0.45); a['u']=((Math.abs(a['cf'])>0.00001)?((sqrt(a['shc'])*(div(-a['u'],2)+0.5))):(((Math.abs(below(a['sample'], 0.55))>0.00001)?((((a['sample']-0.45)*15)+0.1)):((pow(a['shc'], 0.7)*1.5))))); a['u']=(a['u']+div(a['v'],8)); a['px']=((div((Math.cos(((a['sample']*a['t4'])*a['rf']))*a['u']),2)+Math.cos(a['t6']))+1.5); a['py']=((a['sample']*2)-1); a['pz']=(div((Math.sin(((a['sample']*a['t4'])*a['rf']))*a['u']),2)+2.9); a['y1']=((a['py']*a['q1'])+(a['pz']*a['q3'])); a['z1']=((a['pz']*a['q1'])-(a['py']*a['q3'])); a['x2']=((a['px']*a['q2'])+(a['z1']*a['q4'])); a['z2']=(((a['z1']*a['q2'])-(a['px']*a['q4']))+5); a['x']=div(a['x2'],a['z2']); a['y']=div(a['y1'],a['z2']); a['x']=((a['x']*0.5)+0.5); a['y']=((0.5*a['y'])+0.5); a['r']=a['sample']; a['g']=(a['x']*a['sample']); a['b']=div((a['y']*a['x']),a['sample']);"
  },
  {
   "baseVals": {
    "enabled": 1,
    "usedots": 1,
    "thick": 1,
    "scaling": 1.027964,
    "smoothing": 0,
    "r": 0,
    "g": 0.5,
    "b": 0.7
   },
   "init_eqs_str": "a['px'] = 0; a['z2'] = 0; a['y1'] = 0; a['q1'] = 0; a['cf'] = 0; a['py'] = 0; a['v'] = 0; a['t3'] = 0; a['shc'] = 0; a['t6'] = 0; a['rf'] = 0; a['q4'] = 0; a['t7'] = 0; a['pz'] = 0; a['x2'] = 0; a['t2'] = 0; a['u'] = 0; a['q2'] = 0; a['z1'] = 0; a['q3'] = 0; a['t4'] = 0; a['q8'] = 0; a['t1']=300; a['t2']=0; a['t3']=0; a['t4']=3.14159265; a['t5']=1; a['t6']=10; a['t7']=-10;",
   "frame_eqs_str": "a['t7']=(0.5+((0.5*Math.sin(a['time']))*a['t4'])); a['t6']=div((a['t7']+(a['t6']*5)),6); a['t2']=(a['q8']*0.7825); a['t3']=(a['q8']*0.6242); a['q1']=-Math.cos(Math.cos(a['t2'])); a['q2']=Math.cos(a['t3']); a['q3']=Math.sin(Math.cos(a['t2'])); a['q4']=Math.sin(a['t3']);",
   "point_eqs_str": "a['u']=((a['sample']*2)-1); a['rf']=1000; a['shc']=(1-(a['u']*a['u'])); a['cf']=below(a['sample'], 0.45); a['u']=((Math.abs(a['cf'])>0.00001)?((sqrt(a['shc'])*(div(-a['u'],2)+0.5))):(((Math.abs(below(a['sample'], 0.55))>0.00001)?((((a['sample']-0.45)*15)+0.1)):((pow(a['shc'], 0.7)*1.5))))); a['u']=(a['u']+div(a['v'],8)); a['px']=((div((Math.cos(((a['sample']*a['t4'])*a['rf']))*a['u']),2)+Math.cos(a['t6']))+1.5); a['py']=((a['sample']*2)-1); a['pz']=(div((Math.sin(((a['sample']*a['t4'])*a['rf']))*a['u']),2)+2.9); a['y1']=((a['py']*a['q1'])+(a['pz']*a['q3'])); a['z1']=((a['pz']*a['q1'])-(a['py']*a['q3'])); a['x2']=((a['px']*a['q2'])+(a['z1']*a['q4'])); a['z2']=(((a['z1']*a['q2'])-(a['px']*a['q4']))+5); a['x']=div(a['x2'],a['z2']); a['y']=div(a['y1'],a['z2']); a['x']=((a['x']*0.5)+0.5); a['y']=((0.5*a['y'])+0.5); a['r']=((0.5*div(a['y'],a['x']))+(0.499*Math.sin((a['time']*0.564)))); a['b']=((0.5*(a['x']*a['y']))+(0.499*Math.sin((a['time']*0.457)))); a['g']=((0.5*(a['x']*a['x']))+(0.499*Math.sin((a['time']*0.134))));"
  }
 ],
 "init_eqs_str": "a['q8'] = 0; a['q7'] = 0; a['q6'] = 0; a['oldq6'] = 0; a['q4'] = 0; a['oldq4'] = 0; a['oldq8'] = 0;",
 "frame_eqs_str": "a['warp']=0; a['wave_a']=0; a['decay']=0.97; a['q7']=(0.00004*div(pow(((((((1+(1.2*a['bass']))+(0.4*a['bass_att']))+(0.1*a['treb']))+(0.1*a['treb_att']))+(0.1*a['mid']))+(0.1*a['mid_att'])), 6),a['fps'])); a['q6']=(a['oldq6']+(0.0002*div(pow(((((((1+(0.1*a['bass']))+(0.1*a['bass_att']))+(1.2*a['treb']))+(0.4*a['treb_att']))+(0.1*a['mid']))+(0.1*a['mid_att'])), 6),a['fps']))); a['oldq6']=a['q6']; a['q4']=(a['oldq4']+(0.0002*div(pow(((((((1+(0.1*a['bass']))+(0.1*a['bass_att']))+(0.1*a['treb']))+(0.1*a['treb_att']))+(1.2*a['mid']))+(0.4*a['mid_att'])), 6),a['fps']))); a['oldq4']=a['q4']; a['q8']=(a['oldq8']+(0.0002*div(pow(((((((1+(1.2*a['bass']))+(0.4*a['bass_att']))+(0.1*a['treb']))+(0.1*a['treb_att']))+(0.1*a['mid']))+(0.1*a['mid_att'])), 6),a['fps']))); a['oldq8']=a['q8']; a['q8']=(a['oldq8']+(0.0002*div(pow(((((((1+(1.2*a['bass']))+(0.4*a['bass_att']))+(0.1*a['treb']))+(0.1*a['treb_att']))+(0.1*a['mid']))+(0.1*a['mid_att'])), 6),a['fps']))); a['oldq8']=((Math.abs(above(a['q8'], 10000))>0.00001)?(0):(a['q8'])); a['ob_b']=Math.max(0, ((Math.sin((a['q8']*0.2542))*0.2)+0.1)); a['ob_r']=Math.max(0, ((Math.sin((a['q8']*0.985))*0.4)+0.2)); a['ob_g']=Math.max(0, ((Math.sin((a['q8']*0.8711))*0.3)+0.1)); a['ob_a']=(Math.max(0, (0.3*(a['q7']-0.2)))+0.1); a['ib_r']=(1-((Math.abs((a['ob_size']-0.005))>0.00001)?(0):(1))); a['ib_g']=(a['ib_r']*((0.21*0.2)*Math.sin((a['time']*0.643)))); a['ib_b']=(a['ib_r']*((0.21*0.2)*Math.sin((a['time']*0.853)))); a['ib_a']=(0.2*a['q7']); a['echo_alpha']=above(a['q7'], 0.2); a['echo_zoom']=(1+(0.01*a['q7']));",
 "pixel_eqs_str": "a['dx']=((a['dx']+(0.007*Math.sin((((a['y']*2)-1)*a['meshx']))))+(0.006*Math.sin(((((a['y']*2)-1)*a['meshx'])*1.3333)))); a['dy']=((a['dy']+((Math.sin((a['q8']*0.1745))*0.007)*Math.cos(((((a['x']*2)-1)*a['meshx'])*1.3333))))+((Math.sin((a['q8']*0.1875))*0.006)*Math.cos(((((a['x']*2)-1)*a['meshx'])*1.666))));",
 "baseVals": {
  "rating": 4,
  "decay": 1,
  "echo_zoom": 0.332702,
  "wave_mode": 7,
  "wave_brighten": 0,
  "darken": 1,
  "wave_a": 1,
  "wave_r": 0.5,
  "wave_g": 0.5,
  "wave_b": 0.5,
  "ob_size": 0.005,
  "ob_b": 0.2,
  "ob_a": 0.5,
  "ib_size": 0.005,
  "ib_r": 0,
  "ib_g": 0,
  "ib_b": 0,
  "ib_a": 1,
  "mv_x": 3.2,
  "mv_y": 3.000001,
  "mv_l": 3.95,
  "mv_a": 0
 },
 "warp": "",
 "comp": ""
}