{
 "shapes": [
  {
   "baseVals": {
    "enabled": 1,
    "sides": 100,
    "rad": 0.158028,
    "ang": 1.598142,
    "g": 1,
    "b": 1,
    "r2": 1,
    "b2": 1,
    "a2": 1,
    "border_r": 0,
    "border_g": 0,
    "border_b": 0,
    "border_a": 0
   },
   "init_eqs_str": " ",
   "frame_eqs_str": "a['ang']=1.571; a['x']=(Math.floor(randint(11))*0.1); a['y']=(Math.floor(randint(11))*0.13); a['r']=(Math.floor(randint(100))*0.01); a['g']=(Math.floor(randint(100))*0.01); a['b']=(Math.floor(randint(100))*0.01); a['r2']=a['r']; a['g2']=a['g']; a['b2']=a['b'];"
  },
  {
   "baseVals": {
    "enabled": 1,
    "sides": 100,
    "rad": 0.157736,
    "g": 1,
    "b": 1,
    "r2": 1,
    "b2": 1,
    "a2": 1,
    "border_a": 0
   },
   "init_eqs_str": " ",
   "frame_eqs_str": "a['ang']=1.571; a['x']=(Math.floor(randint(11))*0.1); a['y']=(Math.floor(randint(11))*0.13); a['r']=(Math.floor(randint(100))*0.01); a['g']=(Math.floor(randint(100))*0.01); a['b']=(Math.floor(randint(100))*0.01); a['r2']=(Math.floor(randint(100))*0.01); a['g2']=(Math.floor(randint(100))*0.01); a['b2']=(Math.floor(randint(100))*0.01);"
  },
  {
   "baseVals": {
    "enabled": 1,
    "sides": 100,
    "rad": 0.157362,
    "r": 0.84,
    "r2": 1,
    "g2": 0.58,
    "a2": 1,
    "border_a": 0
   },
   "init_eqs_str": " ",
   "frame_eqs_str": "a['rad']=0.158; a['ang']=1.571; a['x']=(Math.floor(randint(11))*0.1); a['y']=(Math.floor(randint(11))*0.13); a['r']=(Math.floor(randint(100))*0.01); a['g']=(Math.floor(randint(100))*0.01); a['b']=(Math.floor(randint(100))*0.01); a['r2']=a['b']; a['g2']=a['r']; a['b2']=a['g'];"
  },
  {
   "baseVals": {
    "enabled": 1,
    "sides": 100,
    "a2": 1
   },
   "init_eqs_str": " ",
   "frame_eqs_str": "a['rad']=0.158; a['ang']=1.571; a['x']=(Math.floor(randint(11))*0.1); a['y']=(Math.floor(randint(11))*0.13); a['r']=(Math.floor(randint(100))*0.01); a['g']=(Math.floor(randint(100))*0.01); a['b']=(Math.floor(randint(100))*0.01); a['r2']=a['g']; a['g2']=a['b']; a['b2']=a['r'];"
  }
 ],
 "waves": [
  {
   "baseVals": {
    "enabled": 0
   }
  },
  {
   "baseVals": {
    "enabled": 0
   }
  },
  {
   "baseVals": {
    "enabled": 0
   }
  },
  {
   "baseVals": {
    "enabled": 1,
    "sep": 256,
    "usedots": 1,
    "thick": 1,
    "additive": 1,
    "scaling": 100,
    "smoothing": 1
   },
   "init_eqs_str": " ",
   "frame_eqs_str": "",
   "point_eqs_str": ""
  }
 ],
 "init_eqs_str": "",
 "frame_eqs_str": "a['warp']=0;",
 "pixel_eqs_str": "a['zoom']=0.9;",
 "baseVals": {
  "rating": 3,
  "gammaadj": 1,
  "decay": 1,
  "echo_zoom": 0.996629,
  "echo_orient": 1,
  "wave_thick": 1,
  "wave_brighten": 0,
  "darken_center": 1,
  "darken": 1,
  "wave_a": 0.001,
  "wave_scale": 0.01,
  "wave_smoothing": 0.27,
  "wave_mystery": -0.38,
  "modwavealphastart": 0.71,
  "modwavealphaend": 1.3,
  "warpscale": 1.331,
  "zoomexp": 0.01,
  "zoom": 100,
  "rot": 0.08,
  "warp": 0.01,
  "ob_size": 0.035,
  "ob_r": 0.01,
  "ob_a": 1,
  "ib_size": 0.26,
  "ib_r": 1,
  "ib_g": 1,
  "ib_b": 1,
  "mv_x": 64,
  "mv_y": 48,
  "mv_l": 0.85,
  "mv_r": 0.4999,
  "mv_g": 0.4999,
  "mv_b": 0.4999,
  "mv_a": 0
 },
 "warp": "",
 "comp": ""
}