{
 "shapes": [
  {
   "baseVals": {
    "enabled": 1,
    "rad": 0.158028,
    "ang": 1.598142,
    "g": 1,
    "b": 1,
    "r2": 1,
    "b2": 1,
    "a2": 1,
    "border_r": 0,
    "border_g": 0,
    "border_b": 0,
    "border_a": 0
   },
   "init_eqs_str": " ",
   "frame_eqs_str": "a['ang']=1.571; a['x']=(randint(11)*0.1); a['y']=(randint(11)*0.13); a['r']=(randint(100)*0.01); a['g']=(randint(100)*0.01); a['b']=(randint(100)*0.01); a['r2']=a['r']; a['g2']=a['g']; a['b2']=a['b'];"
  },
  {
   "baseVals": {
    "enabled": 1,
    "rad": 0.157736,
    "g": 1,
    "b": 1,
    "r2": 1,
    "b2": 1,
    "a2": 1,
    "border_a": 0
   },
   "init_eqs_str": " ",
   "frame_eqs_str": "a['ang']=1.571; a['x']=(randint(11)*0.1); a['y']=(randint(11)*0.13); a['r']=(randint(100)*0.01); a['g']=(randint(100)*0.01); a['b']=(randint(100)*0.01); a['r2']=(randint(100)*0.01); a['g2']=(randint(100)*0.01); a['b2']=(randint(100)*0.01);"
  },
  {
   "baseVals": {
    "enabled": 1,
    "rad": 0.157362,
    "r": 0.84,
    "r2": 1,
    "g2": 0.58,
    "a2": 1,
    "border_a": 0
   },
   "init_eqs_str": " ",
   "frame_eqs_str": "a['rad']=0.158; a['ang']=1.571; a['x']=(randint(11)*0.1); a['y']=(randint(11)*0.13); a['r']=(randint(100)*0.01); a['g']=(randint(100)*0.01); a['b']=(randint(100)*0.01); a['r2']=a['b']; a['g2']=a['r']; a['b2']=a['g'];"
  },
  {
   "baseVals": {
    "enabled": 1,
    "a2": 1
   },
   "init_eqs_str": " ",
   "frame_eqs_str": "a['rad']=0.158; a['ang']=1.571; a['x']=(randint(11)*0.1); a['y']=(randint(11)*0.13); a['r']=(randint(100)*0.01); a['g']=(randint(100)*0.01); a['b']=(randint(100)*0.01); a['r2']=a['g']; a['g2']=a['b']; a['b2']=a['r'];"
  }
 ],
 "waves": [
  {
   "baseVals": {
    "enabled": 1,
    "sep": 186,
    "spectrum": 1,
    "scaling": 100
   },
   "init_eqs_str": "a['fvar'] = 0; a['svar'] = 0; a['tvar'] = 0; a['newsample'] = 0; a['t2'] = 0; a['t1'] = 0; a['t1']=1; a['t2']=1;",
   "frame_eqs_str": "a['t2']=((Math.abs(above(a['t1'], 200))>0.00001)?(((Math.abs(equal(a['t2'], 1))>0.00001)?(2):(a['t2']))):(((Math.abs(below(a['t1'], 10))>0.00001)?(((Math.abs(equal(a['t2'], 2))>0.00001)?(1):(a['t2']))):(a['t2'])))); a['t1']=((Math.abs(equal(a['t2'], 1))>0.00001)?((a['t1']+0.1)):((a['t1']-0.1)));",
   "point_eqs_str": "a['fvar']=(a['sample']*512); a['svar']=div(a['fvar'],16); a['tvar']=bitand(0,a['svar']); a['newsample']=div(a['tvar'],3.2); a['x']=(a['newsample']*0.1); a['y']=(0.5+a['value1']); a['r']=(Math.abs((a['y']-0.5))*10); a['g']=(-0.6+Math.sin(((a['sample']*5)+(a['time']*5)))); a['b']=(a['bass']*0.3);"
  },
  {
   "baseVals": {
    "enabled": 1,
    "sep": 256,
    "spectrum": 1,
    "usedots": 1,
    "additive": 1
   },
   "init_eqs_str": " ",
   "frame_eqs_str": "",
   "point_eqs_str": ""
  },
  {
   "baseVals": {
    "enabled": 0
   }
  },
  {
   "baseVals": {
    "enabled": 0
   }
  }
 ],
 "init_eqs_str": "",
 "frame_eqs_str": "a['warp']=0;",
 "pixel_eqs_str": "a['zoom']=1;",
 "baseVals": {
  "rating": 2,
  "gammaadj": 1,
  "decay": 0.9999,
  "echo_zoom": 0.146815,
  "echo_orient": 1,
  "wave_mode": 3,
  "wave_dots": 1,
  "wave_thick": 1,
  "modwavealphabyvolume": 1,
  "darken": 1,
  "wave_a": 0.001,
  "wave_scale": 18.423264,
  "wave_smoothing": 0,
  "wave_mystery": 0.5,
  "modwavealphastart": 0.71,
  "modwavealphaend": 1.3,
  "warpanimspeed": 4.683882,
  "warpscale": 0.438652,
  "zoomexp": 30.299482,
  "fshader": 1,
  "zoom": 4.141529,
  "rot": 0.02,
  "warp": 9.180587,
  "wave_r": 0.440001,
  "wave_b": 0.400001,
  "ob_size": 0.5,
  "ob_r": 0.01,
  "ib_size": 0.26,
  "ib_r": 1,
  "ib_g": 1,
  "ib_b": 1,
  "mv_x": 64,
  "mv_y": 48,
  "mv_l": 0.85,
  "mv_r": 0.4999,
  "mv_g": 0.4999,
  "mv_b": 0.4999,
  "mv_a": 0
 },
 "warp": "",
 "comp": ""
}