{
 "shapes": [
  {
   "baseVals": {
    "enabled": 0
   }
  },
  {
   "baseVals": {
    "enabled": 1,
    "sides": 100,
    "x": 0.72,
    "rad": 0.350342,
    "ang": 4.461063,
    "g": 1,
    "r2": 1,
    "border_r": 0,
    "border_g": 0,
    "border_b": 0,
    "border_a": 0
   },
   "init_eqs_str": " ",
   "frame_eqs_str": "a['x']=((Math.sin(a['time'])*0.3)+0.5);"
  },
  {
   "baseVals": {
    "enabled": 1,
    "sides": 3,
    "x": 0.72,
    "y": 0.48,
    "rad": 0.649259,
    "ang": 4.461063,
    "r": 0,
    "g2": 0,
    "a2": 0.8,
    "border_r": 0,
    "border_g": 0,
    "border_b": 0,
    "border_a": 0
   },
   "init_eqs_str": "a['f'] = 0; ",
   "frame_eqs_str": "a['x']=((Math.sin(a['time'])*0.3)+0.72); a['f']=(above(a['treb'], 1.3)+(a['f']*0.9)); (a['a']+a['f']) a['a2']=(a['f']*0.01); a['x']=(a['x']+(a['f']*0.02));"
  },
  {
   "baseVals": {
    "enabled": 1,
    "sides": 100,
    "x": 0.36,
    "y": 0.56,
    "rad": 0.030299,
    "tex_zoom": 2.809486,
    "r": 0,
    "g2": 0,
    "border_b": 0,
    "border_a": 0.010001
   },
   "init_eqs_str": "a['f'] = 0; a['x']=((Math.sin(a['time'])*0.2)+0.6);",
   "frame_eqs_str": "a['x']=((Math.sin(a['time'])*0.3)+0.55); a['f']=((Math.cos((a['time']*6))*0.5)+0.5); a['a']=(1-a['f']);"
  }
 ],
 "waves": [
  {
   "baseVals": {
    "enabled": 0
   }
  },
  {
   "baseVals": {
    "enabled": 1,
    "thick": 1,
    "additive": 1,
    "scaling": 16.349691,
    "smoothing": 0,
    "r": 0,
    "g": 0
   },
   "init_eqs_str": "a['t2'] = 0; a['t1'] = 0; ",
   "frame_eqs_str": "a['t1']=(0.5+(0.3*Math.sin((a['time']*0.34345)))); a['t2']=(0.5+(0.3*Math.sin((a['time']*0.4323245))));",
   "point_eqs_str": "a['x']=(a['t2']+(0.05*Math.sin((-1+(a['sample']*2))))); a['y']=(a['t1']+(0.1*Math.cos((-1+(a['sample']*2))))); a['y']=((Math.abs(above((a['sample']*2), 1.999))>0.00001)?((a['t1']-(a['sample']*0.02))):(((Math.abs(below((a['sample']*2), 0.02))>0.00001)?((a['t1']-(a['sample']*2.4))):(a['y'])))); a['x']=((Math.abs(equal(mod(a['frame'],4), 1))>0.00001)?(((a['t2']-0.042)+(a['sample']*0.085))):(a['x'])); a['y']=((Math.abs(equal(mod(a['frame'],4), 1))>0.00001)?(((Math.abs(below(a['sample'], 0.02))>0.00001)?((a['t1']-0.02)):(((Math.abs(above(a['sample'], 0.99))>0.00001)?((a['t1']-0.02)):(((a['t1']-0.02)+a['value1'])))))):(a['y'])); a['x']=((Math.abs(equal(mod(a['frame'],4), 2))>0.00001)?(((a['t2']-0.015)+(0.008*Math.sin((-1+(a['sample']*7)))))):(a['x'])); a['y']=((Math.abs(equal(mod(a['frame'],4), 2))>0.00001)?(((a['t1']+0.055)+(0.01*Math.cos((-1+(a['sample']*7)))))):(a['y'])); a['x']=((Math.abs(equal(mod(a['frame'],4), 3))>0.00001)?(((a['t2']+0.015)+(0.008*Math.sin((-1+(a['sample']*7)))))):(a['x'])); a['y']=((Math.abs(equal(mod(a['frame'],4), 3))>0.00001)?(((a['t1']+0.055)+(0.01*Math.cos((-1+(a['sample']*7)))))):(a['y']));"
  },
  {
   "baseVals": {
    "enabled": 1,
    "thick": 1,
    "additive": 1,
    "scaling": 10.892522,
    "smoothing": 0,
    "r": 0,
    "g": 0
   },
   "init_eqs_str": "a['t2'] = 0; a['t1'] = 0; ",
   "frame_eqs_str": "a['t1']=(0.5+(0.3*Math.sin((a['time']*0.5345)))); a['t2']=(0.5+(0.3*Math.sin((a['time']*0.923245))));",
   "point_eqs_str": "a['x']=(a['t2']+(0.05*Math.sin((-1+(a['sample']*2))))); a['y']=(a['t1']+(0.1*Math.cos((-1+(a['sample']*2))))); a['y']=((Math.abs(above((a['sample']*2), 1.999))>0.00001)?((a['t1']-(a['sample']*0.02))):(((Math.abs(below((a['sample']*2), 0.02))>0.00001)?((a['t1']-(a['sample']*2.4))):(a['y'])))); a['x']=((Math.abs(equal(mod(a['frame'],4), 1))>0.00001)?(((a['t2']-0.042)+(a['sample']*0.085))):(a['x'])); a['y']=((Math.abs(equal(mod(a['frame'],4), 1))>0.00001)?(((Math.abs(below(a['sample'], 0.02))>0.00001)?((a['t1']-0.02)):(((Math.abs(above(a['sample'], 0.99))>0.00001)?((a['t1']-0.02)):(((a['t1']-0.02)+a['value1'])))))):(a['y'])); a['x']=((Math.abs(equal(mod(a['frame'],4), 2))>0.00001)?(((a['t2']-0.015)+(0.008*Math.sin((-1+(a['sample']*7)))))):(a['x'])); a['y']=((Math.abs(equal(mod(a['frame'],4), 2))>0.00001)?(((a['t1']+0.055)+(0.01*Math.cos((-1+(a['sample']*7)))))):(a['y'])); a['x']=((Math.abs(equal(mod(a['frame'],4), 3))>0.00001)?(((a['t2']+0.015)+(0.008*Math.sin((-1+(a['sample']*7)))))):(a['x'])); a['y']=((Math.abs(equal(mod(a['frame'],4), 3))>0.00001)?(((a['t1']+0.055)+(0.01*Math.cos((-1+(a['sample']*7)))))):(a['y']));"
  },
  {
   "baseVals": {
    "enabled": 1,
    "thick": 1,
    "additive": 1,
    "scaling": 13.668627,
    "smoothing": 0,
    "r": 0,
    "g": 0
   },
   "init_eqs_str": "a['t2'] = 0; a['t1'] = 0; ",
   "frame_eqs_str": "a['t1']=(0.5+(0.3*Math.sin((a['time']*0.7634345)))); a['t2']=(0.5+(0.3*Math.sin((a['time']*0.21323245))));",
   "point_eqs_str": "a['x']=(a['t2']+(0.05*Math.sin((-1+(a['sample']*2))))); a['y']=(a['t1']+(0.1*Math.cos((-1+(a['sample']*2))))); a['y']=((Math.abs(above((a['sample']*2), 1.999))>0.00001)?((a['t1']-(a['sample']*0.02))):(((Math.abs(below((a['sample']*2), 0.02))>0.00001)?((a['t1']-(a['sample']*2.4))):(a['y'])))); a['x']=((Math.abs(equal(mod(a['frame'],4), 1))>0.00001)?(((a['t2']-0.042)+(a['sample']*0.085))):(a['x'])); a['y']=((Math.abs(equal(mod(a['frame'],4), 1))>0.00001)?(((Math.abs(below(a['sample'], 0.02))>0.00001)?((a['t1']-0.02)):(((Math.abs(above(a['sample'], 0.99))>0.00001)?((a['t1']-0.02)):(((a['t1']-0.02)+a['value1'])))))):(a['y'])); a['x']=((Math.abs(equal(mod(a['frame'],4), 2))>0.00001)?(((a['t2']-0.015)+(0.008*Math.sin((-1+(a['sample']*7)))))):(a['x'])); a['y']=((Math.abs(equal(mod(a['frame'],4), 2))>0.00001)?(((a['t1']+0.055)+(0.01*Math.cos((-1+(a['sample']*7)))))):(a['y'])); a['x']=((Math.abs(equal(mod(a['frame'],4), 3))>0.00001)?(((a['t2']+0.015)+(0.008*Math.sin((-1+(a['sample']*7)))))):(a['x'])); a['y']=((Math.abs(equal(mod(a['frame'],4), 3))>0.00001)?(((a['t1']+0.055)+(0.01*Math.cos((-1+(a['sample']*7)))))):(a['y']));"
  }
 ],
 "init_eqs_str": "",
 "frame_eqs_str": "a['wave_a']=0; a['ob_size']=0; a['ib_size']=0; a['cx']=0; a['cy']=0; a['dx']=0; a['dy']=0; a['warp']=0; a['zoom']=1; a['sx']=1; a['sy']=1; a['decay']=0.85; a['dx']=0;",
 "pixel_eqs_str": "",
 "baseVals": {
  "rating": 4,
  "gammaadj": 1,
  "decay": 1,
  "echo_zoom": 0.612992,
  "echo_alpha": 1,
  "wave_mode": 4,
  "wave_thick": 1,
  "wave_brighten": 0,
  "darken": 1,
  "wave_a": 3.495609,
  "wave_scale": 0.01,
  "wave_smoothing": 0.9,
  "wave_mystery": 1,
  "modwavealphastart": 1,
  "modwavealphaend": 1.1,
  "warpanimspeed": 97.236603,
  "warpscale": 1.44772,
  "zoomexp": 1.008148,
  "zoom": 0.102237,
  "dx": 0.005,
  "warp": 14.275763,
  "sx": 0.359495,
  "sy": 100,
  "wave_r": 0,
  "wave_b": 0,
  "wave_y": 0,
  "ob_size": 0,
  "ib_size": 0,
  "ib_r": 0,
  "ib_g": 0,
  "ib_b": 0,
  "mv_x": 42.240021,
  "mv_y": 48,
  "mv_dx": 0.5,
  "mv_dy": 0.5,
  "mv_l": 5,
  "mv_r": 0.013716,
  "mv_g": 0.872347,
  "mv_b": 0.522466,
  "mv_a": 0
 },
 "warp": "",
 "comp": ""
}