{
 "shapes": [
  {
   "baseVals": {
    "enabled": 0
   }
  },
  {
   "baseVals": {
    "enabled": 1,
    "sides": 100,
    "thickoutline": 1,
    "x": 0.72,
    "y": 0.7,
    "rad": 0.022705,
    "ang": 3.895574,
    "g": 1,
    "r2": 1,
    "border_r": 0.2,
    "border_g": 0,
    "border_b": 0.2,
    "border_a": 0
   },
   "init_eqs_str": "a['f'] = 0; ",
   "frame_eqs_str": "a['f']=(1-a['f']); a['x']=((Math.abs(a['f'])>0.00001)?(((Math.sin(a['time'])*0.3)+0.5)):((((Math.sin((1-a['time']))*0.3)+(Math.cos((a['time']*0.2))*0.2))+0.2))); a['y']=((Math.abs(a['f'])>0.00001)?(0.7):(0.3)); a['rad']=((Math.abs(a['f'])>0.00001)?(0.582):(0.2)); a['r']=a['f']; a['g']=a['f']; a['b']=(1-a['f']); a['r2']=a['f']; a['g2']=a['f']; a['b2']=(1-a['f']); a['sides']=((Math.abs(a['f'])>0.00001)?(100):(5)); a['border_a']=((Math.abs(a['f'])>0.00001)?(0):(0.2));"
  },
  {
   "baseVals": {
    "enabled": 1,
    "sides": 3,
    "thickoutline": 1,
    "x": 0.78,
    "y": 0.68,
    "rad": 0.682377,
    "ang": 4.461063,
    "tex_ang": 2.261947,
    "tex_zoom": 2.905229,
    "r": 0,
    "r2": 0.3,
    "g2": 0.300001,
    "a2": 0.8,
    "border_r": 0,
    "border_g": 0,
    "border_b": 0,
    "border_a": 0
   },
   "init_eqs_str": "a['f'] = 0; ",
   "frame_eqs_str": "a['x']=((Math.sin(a['time'])*0.3)+0.72); a['f']=(above(a['treb'], 1.3)+(a['f']*0.9)); a['a2']=(a['f']*0.01); a['x']=(a['x']+(a['f']*0.02));"
  },
  {
   "baseVals": {
    "enabled": 1,
    "sides": 100,
    "thickoutline": 1,
    "y": 0.86,
    "r": 0,
    "g2": 0,
    "border_g": 0,
    "border_b": 0,
    "border_a": 0
   },
   "init_eqs_str": "a['z'] = 0; a['d'] = 0; a['f'] = 0; a['x']=((Math.sin(a['time'])*0.2)+0.6);",
   "frame_eqs_str": "a['z']=(1-a['z']); a['d']=(a['d']+1); a['d']=mod(a['d'],4); a['x']=((Math.abs(a['z'])>0.00001)?(((Math.sin(a['time'])*0.3)+0.55)):(((((Math.sin((1-a['time']))*0.3)+(Math.cos((a['time']*0.2))*0.2))+0.18)+(a['d']*0.022)))); a['y']=((Math.abs(a['z'])>0.00001)?(0.860):(0.32)); a['f']=((Math.cos((a['time']*6))*0.5)+0.5); a['a']=((Math.abs(a['z'])>0.00001)?((1-a['f'])):(1)); a['a2']=((Math.abs(a['z'])>0.00001)?(0):(1)); a['rad']=((Math.abs(a['z'])>0.00001)?(0.1):(((Math.sin(a['time'])*0.02)+0.015))); a['border_a']=(1-a['z']);"
  }
 ],
 "waves": [
  {
   "baseVals": {
    "enabled": 0
   }
  },
  {
   "baseVals": {
    "enabled": 0
   }
  },
  {
   "baseVals": {
    "enabled": 0
   }
  },
  {
   "baseVals": {
    "enabled": 0
   }
  }
 ],
 "init_eqs_str": "a['swaper'] = 0; a['swap'] = 0;",
 "frame_eqs_str": "a['wave_a']=0; a['cx']=0; a['cy']=0; a['dx']=0; a['dy']=0; a['warp']=0; a['zoom']=1; a['sx']=1; a['sy']=1; a['decay']=0.855; a['swaper']=((Math.sin((a['time']*0.2))*0.5)+0.5); a['swap']=above(a['swaper'], 0.5); a['echo_orient']=a['swap']; a['ib_g']=Math.cos(a['time']);",
 "pixel_eqs_str": "",
 "baseVals": {
  "rating": 5,
  "gammaadj": 1,
  "decay": 0.5,
  "echo_zoom": 0.912661,
  "echo_alpha": 1,
  "wave_mode": 2,
  "additivewave": 1,
  "wave_dots": 1,
  "wave_thick": 1,
  "wrap": 0,
  "wave_a": 3.823096,
  "wave_scale": 4.574824,
  "wave_smoothing": 0.9,
  "wave_mystery": -0.6,
  "modwavealphastart": 1,
  "modwavealphaend": 1.1,
  "warpanimspeed": 4.574824,
  "warpscale": 5.053452,
  "zoomexp": 21.254658,
  "fshader": 0.3,
  "zoom": 0.359495,
  "dx": 0.005,
  "warp": 0.05197,
  "sx": 1.001829,
  "sy": 100,
  "wave_r": 0,
  "wave_b": 0.46,
  "wave_y": 0,
  "ob_size": 0,
  "ob_a": 1,
  "ib_size": 0,
  "ib_r": 1,
  "ib_g": 0,
  "ib_b": 0,
  "ib_a": 1,
  "mv_x": 19.200043,
  "mv_y": 3.36,
  "mv_dx": 0.06,
  "mv_dy": 0.54,
  "mv_l": 5
 },
 "warp": "",
 "comp": ""
}