{
 "shapes": [
  {
   "baseVals": {
    "enabled": 1,
    "sides": 3,
    "additive": 1,
    "textured": 1,
    "rad": 0.517598,
    "ang": 0.753982,
    "tex_zoom": 0.023298,
    "r": 0,
    "g": 1,
    "b": 0.7,
    "a": 0,
    "b2": 1,
    "a2": 0.4,
    "border_r": 0,
    "border_a": 0.6
   },
   "init_eqs_str": " ",
   "frame_eqs_str": ""
  },
  {
   "baseVals": {
    "enabled": 1,
    "sides": 3,
    "textured": 1,
    "x": 0.969999,
    "y": 0.85,
    "rad": 2.588731,
    "border_g": 0.290001
   },
   "init_eqs_str": " ",
   "frame_eqs_str": ""
  },
  {
   "baseVals": {
    "enabled": 0
   }
  },
  {
   "baseVals": {
    "enabled": 1,
    "sides": 5,
    "thickoutline": 1,
    "x": 0.14,
    "y": 0.31,
    "tex_zoom": 0.027319,
    "r2": 0.2,
    "g2": 0
   },
   "init_eqs_str": " ",
   "frame_eqs_str": ""
  }
 ],
 "waves": [
  {
   "baseVals": {
    "enabled": 0
   }
  },
  {
   "baseVals": {
    "enabled": 0
   }
  },
  {
   "baseVals": {
    "enabled": 0
   }
  },
  {
   "baseVals": {
    "enabled": 0
   }
  }
 ],
 "init_eqs_str": "a['vol'] = 0; a['myeff'] = 0; a['rad'] = 0; a['x'] = 0; a['y'] = 0;",
 "frame_eqs_str": "a['wave_r']=div(randint(100),100); a['wave_g']=div(randint(100),100); a['wave_b']=div(randint(100),100); a['wave_x']=(((a['wave_x']+((Math.abs(above(a['wave_y'], 0.75))>0.00001)?((-0.1*Math.tan(a['time']))):((0.1*Math.tan(a['time'])))))-0.4)+(div(Math.cos(a['vol']),2)*a['myeff'])); a['wave_y']=(((a['wave_y']+((Math.abs(below(a['wave_x'], 0.75))>0.00001)?((-0.1*Math.tan(a['time']))):((0.1*Math.tan(a['time'])))))-0.4)+(div(Math.cos(a['vol']),2)*a['myeff'])); a['cx']=(a['cx']+(0.410*bitand((((0.60*Math.sin((0.374*a['time'])))+(0.40*Math.sin((0.294*a['time']))))+a['vol']),a['myeff']))); a['cy']=(a['cy']+(0.410*bitand((((0.60*Math.sin((0.393*a['time'])))+(0.40*Math.sin((0.223*a['time']))))+a['vol']),a['myeff']))); a['rot']=(a['rot']+(0.005*((0.60*Math.sin((0.281*a['time'])))+((0.40*Math.sin((0.839*a['time'])))*a['vol'])))); a['vol']=Math.max((((a['bass_att']+a['bass'])+a['treb'])+a['treb_att']), 1); a['myeff']=bitand((((a['cx']+((Math.abs(above(a['cy'], 0.75))>0.00001)?((0.1*Math.tan(a['time']))):((0.1*Math.tan(a['time'])))))+0.4)+div(Math.cos(a['vol']),2)),(((a['cy']+(0.40*Math.sin((8*a['mid']))))+0.25)+div(a['vol'],10))); a['dx']=(a['dx']+div(((0.085*pow(a['rad'], (a['x']*2)))*Math.sin(a['time'])),a['vol'])); a['dy']=(a['dy']+div(((0.085*pow(a['rad'], (a['y']*2)))*Math.cos(a['time'])),a['vol'])); a['sx']=(a['sx']+div(((0.0555*pow(a['rad'], (a['x']*2)))*Math.sin(a['time'])),a['vol'])); a['sy']=(a['sy']+div(((0.0777*pow(a['rad'], (a['y']*2)))*Math.sin(a['time'])),a['vol'])); a['monitor']=a['vol'];",
 "pixel_eqs_str": "a['zoom']=bitand((0.7+a['x']),(0.7+a['y'])); a['rot']=(((0.03*Math.sin((0.84*a['time'])))-(0.013*Math.cos((0.784*a['time']))))+(0.02*Math.sin((1-a['rad'])))); a['zoom']=(pow(a['rad'], 0.05)+0.050);",
 "baseVals": {
  "rating": 5,
  "gammaadj": 1.7,
  "decay": 0.99,
  "echo_zoom": 1,
  "echo_alpha": 0.5,
  "echo_orient": 3,
  "wave_mode": 3,
  "additivewave": 1,
  "wave_thick": 1,
  "brighten": 1,
  "solarize": 1,
  "wave_a": 1,
  "wave_scale": 0.610095,
  "wave_smoothing": 0.9,
  "modwavealphastart": 1,
  "modwavealphaend": 1,
  "zoomexp": 0.089997,
  "cx": 0,
  "cy": 0,
  "dx": 0.01,
  "warp": 0,
  "wave_r": 0.4,
  "wave_g": 0.4,
  "wave_b": 0.4,
  "ob_size": 0,
  "ob_r": 0.5,
  "ib_size": 0,
  "ib_r": 0,
  "ib_g": 0,
  "ib_b": 0.5,
  "mv_x": 5.599998,
  "mv_y": 1.800001,
  "mv_l": 5,
  "mv_r": 0,
  "mv_g": 0
 },
 "warp": "",
 "comp": ""
}