{
 "shapes": [
  {
   "baseVals": {
    "enabled": 0
   }
  },
  {
   "baseVals": {
    "enabled": 0
   }
  },
  {
   "baseVals": {
    "enabled": 0
   }
  },
  {
   "baseVals": {
    "enabled": 0
   }
  }
 ],
 "waves": [
  {
   "baseVals": {
    "enabled": 0
   }
  },
  {
   "baseVals": {
    "enabled": 0
   }
  },
  {
   "baseVals": {
    "enabled": 0
   }
  },
  {
   "baseVals": {
    "enabled": 0
   }
  }
 ],
 "init_eqs_str": "a['wave_beat'] = 0; a['wave_b1'] = 0; a['gamma'] = 0;",
 "frame_eqs_str": "a['wave_b1']=(a['wave_b1']+((Math.abs(above(a['bass_att'], 0))>0.00001)?(a['bass_att']):(-a['bass_att']))); a['wave_thick']=1; a['wave_r']=(a['wave_r']+((Math.sin((a['time']+a['bass_att']))*a['wave_b1'])*0.1)); a['wave_g']=(a['wave_g']+((Math.cos((a['time']+a['bass_att']))*a['wave_b1'])*0.1)); a['wave_b']=(a['wave_b']+(((1-Math.abs((a['wave_r']+a['wave_g'])))+a['wave_r'])-((Math.sin((a['time']+a['bass_att']))*a['wave_b1'])*0.1))); a['decay']=(a['decay']-(0.01*equal(mod(a['frame'],50), 0))); a['ob_r']=Math.sin((a['wave_r']+a['time'])); a['ob_g']=Math.cos((a['wave_g']+a['time'])); a['ob_b']=Math.sin((a['wave_b']-a['time'])); a['gamma']=2;",
 "pixel_eqs_str": "a['zoom']=(Math.sin((a['zoom']*1.4))-0.1); a['zoom']=(a['zoom']*1.2); a['wave_beat']=(a['bass_att']-a['mid_att']); a['dx']=(Math.sin((a['zoom']-(a['x']+a['wave_beat'])))*0.1); a['dy']=(Math.sin((a['zoom']-(a['y']+a['wave_beat'])))*0.1);",
 "baseVals": {
  "rating": 3,
  "gammaadj": 1,
  "decay": 0.975,
  "echo_zoom": 0.999996,
  "echo_orient": 2,
  "wave_mode": 4,
  "additivewave": 1,
  "wave_thick": 1,
  "darken_center": 1,
  "wave_a": 5.637931,
  "wave_scale": 1.074,
  "wave_smoothing": 0.63,
  "wave_mystery": 0.04,
  "modwavealphastart": 0.71,
  "modwavealphaend": 1.3,
  "warpscale": 1.331,
  "fshader": 1,
  "warp": 0.01,
  "wave_r": 0.65,
  "wave_g": 0.65,
  "wave_b": 0.65,
  "ob_size": 0.065,
  "ob_a": 0.58,
  "ib_size": 0.26,
  "mv_l": 0,
  "mv_a": 0
 },
 "warp": "",
 "comp": ""
}