{
 "shapes": [
  {
   "baseVals": {
    "enabled": 0
   }
  },
  {
   "baseVals": {
    "enabled": 0
   }
  },
  {
   "baseVals": {
    "enabled": 0
   }
  },
  {
   "baseVals": {
    "enabled": 0
   }
  }
 ],
 "waves": [
  {
   "baseVals": {
    "enabled": 1,
    "scaling": 0.671653,
    "a": 0.6
   },
   "init_eqs_str": " ",
   "frame_eqs_str": "",
   "point_eqs_str": ""
  },
  {
   "baseVals": {
    "enabled": 0
   }
  },
  {
   "baseVals": {
    "enabled": 0
   }
  },
  {
   "baseVals": {
    "enabled": 0
   }
  }
 ],
 "init_eqs_str": "a['wv_x'] = 0; a['wv_y'] = 0;",
 "frame_eqs_str": "a['wv_x']=((a['wv_x']+Math.sin((a['time']*((Math.abs(above(a['bass_att'], 0))>0.00001)?(a['bass_att']):(-a['bass_att'])))))+0.67); a['wv_y']=((a['wv_y']+Math.cos((a['time']*((Math.abs(above(a['bass_att'], 0))>0.00001)?(a['bass_att']):(-a['bass_att'])))))+0.87); a['wave_x']=((a['wave_x']*0.9)+(Math.sin(a['wv_x'])*0.1)); a['wave_y']=((a['wave_y']*0.9)+(Math.sin(a['wv_y'])*0.1)); a['wave_g']=(a['wave_g']+Math.sin((0.97+(a['time']*1.13)))); a['wave_r']=(a['wave_r']+Math.sin((0.77+(a['time']*1.23)))); a['wave_b']=(a['wave_b']+Math.sin((0.57+(a['time']*1.33)))); a['rot']=(a['rot']+((Math.abs(above(Math.sin(a['time']), 0))>0.00001)?(0.1):(-0.1)));",
 "pixel_eqs_str": "a['rot']=(a['rot']+((a['rad']+a['bass_att'])*0.1)); a['rot']=(sqrt((a['rad']-a['rot']))+a['rot']); a['rot']=sqr(((a['rot']+1)-(1+a['rad']))); a['zoom']=((a['zoom']*1.2)-sqrt(Math.sin((a['rad']*a['rot']))));",
 "baseVals": {
  "rating": 3,
  "gammaadj": 1.7,
  "decay": 0.965,
  "echo_zoom": 1.06152,
  "echo_orient": 3,
  "wave_mode": 2,
  "additivewave": 1,
  "wave_thick": 1,
  "modwavealphabyvolume": 1,
  "wave_brighten": 0,
  "darken_center": 1,
  "wave_a": 4.099998,
  "wave_scale": 0.312983,
  "wave_smoothing": 0.63,
  "modwavealphastart": 0.71,
  "modwavealphaend": 1.3,
  "warpscale": 1.331,
  "fshader": 1,
  "warp": 0.01,
  "wave_r": 0.65,
  "wave_g": 0.65,
  "wave_b": 0.65,
  "ob_size": 0.15,
  "ob_r": 0.41,
  "ib_size": 0.06,
  "ib_r": 0.35,
  "ib_g": 0.85,
  "ib_b": 0.35,
  "mv_x": 12.799999,
  "mv_l": 0.5,
  "mv_a": 0
 },
 "warp": "",
 "comp": ""
}