{
 "shapes": [
  {
   "baseVals": {
    "enabled": 0
   }
  },
  {
   "baseVals": {
    "enabled": 0
   }
  },
  {
   "baseVals": {
    "enabled": 0
   }
  },
  {
   "baseVals": {
    "enabled": 0
   }
  }
 ],
 "waves": [
  {
   "baseVals": {
    "enabled": 0
   }
  },
  {
   "baseVals": {
    "enabled": 0
   }
  },
  {
   "baseVals": {
    "enabled": 0
   }
  },
  {
   "baseVals": {
    "enabled": 0
   }
  }
 ],
 "init_eqs_str": "a['wave_myster'] = 0; a['decay']=0.5;",
 "frame_eqs_str": "a['wave_myster']=(a['bass_att']-1); a['mv_r']=(Math.sin((1.39+(a['time']*1.55)))*a['bass_att']); a['mv_g']=(Math.sin((1.59+(a['time']*1.75)))*a['bass_att']); a['mv_b']=(Math.sin((1.79+(a['time']*1.95)))*a['bass_att']); a['wave_r']=a['mv_g']; a['wave_b']=a['mv_r']; a['wave_g']=a['mv_b']; a['rot']=(a['rot']+((a['bass_att']-1)*0.2)); a['decay']=((Math.abs(mod(a['time'],20))>0.00001)?(0.99):(0.5));",
 "pixel_eqs_str": "a['dx']=(Math.sin(sqrt((sqr((a['x']*15))*15)))*0.01); a['dy']=(Math.sin(sqrt((sqr((a['y']*15))*15)))*0.01);",
 "baseVals": {
  "rating": 3,
  "gammaadj": 1.700001,
  "decay": 0.99,
  "echo_zoom": 1,
  "echo_alpha": 0.5,
  "echo_orient": 3,
  "wave_mode": 1,
  "additivewave": 1,
  "wave_thick": 1,
  "wave_brighten": 0,
  "wrap": 0,
  "wave_a": 2.256828,
  "wave_scale": 1.199241,
  "wave_smoothing": 0.63,
  "modwavealphastart": 0.71,
  "modwavealphaend": 1.3,
  "warpscale": 1.331,
  "fshader": 1,
  "warp": 0.01,
  "wave_r": 0.65,
  "wave_g": 0.65,
  "wave_b": 0.65,
  "ob_size": 0.1,
  "ob_r": 0.01,
  "ib_size": 0.26,
  "mv_x": 12.64,
  "mv_y": 12.84,
  "mv_l": 1,
  "mv_a": 0
 },
 "warp": "",
 "comp": ""
}