{
 "shapes": [
  {
   "baseVals": {
    "enabled": 0
   }
  },
  {
   "baseVals": {
    "enabled": 0
   }
  },
  {
   "baseVals": {
    "enabled": 0
   }
  },
  {
   "baseVals": {
    "enabled": 0
   }
  }
 ],
 "waves": [
  {
   "baseVals": {
    "enabled": 0
   }
  },
  {
   "baseVals": {
    "enabled": 0
   }
  },
  {
   "baseVals": {
    "enabled": 0
   }
  },
  {
   "baseVals": {
    "enabled": 0
   }
  }
 ],
 "init_eqs_str": "a['gamma'] = 0; a['q1'] = 0;",
 "frame_eqs_str": "a['gamma']=(0.5+a['bass_att']); a['q1']=(a['q1']+a['treb_att']); a['wave_r']=(a['wave_r']+Math.sin((a['time']+a['gamma']))); a['wave_g']=(a['wave_g']+Math.cos((a['time']-a['gamma']))); a['wave_b']=(1-(a['wave_r']+a['wave_g']));",
 "pixel_eqs_str": "a['zoom']=(a['zoom']+0.1); a['rot']=((a['rot']+(Math.sin((a['zoom']-a['bass_att']))*2))*0.1); a['rot']=(a['rot']+(Math.sin(((a['rot']-(a['ang']*5))+(a['rad']*5)))*0.3)); a['rot']=sqr(a['rot']);",
 "baseVals": {
  "rating": 3,
  "gammaadj": 1,
  "echo_zoom": 1,
  "echo_orient": 3,
  "wave_mode": 4,
  "additivewave": 1,
  "wave_thick": 1,
  "modwavealphabyvolume": 1,
  "wave_brighten": 0,
  "wrap": 0,
  "darken_center": 1,
  "wave_a": 4.099998,
  "wave_scale": 1.285751,
  "wave_smoothing": 0.63,
  "wave_mystery": 0.9,
  "modwavealphastart": 0.71,
  "modwavealphaend": 1.3,
  "warpscale": 1.331,
  "fshader": 0.5,
  "warp": 0.01,
  "wave_r": 0.65,
  "wave_g": 0.65,
  "wave_b": 0.65,
  "ob_size": 0.5,
  "ob_r": 0.01,
  "ib_size": 0.26,
  "mv_a": 0
 },
 "warp": "",
 "comp": ""
}