{
 "shapes": [
  {
   "baseVals": {
    "enabled": 0
   }
  },
  {
   "baseVals": {
    "enabled": 0
   }
  },
  {
   "baseVals": {
    "enabled": 0
   }
  },
  {
   "baseVals": {
    "enabled": 0
   }
  }
 ],
 "waves": [
  {
   "baseVals": {},
   "init_eqs_str": " ",
   "frame_eqs_str": "",
   "point_eqs_str": ""
  },
  {
   "baseVals": {},
   "init_eqs_str": " ",
   "frame_eqs_str": "",
   "point_eqs_str": ""
  },
  {
   "baseVals": {},
   "init_eqs_str": " ",
   "frame_eqs_str": "",
   "point_eqs_str": ""
  },
  {
   "baseVals": {},
   "init_eqs_str": " ",
   "frame_eqs_str": "",
   "point_eqs_str": ""
  }
 ],
 "init_eqs_str": "",
 "frame_eqs_str": "a['wave_r']=(a['wave_r']+(0.400*((0.60*Math.sin((0.933*a['time'])))+(0.40*Math.sin((1.045*a['time'])))))); a['wave_g']=(a['wave_g']+(0.400*((0.60*Math.sin((0.900*a['time'])))+(0.40*Math.sin((0.956*a['time'])))))); a['wave_b']=(a['wave_b']+(0.400*((0.60*Math.sin((0.910*a['time'])))+(0.40*Math.sin((0.920*a['time'])))))); a['zoom']=((a['zoom']*0.2)+(0.1*((0.60*Math.sin((0.339*a['time'])))-(0*Math.sin((0.276*a['time'])))))); a['rot']=(((0.3*Math.sin(a['bass']))+(0.4*a['rot']))+(0.030*((0.60*Math.sin((0.381*a['time'])))+(0.40*Math.sin((0.579*a['time'])))))); a['decay']=(a['decay']-(0.01*equal(mod(a['frame'],8), 0)));",
 "pixel_eqs_str": "a['rot']=(a['rot']+div(0.1,(a['rad']+0.1))); a['dx']=((2.5*a['dx'])+(0.08*Math.sin(a['ang'])));",
 "baseVals": {
  "rating": 3,
  "wave_mode": 5,
  "modwavealphabyvolume": 1,
  "brighten": 1,
  "wave_a": 2.6,
  "wave_scale": 4.658298,
  "wave_smoothing": 0.9,
  "wave_mystery": 0.4,
  "warpscale": 2.853,
  "zoomexp": 3.6,
  "zoom": 1.025,
  "rot": -0.24,
  "warp": 1.42,
  "wave_r": 0.6,
  "wave_g": 0.6,
  "wave_b": 0.6,
  "wave_y": 0.47,
  "mv_a": 0
 },
 "warp": "",
 "comp": ""
}