{
 "shapes": [
  {
   "baseVals": {
    "enabled": 0
   }
  },
  {
   "baseVals": {
    "enabled": 0
   }
  },
  {
   "baseVals": {
    "enabled": 0
   }
  },
  {
   "baseVals": {
    "enabled": 0
   }
  }
 ],
 "waves": [
  {
   "baseVals": {
    "enabled": 0
   }
  },
  {
   "baseVals": {
    "enabled": 0
   }
  },
  {
   "baseVals": {
    "enabled": 0
   }
  },
  {
   "baseVals": {
    "enabled": 0
   }
  }
 ],
 "init_eqs_str": "",
 "frame_eqs_str": "a['wave_r']=(0.5+div(Math.sin((a['time']*0.876)),2)); a['wave_b']=(0.5+div(Math.sin((a['time']*0.76)),2)); a['wave_g']=(0.2+div(Math.sin((a['time']*0.6)),10)); a['wave_mystery']=div(Math.sin((a['time']*0.3)),10);",
 "pixel_eqs_str": "a['zoom']=((Math.abs(above(a['rad'], 0.4))>0.00001)?((1.01+div(Math.sin(a['rad']),10))):(((0.95+div(Math.sin(a['rad']),10))-div(Math.sin((1-a['rad'])),10)))); a['rot']=((Math.abs(above(a['rad'], 0.4))>0.00001)?((div(Math.cos(((a['rad']*2)*a['rad'])),25)+div(Math.sin(pow(a['rad'], 5)),25))):((div(Math.cos((1-a['rad'])),25)+div(Math.sin(a['rad']),25))));",
 "baseVals": {
  "rating": 2,
  "decay": 0.96,
  "echo_zoom": 0.997,
  "echo_alpha": 0.5,
  "echo_orient": 1,
  "darken": 1,
  "wave_a": 0.321,
  "wave_scale": 100,
  "wave_smoothing": 0.45,
  "warpscale": 1.331,
  "fshader": 1,
  "zoom": 0.99951,
  "warp": 0.00909,
  "wave_r": 0.5,
  "wave_g": 0.5,
  "wave_b": 0.5,
  "ob_size": 0.5,
  "ob_r": 0.01,
  "ib_size": 0.26,
  "mv_a": 0
 },
 "warp": "",
 "comp": ""
}