{
 "shapes": [
  {
   "baseVals": {
    "enabled": 0
   }
  },
  {
   "baseVals": {
    "enabled": 0
   }
  },
  {
   "baseVals": {
    "enabled": 0
   }
  },
  {
   "baseVals": {
    "enabled": 0
   }
  }
 ],
 "waves": [
  {
   "baseVals": {
    "enabled": 0
   }
  },
  {
   "baseVals": {
    "enabled": 0
   }
  },
  {
   "baseVals": {
    "enabled": 0
   }
  },
  {
   "baseVals": {
    "enabled": 0
   }
  }
 ],
 "init_eqs_str": "a['bass_residual'] = 0; a['old_treb_flop'] = 0; a['bass_flop'] = 0; a['q1'] = 0; a['q5'] = 0; a['treb_flop'] = 0; a['bass_thresh'] = 0; a['old_bass_flop'] = 0; a['treb_thresh'] = 0; a['pulse'] = 0; a['bass_changed'] = 0; a['mid_thresh'] = 0; a['q4'] = 0; a['mid_changed'] = 0; a['entropy'] = 0; a['old_mid_flop'] = 0; a['mid_residual'] = 0; a['treb_residual'] = 0; a['chaos'] = 0; a['mid_flop'] = 0; a['q2'] = 0; a['treb_changed'] = 0; a['q3'] = 0; a['radix'] = 0;",
 "frame_eqs_str": "a['warp']=0; a['old_bass_flop']=a['bass_flop']; a['old_treb_flop']=a['treb_flop']; a['old_mid_flop']=a['mid_flop']; a['chaos']=(0.9+(0.1*Math.sin(a['pulse']))); a['entropy']=((Math.abs(bnot(a['entropy']))>0.00001)?(2):(((Math.abs(equal(a['pulse'], -20))>0.00001)?((1+Math.floor(randint(3)))):(a['entropy'])))); a['bass_thresh']=((above(a['bass_att'], a['bass_thresh'])*2)+((1-above(a['bass_att'], a['bass_thresh']))*(((a['bass_thresh']-1.3)*a['chaos'])+1.3))); a['bass_flop']=Math.abs((a['bass_flop']-equal(a['bass_thresh'], 2))); a['treb_thresh']=((above(a['treb_att'], a['treb_thresh'])*2)+((1-above(a['treb_att'], a['treb_thresh']))*(((a['treb_thresh']-1.3)*a['chaos'])+1.3))); a['treb_flop']=Math.abs((a['treb_flop']-equal(a['treb_thresh'], 2))); a['mid_thresh']=((above(a['mid_att'], a['mid_thresh'])*2)+((1-above(a['mid_att'], a['mid_thresh']))*(((a['mid_thresh']-1.3)*a['chaos'])+1.3))); a['mid_flop']=Math.abs((a['mid_flop']-equal(a['mid_thresh'], 2))); a['bass_changed']=bnot(equal(a['old_bass_flop'], a['bass_flop'])); a['mid_changed']=bnot(equal(a['old_mid_flop'], a['mid_flop'])); a['treb_changed']=bnot(equal(a['old_treb_flop'], a['treb_flop'])); a['bass_residual']=((a['bass_changed']*Math.sin((((a['pulse']*a['bass_thresh'])*0.1)*a['entropy'])))+(bnot(a['bass_changed'])*a['bass_residual'])); a['treb_residual']=((a['treb_changed']*Math.sin((((a['pulse']*a['treb_thresh'])*0.1)*a['entropy'])))+(bnot(a['treb_changed'])*a['treb_residual'])); a['mid_residual']=((a['mid_changed']*Math.sin((((a['pulse']*a['mid_thresh'])*0.1)*a['entropy'])))+(bnot(a['mid_changed'])*a['mid_residual'])); a['pulse']=((Math.abs(above(Math.abs(a['pulse']), 20))>0.00001)?(-20):(((a['pulse']+(0.2*bor((bor((a['bass_changed']*bnot(a['treb_changed'])), (a['treb_changed']*bnot(a['bass_changed'])))*bnot(a['mid_changed'])), a['mid_changed'])))+((((a['mid']+a['bass'])+a['treb'])*a['entropy'])*0.025)))); a['q1']=a['mid_residual']; a['q2']=a['bass_residual']; a['q3']=a['treb_residual']; a['q4']=Math.sin(a['pulse']); a['q5']=Math.sin(div(a['pulse'],2)); a['wave_r']=(a['wave_r']+(0.5*a['bass_residual'])); a['wave_r']=(a['wave_g']+(0.5*a['mid_residual'])); a['wave_r']=(a['wave_b']+(0.5*a['treb_residual'])); a['wave_mystery']=a['mid_residual']; a['ob_r']=((Math.abs(a['bass_flop'])>0.00001)?(a['treb_flop']):(a['wave_r'])); a['ob_b']=((Math.abs(a['treb_flop'])>0.00001)?(a['mid_flop']):(a['wave_b'])); a['ob_g']=((Math.abs(a['mid_flop'])>0.00001)?(a['bass_flop']):(a['wave_g'])); a['ob_a']=(0.03+(0.02*a['wave_r'])); a['ob_size']=(0.05+(0.04*a['treb_residual'])); a['ib_r']=((Math.abs(a['bass_flop'])>0.00001)?(a['ob_b']):(a['ob_g'])); a['ib_b']=((Math.abs(a['treb_flop'])>0.00001)?(a['ob_g']):(a['ob_r'])); a['ib_g']=((Math.abs(a['mid_flop'])>0.00001)?(a['ob_r']):(a['ob_b'])); a['ib_a']=(0.03+(0.02*a['wave_g'])); a['ib_size']=(0.05+(0.04*a['bass_residual']));",
 "pixel_eqs_str": "a['radix']=((Math.abs(above(a['q3'], 0))>0.00001)?(Math.min(a['x'], a['y'])):(Math.max(a['x'], a['y']))); a['radix']=((Math.abs(above(a['q2'], 0))>0.00001)?(Math.min(a['radix'], a['rad'])):(Math.max(a['radix'], a['rad']))); a['rot']=((Math.abs(above(a['q4'], 0))>0.00001)?(((a['rad']*0.2)*a['q5'])):(0)); a['zoom']=((Math.abs(above(a['q2'], 0))>0.00001)?(a['zoom']):(((Math.abs(above(a['q3'], 0))>0.00001)?((1+(a['q1']*0.05))):((1+(0.07*Math.cos(((a['radix']*10)*a['q1']))))))));",
 "baseVals": {
  "rating": 3,
  "wave_thick": 1,
  "modwavealphabyvolume": 1,
  "wave_brighten": 0,
  "wave_a": 0.007,
  "wave_scale": 1.766,
  "wave_smoothing": 0,
  "wave_mystery": -0.2,
  "modwavealphastart": 0,
  "modwavealphaend": 0,
  "warpscale": 1.772,
  "zoomexp": 1.96,
  "zoom": 0.9997,
  "warp": 0.513,
  "wave_r": 0,
  "wave_g": 0,
  "wave_b": 0,
  "ob_a": 0.58,
  "ib_size": 0.015,
  "ib_r": 0.55,
  "ib_g": 1,
  "ib_b": 0.5,
  "ib_a": 0.23,
  "mv_x": 0,
  "mv_y": 0,
  "mv_l": 0
 },
 "warp": "",
 "comp": ""
}