{
 "shapes": [
  {
   "baseVals": {
    "enabled": 1,
    "textured": 1,
    "rad": 1.36936,
    "tex_zoom": 0.28543,
    "r": 0.66,
    "g": 0.71,
    "b": 0.34,
    "g2": 0,
    "a2": 1,
    "border_a": 0
   },
   "init_eqs_str": "a['ope'] = 0; ",
   "frame_eqs_str": "a['ope']=(a['ope']+(0.3*Math.sin(((0.1*a['bass'])+a['time'])))); a['rad']=(0.44*a['ope']); a['ang']=(a['ang']-(0.08*Math.tan(Math.sin(((a['bass']+a['treb'])+div(a['time'],3)))))); a['r2']=(a['r']*a['rad']); a['g2']=(a['g']*a['rad']); a['b2']=(a['b']*a['rad']); a['x']=((1.1*a['x'])+(0.004*Math.tan(a['ope']))); a['y']=(a['y']-(0.002*Math.tan((0.7*a['ope']))));"
  },
  {
   "baseVals": {
    "enabled": 0
   }
  },
  {
   "baseVals": {
    "enabled": 0
   }
  },
  {
   "baseVals": {
    "enabled": 0
   }
  }
 ],
 "waves": [
  {
   "baseVals": {
    "enabled": 0
   }
  },
  {
   "baseVals": {
    "enabled": 0
   }
  },
  {
   "baseVals": {
    "enabled": 0
   }
  },
  {
   "baseVals": {
    "enabled": 1,
    "sep": 30,
    "usedots": 1,
    "thick": 1,
    "additive": 1,
    "scaling": 1.25486,
    "smoothing": 0,
    "g": 0.6,
    "b": 0,
    "a": 0.53
   },
   "init_eqs_str": " ",
   "frame_eqs_str": "",
   "point_eqs_str": "a['x']=(a['x']+(0.3*Math.sin(a['time']))); a['y']=(a['y']+(0.2*Math.sin(((a['bass']+a['treb'])+div(a['time'],3)))));"
  }
 ],
 "init_eqs_str": "a['q1'] = 0; a['q2'] = 0; a['d'] = 0; a['z'] = 0; a['decay']=0; a['d']=0;",
 "frame_eqs_str": "a['sx']=1; a['sy']=1; a['zoom']=1; a['monitor']=a['d']; a['decay']=1; a['z']=(above(a['treb'], 1.1)+(a['z']*0.975)); a['rot']=(Math.sin((a['z']*0.3))*0.025); a['zoom']=((Math.abs(above(a['bass'], 1.3))>0.00001)?(0.95):(1)); a['echo_zoom']=((Math.abs(above(a['bass'], 1.3))>0.00001)?(1):(0.95)); a['q1']=above(a['treb'], 1.3); a['q2']=above(a['mid'], 1.3); a['echo_alpha']=0.5; a['echo_orient']=3;",
 "pixel_eqs_str": "a['dx']=(a['dx']+((Math.abs(a['q1'])>0.00001)?((Math.sin((a['x']*48))*0.004)):(0))); a['dy']=(a['dy']+((Math.abs(a['q2'])>0.00001)?((Math.sin((a['y']*48))*0.004)):(0)));",
 "baseVals": {
  "rating": 3,
  "gammaadj": 1,
  "decay": 0.97,
  "wave_mode": 3,
  "additivewave": 1,
  "wave_thick": 1,
  "modwavealphabyvolume": 1,
  "wave_brighten": 0,
  "wave_a": 0.029,
  "wave_scale": 0.282,
  "wave_smoothing": 0.81,
  "wave_mystery": 1,
  "modwavealphastart": 0.6,
  "modwavealphaend": 1.2,
  "warpscale": 0.01,
  "zoomexp": 1.00815,
  "zoom": 1.0018,
  "warp": 0.01,
  "sx": 1.00183,
  "sy": 1.00815,
  "wave_r": 0.65,
  "wave_g": 0.65,
  "wave_b": 0.67,
  "ob_a": 1,
  "ib_size": 0,
  "ib_r": 0,
  "ib_g": 0,
  "ib_b": 0,
  "ib_a": 1,
  "mv_x": 11.52,
  "mv_y": 28.8,
  "mv_dx": 0.86,
  "mv_l": 0.2,
  "mv_b": 0,
  "mv_a": 0.5
 },
 "warp": "",
 "comp": ""
}