{
 "shapes": [
  {
   "baseVals": {
    "enabled": 1,
    "sides": 3,
    "thickoutline": 1,
    "textured": 1,
    "rad": 1.37482,
    "ang": 6.28319,
    "tex_ang": 1.5708,
    "tex_zoom": 0.36605,
    "g": 1,
    "b": 1,
    "r2": 1,
    "b2": 1,
    "border_g": 0,
    "border_a": 0
   },
   "init_eqs_str": "a['q1'] = 0; ",
   "frame_eqs_str": "a['ang']=a['q1'];"
  },
  {
   "baseVals": {
    "enabled": 0
   }
  },
  {
   "baseVals": {
    "enabled": 0
   }
  },
  {
   "baseVals": {
    "enabled": 0
   }
  }
 ],
 "waves": [
  {
   "baseVals": {
    "enabled": 0
   }
  },
  {
   "baseVals": {
    "enabled": 0
   }
  },
  {
   "baseVals": {
    "enabled": 0
   }
  },
  {
   "baseVals": {
    "enabled": 0
   }
  }
 ],
 "init_eqs_str": "a['pre_zoom'] = 0; a['q1'] = 0;",
 "frame_eqs_str": "a['warp']=0; a['wave_r']=(a['wave_r']+(a['bass']*0.3)); a['wave_g']=(a['wave_g']+(a['treb']*0.3)); a['wave_b']=(a['wave_b']+(a['mid']*0.3)); a['rot']=(a['rot']+(0.040*((0.60*Math.sin((0.381*a['time'])))+(0.40*Math.sin((0.579*a['time'])))))); a['zoom']=Math.max(0.98, Math.min((0.15+(0.8*a['bass_att'])), 1.75));",
 "pixel_eqs_str": "a['pre_zoom']=((a['zoom']-(((0.07*Math.acos(((a['y']*2)-1)))*Math.sin(((a['time']*1.2)*a['q1'])))*a['zoom']))-((0.07*Math.acos(((a['x']*2)-1)))*Math.sin(((a['time']*1.1)*a['q1'])))); a['zoom']=((Math.abs(above(Math.abs((a['zoom']-1)), 0.04))>0.00001)?(a['pre_zoom']):(0.99)); a['rot']=((Math.abs(above(Math.abs((a['zoom']-1)), 0.08))>0.00001)?((-0.4+(0.2*a['q1']))):(0));",
 "baseVals": {
  "rating": 3,
  "gammaadj": 1,
  "decay": 0.925,
  "echo_zoom": 1.007,
  "echo_orient": 3,
  "wave_mode": 2,
  "wave_thick": 1,
  "wave_brighten": 0,
  "wave_scale": 1.605,
  "wave_smoothing": 0.7,
  "warpanimspeed": 1.01,
  "warpscale": 1.01,
  "zoomexp": 13.39931,
  "zoom": 1.16096,
  "rot": 0.08,
  "warp": 1.01,
  "sx": 1.05101,
  "sy": 1.0303,
  "wave_r": 0.5,
  "wave_g": 0.5,
  "wave_b": 0.5,
  "ob_size": 0.025,
  "mv_a": 0
 },
 "warp": "",
 "comp": ""
}