{
 "shapes": [
  {
   "baseVals": {
    "enabled": 0
   }
  },
  {
   "baseVals": {
    "enabled": 0
   }
  },
  {
   "baseVals": {
    "enabled": 0
   }
  },
  {
   "baseVals": {
    "enabled": 0
   }
  }
 ],
 "waves": [
  {
   "baseVals": {
    "enabled": 1,
    "sep": 256,
    "usedots": 1,
    "thick": 1,
    "scaling": 1.02841
   },
   "init_eqs_str": "a['xp'] = 0; a['ab'] = 0; a['s'] = 0; a['yp'] = 0; a['t1'] = 0; a['advance'] = 0; a['gg'] = 0; a['zf'] = 0; a['zq'] = 0; a['zm'] = 0; a['x2'] = 0; a['t2'] = 0; a['l'] = 0; a['y2'] = 0; a['zp'] = 0; a['bb'] = 0; a['h'] = 0; a['rr'] = 0; a['zt'] = 0; a['cc'] = 0; ",
   "frame_eqs_str": "a['advance']=(a['advance']+(Math.abs(((a['bass']+a['treb'])+a['mid']))*0.01)); a['advance']=((Math.abs(above(a['advance'], 2))>0.00001)?(0):(a['advance'])); a['t1']=a['advance']; a['ab']=(a['ab']+(Math.abs(((a['bass']+a['treb'])+a['mid']))*0.001)); a['ab']=((Math.abs(above(a['ab'], 628))>0.00001)?(0):(a['ab'])); a['t2']=a['ab'];",
   "point_eqs_str": "a['s']=(a['sample']*6.28); a['xp']=(((Math.sin(a['s'])+Math.sin((a['s']*0.34)))+Math.sin((a['s']*24.3)))+Math.sin((a['s']*13.8))); a['xp']=(a['xp']*0.17); a['yp']=(((Math.cos(a['s'])+Math.sin((a['s']*0.24)))+Math.cos((a['s']*17.4)))+Math.sin((a['s']*37.7))); a['yp']=(a['yp']*0.17); a['zp']=(((Math.cos(a['s'])+Math.cos((a['s']*5.24)))+Math.cos((a['s']*47.4)))+Math.cos((a['s']*27.7))); a['zp']=(a['zp']*0.25); a['zp']=((a['zp']+1)-a['t1']); a['zp']=((Math.abs(below(a['zp'], 0))>0.00001)?((a['zp']+2)):(a['zp'])); a['zp']=(a['zp']*0.7); a['x2']=(Math.sin((a['time']*0.2))*0.125); a['y2']=(Math.cos((a['time']*0.2))*0.125); a['x']=((div(a['xp'],a['zp'])+0.5)+a['x2']); a['y']=((div(a['yp'],a['zp'])+0.5)+a['y2']); a['h']=((Math.sin(a['t2'])*0.5)+0.5); a['l']=(1-(a['zp']*0.5)); a['s']=(1-(a['zp']*0.5)); a['cc']=(6*a['h']); a['cc']=((Math.abs(below(a['cc'], 1))>0.00001)?(0):(((Math.abs(below(a['cc'], 2))>0.00001)?(1):(((Math.abs(below(a['cc'], 3))>0.00001)?(2):(((Math.abs(below(a['cc'], 4))>0.00001)?(3):(((Math.abs(below(a['cc'], 5))>0.00001)?(4):(5)))))))))); a['zf']=((6*a['h'])-a['cc']); a['zm']=a['l']; a['zp']=(a['l']*(1-a['s'])); a['zq']=(a['l']*(1-(a['s']*a['zf']))); a['zt']=(a['l']*(1-(a['s']*(1-a['zf'])))); a['rr']=((Math.abs(equal(a['cc'], 0))>0.00001)?(a['zm']):(((Math.abs(equal(a['cc'], 1))>0.00001)?(a['zq']):(((Math.abs(equal(a['cc'], 2))>0.00001)?(a['zp']):(((Math.abs(equal(a['cc'], 3))>0.00001)?(a['zp']):(((Math.abs(equal(a['cc'], 4))>0.00001)?(a['zt']):(a['zm'])))))))))); a['gg']=((Math.abs(equal(a['cc'], 0))>0.00001)?(a['zt']):(((Math.abs(equal(a['cc'], 1))>0.00001)?(a['zm']):(((Math.abs(equal(a['cc'], 2))>0.00001)?(a['zm']):(((Math.abs(equal(a['cc'], 3))>0.00001)?(a['zq']):(((Math.abs(equal(a['cc'], 4))>0.00001)?(a['zp']):(a['zp'])))))))))); a['bb']=((Math.abs(equal(a['cc'], 0))>0.00001)?(a['zp']):(((Math.abs(equal(a['cc'], 1))>0.00001)?(a['zp']):(((Math.abs(equal(a['cc'], 2))>0.00001)?(a['zt']):(((Math.abs(equal(a['cc'], 3))>0.00001)?(a['zm']):(((Math.abs(equal(a['cc'], 4))>0.00001)?(a['zm']):(a['zq'])))))))))); a['rr']=((Math.abs(equal(a['s'], 0))>0.00001)?(a['l']):(a['rr'])); a['gg']=((Math.abs(equal(a['s'], 0))>0.00001)?(a['l']):(a['gg'])); a['bb']=((Math.abs(equal(a['s'], 0))>0.00001)?(a['l']):(a['bb'])); a['r']=a['rr']; a['g']=a['gg']; a['b']=a['bb'];"
  },
  {
   "baseVals": {
    "enabled": 1,
    "sep": 256,
    "usedots": 1,
    "thick": 1,
    "scaling": 1.02841
   },
   "init_eqs_str": "a['xp'] = 0; a['ab'] = 0; a['s'] = 0; a['yp'] = 0; a['t1'] = 0; a['advance'] = 0; a['gg'] = 0; a['zf'] = 0; a['zq'] = 0; a['zm'] = 0; a['x2'] = 0; a['t2'] = 0; a['l'] = 0; a['y2'] = 0; a['zp'] = 0; a['bb'] = 0; a['h'] = 0; a['rr'] = 0; a['zt'] = 0; a['cc'] = 0; ",
   "frame_eqs_str": "a['advance']=(a['advance']+(Math.abs(((a['bass']+a['treb'])+a['mid']))*0.01)); a['advance']=((Math.abs(above(a['advance'], 2))>0.00001)?(0):(a['advance'])); a['t1']=a['advance']; a['ab']=(a['ab']+(Math.abs(((a['bass']+a['treb'])+a['mid']))*0.001)); a['ab']=((Math.abs(above(a['ab'], 628))>0.00001)?(0):(a['ab'])); a['t2']=a['ab'];",
   "point_eqs_str": "a['s']=(a['sample']*6.28); a['xp']=(((Math.cos(a['s'])+Math.sin((a['s']*0.34)))+Math.cos((a['s']*24.3)))+Math.cos((a['s']*13.8))); a['xp']=(a['xp']*0.17); a['yp']=(((Math.sin(a['s'])+Math.cos((a['s']*0.24)))+Math.sin((a['s']*17.4)))+Math.cos((a['s']*37.7))); a['yp']=(a['yp']*0.17); a['zp']=(((Math.sin(a['s'])+Math.sin((a['s']*5.24)))+Math.cos((a['s']*47.4)))+Math.cos((a['s']*27.7))); a['zp']=(a['zp']*0.25); a['zp']=((a['zp']+1)-a['t1']); a['zp']=((Math.abs(below(a['zp'], 0))>0.00001)?((a['zp']+2)):(a['zp'])); a['zp']=(a['zp']*0.7); a['x2']=(Math.sin((a['time']*0.2))*0.125); a['y2']=(Math.cos((a['time']*0.2))*0.125); a['x']=((div(a['xp'],a['zp'])+0.5)+a['x2']); a['y']=((div(a['yp'],a['zp'])+0.5)+a['y2']); a['h']=((Math.sin((a['t2']+0.1))*0.5)+0.5); a['l']=(1-(a['zp']*0.5)); a['s']=(1-(a['zp']*0.5)); a['cc']=(6*a['h']); a['cc']=((Math.abs(below(a['cc'], 1))>0.00001)?(0):(((Math.abs(below(a['cc'], 2))>0.00001)?(1):(((Math.abs(below(a['cc'], 3))>0.00001)?(2):(((Math.abs(below(a['cc'], 4))>0.00001)?(3):(((Math.abs(below(a['cc'], 5))>0.00001)?(4):(5)))))))))); a['zf']=((6*a['h'])-a['cc']); a['zm']=a['l']; a['zp']=(a['l']*(1-a['s'])); a['zq']=(a['l']*(1-(a['s']*a['zf']))); a['zt']=(a['l']*(1-(a['s']*(1-a['zf'])))); a['rr']=((Math.abs(equal(a['cc'], 0))>0.00001)?(a['zm']):(((Math.abs(equal(a['cc'], 1))>0.00001)?(a['zq']):(((Math.abs(equal(a['cc'], 2))>0.00001)?(a['zp']):(((Math.abs(equal(a['cc'], 3))>0.00001)?(a['zp']):(((Math.abs(equal(a['cc'], 4))>0.00001)?(a['zt']):(a['zm'])))))))))); a['gg']=((Math.abs(equal(a['cc'], 0))>0.00001)?(a['zt']):(((Math.abs(equal(a['cc'], 1))>0.00001)?(a['zm']):(((Math.abs(equal(a['cc'], 2))>0.00001)?(a['zm']):(((Math.abs(equal(a['cc'], 3))>0.00001)?(a['zq']):(((Math.abs(equal(a['cc'], 4))>0.00001)?(a['zp']):(a['zp'])))))))))); a['bb']=((Math.abs(equal(a['cc'], 0))>0.00001)?(a['zp']):(((Math.abs(equal(a['cc'], 1))>0.00001)?(a['zp']):(((Math.abs(equal(a['cc'], 2))>0.00001)?(a['zt']):(((Math.abs(equal(a['cc'], 3))>0.00001)?(a['zm']):(((Math.abs(equal(a['cc'], 4))>0.00001)?(a['zm']):(a['zq'])))))))))); a['rr']=((Math.abs(equal(a['s'], 0))>0.00001)?(a['l']):(a['rr'])); a['gg']=((Math.abs(equal(a['s'], 0))>0.00001)?(a['l']):(a['gg'])); a['bb']=((Math.abs(equal(a['s'], 0))>0.00001)?(a['l']):(a['bb'])); a['r']=a['rr']; a['g']=a['gg']; a['b']=a['bb'];"
  },
  {
   "baseVals": {
    "enabled": 1,
    "sep": 256,
    "usedots": 1,
    "thick": 1,
    "scaling": 1.02841
   },
   "init_eqs_str": "a['xp'] = 0; a['ab'] = 0; a['s'] = 0; a['yp'] = 0; a['t1'] = 0; a['advance'] = 0; a['gg'] = 0; a['zf'] = 0; a['zq'] = 0; a['zm'] = 0; a['x2'] = 0; a['t2'] = 0; a['l'] = 0; a['y2'] = 0; a['zp'] = 0; a['bb'] = 0; a['h'] = 0; a['rr'] = 0; a['zt'] = 0; a['cc'] = 0; ",
   "frame_eqs_str": "a['advance']=(a['advance']+(Math.abs(((a['bass']+a['treb'])+a['mid']))*0.01)); a['advance']=((Math.abs(above(a['advance'], 2))>0.00001)?(0):(a['advance'])); a['t1']=a['advance']; a['ab']=(a['ab']+(Math.abs(((a['bass']+a['treb'])+a['mid']))*0.001)); a['ab']=((Math.abs(above(a['ab'], 628))>0.00001)?(0):(a['ab'])); a['t2']=a['ab'];",
   "point_eqs_str": "a['s']=(a['sample']*6.28); a['xp']=(((Math.sin(a['s'])+Math.cos((a['s']*0.34)))+Math.sin((a['s']*24.3)))+Math.cos((a['s']*13.8))); a['xp']=(a['xp']*0.17); a['yp']=(((Math.sin(a['s'])+Math.sin((a['s']*0.24)))+Math.cos((a['s']*17.4)))+Math.cos((a['s']*37.7))); a['yp']=(a['yp']*0.17); a['zp']=(((Math.cos(a['s'])+Math.sin((a['s']*5.24)))+Math.cos((a['s']*47.4)))+Math.sin((a['s']*27.7))); a['zp']=(a['zp']*0.25); a['zp']=((a['zp']+1)-a['t1']); a['zp']=((Math.abs(below(a['zp'], 0))>0.00001)?((a['zp']+2)):(a['zp'])); a['zp']=(a['zp']*0.7); a['x2']=(Math.sin((a['time']*0.2))*0.125); a['y2']=(Math.cos((a['time']*0.2))*0.125); a['x']=((div(a['xp'],a['zp'])+0.5)+a['x2']); a['y']=((div(a['yp'],a['zp'])+0.5)+a['y2']); a['h']=((Math.sin((a['t2']+0.2))*0.5)+0.5); a['l']=(1-(a['zp']*0.5)); a['s']=(1-(a['zp']*0.5)); a['cc']=(6*a['h']); a['cc']=((Math.abs(below(a['cc'], 1))>0.00001)?(0):(((Math.abs(below(a['cc'], 2))>0.00001)?(1):(((Math.abs(below(a['cc'], 3))>0.00001)?(2):(((Math.abs(below(a['cc'], 4))>0.00001)?(3):(((Math.abs(below(a['cc'], 5))>0.00001)?(4):(5)))))))))); a['zf']=((6*a['h'])-a['cc']); a['zm']=a['l']; a['zp']=(a['l']*(1-a['s'])); a['zq']=(a['l']*(1-(a['s']*a['zf']))); a['zt']=(a['l']*(1-(a['s']*(1-a['zf'])))); a['rr']=((Math.abs(equal(a['cc'], 0))>0.00001)?(a['zm']):(((Math.abs(equal(a['cc'], 1))>0.00001)?(a['zq']):(((Math.abs(equal(a['cc'], 2))>0.00001)?(a['zp']):(((Math.abs(equal(a['cc'], 3))>0.00001)?(a['zp']):(((Math.abs(equal(a['cc'], 4))>0.00001)?(a['zt']):(a['zm'])))))))))); a['gg']=((Math.abs(equal(a['cc'], 0))>0.00001)?(a['zt']):(((Math.abs(equal(a['cc'], 1))>0.00001)?(a['zm']):(((Math.abs(equal(a['cc'], 2))>0.00001)?(a['zm']):(((Math.abs(equal(a['cc'], 3))>0.00001)?(a['zq']):(((Math.abs(equal(a['cc'], 4))>0.00001)?(a['zp']):(a['zp'])))))))))); a['bb']=((Math.abs(equal(a['cc'], 0))>0.00001)?(a['zp']):(((Math.abs(equal(a['cc'], 1))>0.00001)?(a['zp']):(((Math.abs(equal(a['cc'], 2))>0.00001)?(a['zt']):(((Math.abs(equal(a['cc'], 3))>0.00001)?(a['zm']):(((Math.abs(equal(a['cc'], 4))>0.00001)?(a['zm']):(a['zq'])))))))))); a['rr']=((Math.abs(equal(a['s'], 0))>0.00001)?(a['l']):(a['rr'])); a['gg']=((Math.abs(equal(a['s'], 0))>0.00001)?(a['l']):(a['gg'])); a['bb']=((Math.abs(equal(a['s'], 0))>0.00001)?(a['l']):(a['bb'])); a['r']=a['rr']; a['g']=a['gg']; a['b']=a['bb'];"
  },
  {
   "baseVals": {
    "enabled": 1,
    "sep": 256,
    "usedots": 1,
    "thick": 1,
    "scaling": 1.02841
   },
   "init_eqs_str": "a['xp'] = 0; a['ab'] = 0; a['s'] = 0; a['yp'] = 0; a['t1'] = 0; a['advance'] = 0; a['gg'] = 0; a['zf'] = 0; a['zq'] = 0; a['zm'] = 0; a['x2'] = 0; a['t2'] = 0; a['l'] = 0; a['y2'] = 0; a['zp'] = 0; a['bb'] = 0; a['h'] = 0; a['rr'] = 0; a['zt'] = 0; a['cc'] = 0; ",
   "frame_eqs_str": "a['advance']=(a['advance']+(Math.abs(((a['bass']+a['treb'])+a['mid']))*0.01)); a['advance']=((Math.abs(above(a['advance'], 2))>0.00001)?(0):(a['advance'])); a['t1']=a['advance']; a['ab']=(a['ab']+(Math.abs(((a['bass']+a['treb'])+a['mid']))*0.001)); a['ab']=((Math.abs(above(a['ab'], 628))>0.00001)?(0):(a['ab'])); a['t2']=a['ab'];",
   "point_eqs_str": "a['s']=(a['sample']*6.28); a['xp']=(((Math.sin(a['s'])+Math.sin((a['s']*0.34)))+Math.cos((a['s']*44.3)))+Math.sin((a['s']*13.8))); a['xp']=(a['xp']*0.17); a['yp']=(((Math.cos(a['s'])+Math.sin((a['s']*0.24)))+Math.sin((a['s']*17.4)))+Math.cos((a['s']*37.7))); a['yp']=(a['yp']*0.17); a['zp']=(((Math.sin(a['s'])+Math.sin((a['s']*5.24)))+Math.cos((a['s']*47.4)))+Math.cos((a['s']*27.1))); a['zp']=(a['zp']*0.25); a['zp']=((a['zp']+1)-a['t1']); a['zp']=((Math.abs(below(a['zp'], 0))>0.00001)?((a['zp']+2)):(a['zp'])); a['zp']=(a['zp']*0.7); a['x2']=(Math.sin((a['time']*0.2))*0.125); a['y2']=(Math.cos((a['time']*0.2))*0.125); a['x']=((div(a['xp'],a['zp'])+0.5)+a['x2']); a['y']=((div(a['yp'],a['zp'])+0.5)+a['y2']); a['h']=((Math.sin((a['t2']+0.3))*0.5)+0.5); a['l']=(1-(a['zp']*0.5)); a['s']=(1-(a['zp']*0.5)); a['cc']=(6*a['h']); a['cc']=((Math.abs(below(a['cc'], 1))>0.00001)?(0):(((Math.abs(below(a['cc'], 2))>0.00001)?(1):(((Math.abs(below(a['cc'], 3))>0.00001)?(2):(((Math.abs(below(a['cc'], 4))>0.00001)?(3):(((Math.abs(below(a['cc'], 5))>0.00001)?(4):(5)))))))))); a['zf']=((6*a['h'])-a['cc']); a['zm']=a['l']; a['zp']=(a['l']*(1-a['s'])); a['zq']=(a['l']*(1-(a['s']*a['zf']))); a['zt']=(a['l']*(1-(a['s']*(1-a['zf'])))); a['rr']=((Math.abs(equal(a['cc'], 0))>0.00001)?(a['zm']):(((Math.abs(equal(a['cc'], 1))>0.00001)?(a['zq']):(((Math.abs(equal(a['cc'], 2))>0.00001)?(a['zp']):(((Math.abs(equal(a['cc'], 3))>0.00001)?(a['zp']):(((Math.abs(equal(a['cc'], 4))>0.00001)?(a['zt']):(a['zm'])))))))))); a['gg']=((Math.abs(equal(a['cc'], 0))>0.00001)?(a['zt']):(((Math.abs(equal(a['cc'], 1))>0.00001)?(a['zm']):(((Math.abs(equal(a['cc'], 2))>0.00001)?(a['zm']):(((Math.abs(equal(a['cc'], 3))>0.00001)?(a['zq']):(((Math.abs(equal(a['cc'], 4))>0.00001)?(a['zp']):(a['zp'])))))))))); a['bb']=((Math.abs(equal(a['cc'], 0))>0.00001)?(a['zp']):(((Math.abs(equal(a['cc'], 1))>0.00001)?(a['zp']):(((Math.abs(equal(a['cc'], 2))>0.00001)?(a['zt']):(((Math.abs(equal(a['cc'], 3))>0.00001)?(a['zm']):(((Math.abs(equal(a['cc'], 4))>0.00001)?(a['zm']):(a['zq'])))))))))); a['rr']=((Math.abs(equal(a['s'], 0))>0.00001)?(a['l']):(a['rr'])); a['gg']=((Math.abs(equal(a['s'], 0))>0.00001)?(a['l']):(a['gg'])); a['bb']=((Math.abs(equal(a['s'], 0))>0.00001)?(a['l']):(a['bb'])); a['r']=a['rr']; a['g']=a['gg']; a['b']=a['bb'];"
  }
 ],
 "init_eqs_str": "",
 "frame_eqs_str": "a['warp']=0; a['wave_a']=0;",
 "pixel_eqs_str": "a['zoom']=(a['zoom']-0.5); a['dx']=(1.3+(0.3*Math.sin(a['time']))); a['dy']=(1.3+(0.3*Math.sin((a['time']*1.2))));",
 "baseVals": {
  "rating": 5,
  "gammaadj": 1,
  "decay": 0.5,
  "echo_zoom": 1,
  "echo_alpha": 0.4,
  "additivewave": 1,
  "wave_thick": 1,
  "wave_brighten": 0,
  "wave_a": 0.001,
  "wave_scale": 0.01,
  "wave_smoothing": 0.63,
  "wave_mystery": -1,
  "modwavealphastart": 0.71,
  "modwavealphaend": 1.3,
  "wave_r": 0,
  "wave_g": 0,
  "wave_b": 0,
  "wave_x": 0.01,
  "ob_size": 0.005,
  "ob_a": 1,
  "ib_size": 0,
  "ib_r": 0,
  "ib_g": 0,
  "ib_b": 0,
  "mv_x": 12.8,
  "mv_y": 48,
  "mv_l": 5,
  "mv_a": 0
 },
 "warp": "",
 "comp": ""
}