{
 "shapes": [
  {
   "baseVals": {
    "enabled": 0
   }
  },
  {
   "baseVals": {
    "enabled": 0
   }
  },
  {
   "baseVals": {
    "enabled": 0
   }
  },
  {
   "baseVals": {
    "enabled": 0
   }
  }
 ],
 "waves": [
  {
   "baseVals": {
    "enabled": 0
   }
  },
  {
   "baseVals": {
    "enabled": 0
   }
  },
  {
   "baseVals": {
    "enabled": 0
   }
  },
  {
   "baseVals": {
    "enabled": 0
   }
  }
 ],
 "init_eqs_str": "a['sim'] = 0;",
 "frame_eqs_str": "a['wave_y']=(a['wave_y']+(0.150*((0.60*Math.sin((1.742*a['bass'])))+(0.35*Math.sin((1.921*a['time'])))))); a['wave_x']=(a['wave_x']+(0.150*((0.60*Math.sin((2.111*a['time'])))+(0.35*Math.sin((1.111*a['time'])))))); a['wave_mystery']=((a['wave_mystery']+(0.05*Math.sin((5.1*a['time']))))+(0.04*Math.sin((4.5*a['time'])))); a['wave_r']=(a['wave_r']+(0.5*Math.sin((1.11*a['time'])))); a['wave_b']=(a['wave_b']+(0.5*Math.sin((1.3*a['time'])))); a['wave_g']=(a['wave_g']+(0.5*Math.sin((1.2*a['time'])))); a['dx']=(a['dx']+(0.01*Math.sin((5*a['time'])))); a['dy']=(a['dy']+(0.01*Math.sin((10*a['time'])))); a['zoom']=(a['zoom']-(0.05*Math.sin((0.2*a['mid'])))); a['rot']=(a['rot']+(0.005*Math.sin(a['bass']))); a['cx']=(a['cx']+(0.25*Math.sin((0.5*a['bass'])))); a['cy']=(a['cy']+(0.25*Math.cos((0.5*a['treb'])))); a['dx']=(a['dx']+(0.01*Math.sin((0.25*a['time'])))); a['dy']=(a['dy']+(0.01*Math.sin((0.25*a['time'])))); a['wave_mystery']=(a['wave_mystery']+(above(Math.sin(mod(a['frame'],3)), 0)*1));",
 "pixel_eqs_str": "a['sim']=(1.5*Math.sin((1.5*a['bass']))); a['zoom']=(a['zoom']-((Math.abs(above(a['sim'], 0.75))>0.00001)?(((1-a['rad'])*0.2)):(0)));",
 "baseVals": {
  "rating": 4,
  "gammaadj": 1.294,
  "decay": 0.93,
  "echo_zoom": 1.811,
  "wave_mode": 2,
  "wrap": 0,
  "wave_scale": 8.927,
  "wave_mystery": -0.28,
  "warpscale": 1.331,
  "zoomexp": 0.69972,
  "zoom": 0.99455,
  "warp": 0.01,
  "wave_r": 0.5,
  "wave_g": 0.5,
  "wave_b": 0.5,
  "ob_size": 0,
  "ob_r": 0.01,
  "ob_a": 1,
  "ib_size": 0,
  "ib_r": 0.4,
  "ib_g": 0.4,
  "ib_b": 0.6,
  "ib_a": 1,
  "mv_a": 0
 },
 "warp": "",
 "comp": ""
}