{
 "shapes": [
  {
   "baseVals": {
    "enabled": 1,
    "sides": 100,
    "rad": 0.49138,
    "r": 0,
    "g": 1,
    "b": 1,
    "a": 0,
    "g2": 0,
    "a2": 1,
    "border_a": 0
   },
   "init_eqs_str": "a['q4'] = 0; a['q5'] = 0; ",
   "frame_eqs_str": "a['x']=(0.5+a['q4']); a['y']=(0.5+a['q5']); a['r2']=Math.sin((a['time']*1.23)); a['g2']=Math.cos((a['time']*2.34)); a['b2']=Math.sin((a['time']*2.34));"
  },
  {
   "baseVals": {
    "enabled": 0
   }
  },
  {
   "baseVals": {
    "enabled": 1,
    "sides": 34,
    "textured": 1,
    "rad": 1.02614,
    "ang": 5.65487,
    "tex_zoom": 0.42,
    "g": 1,
    "b": 1,
    "r2": 1,
    "b2": 1,
    "border_a": 0
   },
   "init_eqs_str": "a['q4'] = 0; a['q5'] = 0; ",
   "frame_eqs_str": "a['x']=(0.5+a['q4']); a['y']=(0.5+a['q5']); a['tex_ang']=(((Math.cos(a['time'])*0.5)+0.5)*6.4);"
  },
  {
   "baseVals": {
    "enabled": 0
   }
  }
 ],
 "waves": [
  {
   "baseVals": {
    "enabled": 0
   }
  },
  {
   "baseVals": {
    "enabled": 0
   }
  },
  {
   "baseVals": {
    "enabled": 0
   }
  },
  {
   "baseVals": {
    "enabled": 0
   }
  }
 ],
 "init_eqs_str": "a['grid'] = 0; a['q1'] = 0; a['state'] = 0;",
 "frame_eqs_str": "a['warp']=0; a['state']=((Math.abs(above(a['bass_att'], 1.3))>0.00001)?(3):(((Math.abs(above(a['treb_att'], 1.3))>0.00001)?(2):(1)))); a['wave_b']=((Math.abs(equal(a['state'], 2))>0.00001)?((0.2+(0.2*Math.sin(a['time'])))):(((Math.abs(equal(a['state'], 3))>0.00001)?((0.9+(0.1*Math.sin(a['time'])))):((0.6+(0.08*Math.sin(a['time']))))))); a['wave_g']=((Math.abs(equal(a['state'], 2))>0.00001)?(0):(((Math.abs(equal(a['state'], 3))>0.00001)?(0):(0.49)))); a['wave_r']=((Math.abs(equal(a['state'], 2))>0.00001)?((0.9+(0.1*Math.sin((a['time']*0.888))))):(0)); a['zoom']=((Math.abs(above((a['bass_att']+a['treb']), 2))>0.00001)?((1+div(Math.sin((a['state']*1.3)),10))):((1-div(Math.sin((a['state']*1.5)),10)))); a['rot']=(a['rot']+((0.01*Math.sin(a['time']))*a['state'])); a['wave_mystery']=div(-a['time'],2); a['q1']=a['state'];",
 "pixel_eqs_str": "a['grid']=(mod(Math.abs(((a['x']*8)+div(a['time'],10))),2)+mod(Math.abs(((a['y']*8)+div(a['time'],10))),2)); a['zoom']=(1+((Math.abs(equal(a['grid'], a['q1']))>0.00001)?(div(Math.sin(a['y']),5)):(Math.cos(a['x'])))); a['rot']=((Math.abs(equal(a['grid'], a['q1']))>0.00001)?(div(Math.sin((1-a['ang'])),100)):(div(Math.cos((1-a['rad'])),100)));",
 "baseVals": {
  "rating": 0,
  "gammaadj": 1,
  "decay": 0.96,
  "echo_zoom": 0.997,
  "echo_orient": 1,
  "additivewave": 1,
  "wave_brighten": 0,
  "darken": 1,
  "wave_a": 0.001,
  "wave_scale": 0.01,
  "wave_smoothing": 0.63,
  "wave_mystery": -1,
  "modwavealphastart": 0.71,
  "modwavealphaend": 1.3,
  "zoomexp": 7.5239,
  "zoom": 1.0099,
  "cx": 0.47,
  "sx": 0.9901,
  "sy": 0.9901,
  "wave_r": 0.65,
  "wave_g": 0.65,
  "wave_b": 0.65,
  "mv_x": 6.4,
  "mv_y": 43.2,
  "mv_l": 1,
  "mv_g": 0.91,
  "mv_b": 0.71,
  "mv_a": 0
 },
 "warp": "",
 "comp": ""
}