{
 "shapes": [
  {
   "baseVals": {
    "enabled": 0
   }
  },
  {
   "baseVals": {
    "enabled": 0
   }
  },
  {
   "baseVals": {
    "enabled": 0
   }
  },
  {
   "baseVals": {
    "enabled": 0
   }
  }
 ],
 "waves": [
  {
   "baseVals": {
    "enabled": 0
   }
  },
  {
   "baseVals": {
    "enabled": 0
   }
  },
  {
   "baseVals": {
    "enabled": 0
   }
  },
  {
   "baseVals": {
    "enabled": 0
   }
  }
 ],
 "init_eqs_str": "",
 "frame_eqs_str": "a['warp']=0; a['wave_g']=((a['wave_g']+(0.400*Math.sin((a['time']*0.222))))+(a['treb']*0.100)); a['wave_b']=((a['wave_b']+(0.400*Math.sin((a['time']*0.777))))+a['rot']);",
 "pixel_eqs_str": "a['zoom']=(a['zoom']+(Math.cos(((a['rad']*10)*Math.sin((a['time']*0.666))))*0.07));",
 "baseVals": {
  "rating": 3,
  "gammaadj": 2.4,
  "decay": 0.96,
  "echo_zoom": 1.007,
  "echo_alpha": 0.5,
  "echo_orient": 3,
  "wave_mode": 2,
  "additivewave": 1,
  "wave_brighten": 0,
  "wave_a": 4.1,
  "wave_scale": 0.198,
  "wave_smoothing": 0.63,
  "wave_mystery": 0.2,
  "modwavealphastart": 0.71,
  "modwavealphaend": 1.3,
  "zoom": 1.01,
  "wave_g": 0.1,
  "wave_b": 0.1,
  "ob_size": 0.005,
  "ob_a": 1,
  "ib_size": 0.25,
  "ib_r": 0.5,
  "ib_g": 0.5,
  "ib_b": 0.5,
  "ib_a": 0.1,
  "mv_a": 0
 },
 "warp": "",
 "comp": ""
}