{
 "shapes": [
  {
   "baseVals": {
    "enabled": 0
   }
  },
  {
   "baseVals": {
    "enabled": 0
   }
  },
  {
   "baseVals": {
    "enabled": 0
   }
  },
  {
   "baseVals": {
    "enabled": 0
   }
  }
 ],
 "waves": [
  {
   "baseVals": {
    "enabled": 0
   }
  },
  {
   "baseVals": {
    "enabled": 0
   }
  },
  {
   "baseVals": {
    "enabled": 0
   }
  },
  {
   "baseVals": {
    "enabled": 0
   }
  }
 ],
 "init_eqs_str": "a['red_rand'] = 0; a['blue_rand'] = 0;",
 "frame_eqs_str": "a['dy']=(a['dy']-0.01); a['red_rand']=Math.floor(randint(100)); a['blue_rand']=Math.floor(randint(100)); a['wave_r']=((0.01*a['red_rand'])+(0.2*Math.sin((a['time']*1.311)))); a['wave_b']=((0.01*a['blue_rand'])-(0.2*Math.sin((a['time']*1.46)))); a['wave_g']=((1-(0.5*(a['wave_r']+a['wave_b'])))+(0.2*Math.cos((a['time']*0.789))));",
 "pixel_eqs_str": "",
 "baseVals": {
  "rating": 0,
  "gammaadj": 1.14,
  "decay": 1,
  "echo_zoom": 1.002,
  "echo_orient": 1,
  "wave_mode": 4,
  "wave_thick": 1,
  "wave_a": 1.577,
  "wave_scale": 0.01,
  "wave_smoothing": 0,
  "wave_mystery": -0.24,
  "modwavealphastart": 0.5,
  "modwavealphaend": 1,
  "warpanimspeed": 32.544,
  "warpscale": 9.738,
  "warp": 0.01,
  "wave_r": 0.5,
  "wave_g": 0.5,
  "wave_b": 0.5,
  "wave_y": 0,
  "ob_size": 0.005,
  "ob_r": 0.01,
  "ob_a": 0.6,
  "ib_size": 0.26,
  "mv_x": 16,
  "mv_y": 16.8,
  "mv_l": 0.15,
  "mv_g": 0,
  "mv_b": 0,
  "mv_a": 0
 },
 "warp": "",
 "comp": ""
}