{
 "shapes": [
  {
   "baseVals": {
    "enabled": 0
   }
  },
  {
   "baseVals": {
    "enabled": 1,
    "textured": 1,
    "y": 1.8
   },
   "init_eqs_str": " ",
   "frame_eqs_str": ""
  },
  {
   "baseVals": {
    "enabled": 0
   }
  },
  {
   "baseVals": {
    "enabled": 0
   }
  }
 ],
 "waves": [
  {
   "baseVals": {
    "enabled": 1,
    "thick": 1,
    "additive": 1,
    "r": 0.1,
    "g": 0.16,
    "a": 0.28
   },
   "init_eqs_str": "a['cang'] = 0; a['n'] = 0; a['yq'] = 0; a['xp'] = 0; a['fix'] = 0; a['yp'] = 0; a['t1'] = 0; a['q1'] = 0; a['cubesize'] = 0; a['xq'] = 0; a['sang'] = 0; a['zq'] = 0; a['ang'] = 0; a['tm'] = 0; a['zp'] = 0; a['q2'] = 0; ",
   "frame_eqs_str": "a['t1']=(a['q1']*0.25);",
   "point_eqs_str": "a['n']=(a['sample']*6.283); a['cubesize']=a['q2']; a['fix']=(div(1,a['cubesize'])*0.5); a['tm']=((a['q1']*4)+(a['sample']*4)); a['xp']=(((Math.sin(a['tm'])*Math.cos((a['tm']*3)))*0.5)+0.5); a['yp']=(((Math.sin((a['tm']*1.1))*Math.sin((a['tm']*4.1)))*0.5)+0.5); a['zp']=(((Math.sin((a['tm']*2.9))*Math.cos((a['tm']*1.77)))*0.5)+0.5); a['xp']=((div(Math.floor((a['xp']*a['cubesize'])),a['cubesize'])-0.5)+a['fix']); a['yp']=((div(Math.floor((a['yp']*a['cubesize'])),a['cubesize'])-0.5)+a['fix']); a['zp']=((div(Math.floor((a['zp']*a['cubesize'])),a['cubesize'])-0.5)+a['fix']); a['ang']=a['t1']; a['sang']=Math.sin(a['ang']); a['cang']=Math.cos(a['ang']); a['xq']=((a['xp']*a['sang'])+(a['zp']*a['cang'])); a['yq']=a['yp']; a['zq']=((a['xp']*a['cang'])-(a['zp']*a['sang'])); a['xp']=a['xq']; a['yp']=a['yq']; a['zp']=a['zq']; a['ang']=(a['t1']*0.75); a['sang']=Math.sin(a['ang']); a['cang']=Math.cos(a['ang']); a['xq']=a['xp']; a['yq']=((a['yp']*a['sang'])+(a['zp']*a['cang'])); a['zq']=((a['yp']*a['cang'])-(a['zp']*a['sang'])); a['xp']=a['xq']; a['yp']=a['yq']; a['zp']=a['zq']; a['zp']=(a['zp']+2); a['x']=(div(a['xp'],a['zp'])+0.5); a['y']=((div(a['yp'],a['zp'])*1.333)+0.5);"
  },
  {
   "baseVals": {
    "enabled": 1,
    "thick": 1,
    "additive": 1,
    "r": 0.1,
    "g": 0.16,
    "a": 0.28
   },
   "init_eqs_str": "a['cang'] = 0; a['n'] = 0; a['yq'] = 0; a['xp'] = 0; a['fix'] = 0; a['yp'] = 0; a['t1'] = 0; a['q1'] = 0; a['cubesize'] = 0; a['xq'] = 0; a['sang'] = 0; a['zq'] = 0; a['ang'] = 0; a['tm'] = 0; a['zp'] = 0; a['q2'] = 0; ",
   "frame_eqs_str": "a['t1']=(a['q1']*0.25);",
   "point_eqs_str": "a['n']=(a['sample']*6.283); a['cubesize']=a['q2']; a['fix']=(div(1,a['cubesize'])*0.5); a['tm']=((a['q1']*4)+(a['sample']*4)); a['xp']=(((Math.sin(a['tm'])*Math.cos((a['tm']*3)))*0.5)+0.5); a['yp']=(((Math.sin((a['tm']*1.1))*Math.sin((a['tm']*4.1)))*0.5)+0.5); a['zp']=(((Math.sin((a['tm']*2.9))*Math.cos((a['tm']*1.77)))*0.5)+0.5); a['xp']=((div(Math.floor((a['xp']*a['cubesize'])),a['cubesize'])-0.5)+a['fix']); a['yp']=((div(Math.floor((a['yp']*a['cubesize'])),a['cubesize'])-0.5)+a['fix']); a['zp']=((div(Math.floor((a['zp']*a['cubesize'])),a['cubesize'])-0.5)+a['fix']); a['ang']=a['t1']; a['sang']=Math.sin(a['ang']); a['cang']=Math.cos(a['ang']); a['xq']=((a['xp']*a['sang'])+(a['zp']*a['cang'])); a['yq']=a['yp']; a['zq']=((a['xp']*a['cang'])-(a['zp']*a['sang'])); a['xp']=a['xq']; a['yp']=a['yq']; a['zp']=a['zq']; a['ang']=(a['t1']*0.75); a['sang']=Math.sin(a['ang']); a['cang']=Math.cos(a['ang']); a['xq']=a['xp']; a['yq']=((a['yp']*a['sang'])+(a['zp']*a['cang'])); a['zq']=((a['yp']*a['cang'])-(a['zp']*a['sang'])); a['xp']=a['xq']; a['yp']=a['yq']; a['zp']=a['zq']; a['zp']=(a['zp']+2); a['x']=(div(-a['xp'],a['zp'])+0.5); a['y']=((div(a['yp'],a['zp'])*1.333)+0.5);"
  },
  {
   "baseVals": {
    "enabled": 1,
    "usedots": 1,
    "thick": 1,
    "r": 0,
    "g": 0,
    "b": 0,
    "a": 0.1
   },
   "init_eqs_str": "a['cang'] = 0; a['n'] = 0; a['yq'] = 0; a['xp'] = 0; a['fix'] = 0; a['yp'] = 0; a['t1'] = 0; a['q1'] = 0; a['cubesize'] = 0; a['xq'] = 0; a['sang'] = 0; a['zq'] = 0; a['ang'] = 0; a['zp'] = 0; a['q2'] = 0; ",
   "frame_eqs_str": "a['t1']=(a['q1']*0.25);",
   "point_eqs_str": "a['n']=(a['sample']*6.283); a['cubesize']=a['q2']; a['fix']=(div(1,a['cubesize'])*0.5); a['xp']=((div(Math.floor(randint(a['cubesize'])),a['cubesize'])-0.5)+a['fix']); a['yp']=((div(Math.floor(randint(a['cubesize'])),a['cubesize'])-0.5)+a['fix']); a['zp']=((div(Math.floor(randint(a['cubesize'])),a['cubesize'])-0.5)+a['fix']); a['ang']=a['t1']; a['sang']=Math.sin(a['ang']); a['cang']=Math.cos(a['ang']); a['xq']=((a['xp']*a['sang'])+(a['zp']*a['cang'])); a['yq']=a['yp']; a['zq']=((a['xp']*a['cang'])-(a['zp']*a['sang'])); a['xp']=a['xq']; a['yp']=a['yq']; a['zp']=a['zq']; a['ang']=(a['t1']*0.75); a['sang']=Math.sin(a['ang']); a['cang']=Math.cos(a['ang']); a['xq']=a['xp']; a['yq']=((a['yp']*a['sang'])+(a['zp']*a['cang'])); a['zq']=((a['yp']*a['cang'])-(a['zp']*a['sang'])); a['xp']=a['xq']; a['yp']=a['yq']; a['zp']=a['zq']; a['zp']=(a['zp']+2); a['x']=(div(a['xp'],a['zp'])+0.5); a['y']=((div(a['yp'],a['zp'])*1.333)+0.5);"
  },
  {
   "baseVals": {
    "enabled": 1,
    "usedots": 1,
    "thick": 1,
    "a": 0.1
   },
   "init_eqs_str": "a['cang'] = 0; a['n'] = 0; a['yq'] = 0; a['xp'] = 0; a['fix'] = 0; a['yp'] = 0; a['t1'] = 0; a['q1'] = 0; a['cubesize'] = 0; a['xq'] = 0; a['sang'] = 0; a['zq'] = 0; a['ang'] = 0; a['zp'] = 0; a['q2'] = 0; ",
   "frame_eqs_str": "a['t1']=(a['q1']*0.25);",
   "point_eqs_str": "a['n']=(a['sample']*6.283); a['cubesize']=a['q2']; a['fix']=(div(1,a['cubesize'])*0.5); a['xp']=((div(Math.floor(randint(a['cubesize'])),a['cubesize'])-0.5)+a['fix']); a['yp']=((div(Math.floor(randint(a['cubesize'])),a['cubesize'])-0.5)+a['fix']); a['zp']=((div(Math.floor(randint(a['cubesize'])),a['cubesize'])-0.5)+a['fix']); a['ang']=a['t1']; a['sang']=Math.sin(a['ang']); a['cang']=Math.cos(a['ang']); a['xq']=((a['xp']*a['sang'])+(a['zp']*a['cang'])); a['yq']=a['yp']; a['zq']=((a['xp']*a['cang'])-(a['zp']*a['sang'])); a['xp']=a['xq']; a['yp']=a['yq']; a['zp']=a['zq']; a['ang']=(a['t1']*0.75); a['sang']=Math.sin(a['ang']); a['cang']=Math.cos(a['ang']); a['xq']=a['xp']; a['yq']=((a['yp']*a['sang'])+(a['zp']*a['cang'])); a['zq']=((a['yp']*a['cang'])-(a['zp']*a['sang'])); a['xp']=a['xq']; a['yp']=a['yq']; a['zp']=a['zq']; a['zp']=(a['zp']+2); a['x']=(div(-a['xp'],a['zp'])+0.5); a['y']=((div(a['yp'],a['zp'])*1.333)+0.5);"
  }
 ],
 "init_eqs_str": "a['vol'] = 0; a['mtime'] = 0; a['q1'] = 0; a['q2'] = 0; a['w_x'] = 0; a['w'] = 0; a['xx'] = 0; a['mv_x']=64; a['mv_y']=48; a['nut']=0; a['stp']=0; a['stq']=0; a['rtp']=0; a['rtq']=0; a['wvr']=0; a['decay']=0; a['dcsp']=0;",
 "frame_eqs_str": "a['zoom']=1; a['monitor']=div(512,8); a['warp']=0; a['vol']=pow((((a['bass']+a['mid'])+a['treb'])*0.25), 2); a['mtime']=(a['mtime']+(a['vol']*0.1)); a['q1']=(a['mtime']*0.15); a['q2']=8; a['w_x']=div(mod(((40+(a['w_x']*40))+((((mod(a['frame'],2)*2)-1)*a['bass_att'])*8)),40),40); a['wave_x']=a['w_x']; a['dy']=(a['treb']*((Math.abs(bnot(mod(a['frame'],6)))>0.00001)?(0.031):(-0.0015))); a['mv_dy']=(a['mv_dy']-((a['dy']+0.001)*50)); a['w']=((Math.abs(above((a['bass']*a['bass_att']), 2.5))>0.00001)?(0.5):((0.8*a['w']))); a['wave_g']=(0.5+a['w']); a['wave_r']=(a['w']*0.5); a['wave_b']=(a['w']*0.5); a['xx']=(Math.abs(a['xx'])+((a['fps']-50)*0.01)); a['mv_x']=Math.max(2.560, a['xx']); a['ob_size']=(Math.max(0, (0.15-(((a['treb']+a['bass'])+a['mid'])*0.33)))*6);",
 "pixel_eqs_str": "",
 "baseVals": {
  "rating": 1,
  "gammaadj": 2.05,
  "decay": 0.995,
  "echo_zoom": 0.6716,
  "echo_alpha": 0.2,
  "echo_orient": 1,
  "wave_mode": 3,
  "wave_dots": 1,
  "modwavealphabyvolume": 1,
  "wave_brighten": 0,
  "invert": 1,
  "wave_a": 0.0766,
  "wave_scale": 0.026535,
  "wave_smoothing": 0.63,
  "wave_mystery": 1,
  "modwavealphastart": 0.2,
  "modwavealphaend": 0.5,
  "zoomexp": 100,
  "dx": 1,
  "warp": 47.115486,
  "wave_r": 0,
  "wave_g": 0.3,
  "wave_b": 0,
  "wave_y": 0.981,
  "ob_size": 0,
  "ob_r": 1,
  "ob_g": 1,
  "ob_b": 1,
  "ob_a": 1,
  "ib_size": 0,
  "ib_r": 1,
  "ib_g": 1,
  "ib_b": 1,
  "ib_a": 1,
  "mv_x": 2.56,
  "mv_y": 1.008,
  "mv_dx": 0.308,
  "mv_dy": -0.9499,
  "mv_l": 5,
  "mv_r": 0,
  "mv_g": 0,
  "mv_b": 0
 },
 "warp": "",
 "comp": ""
}