{
 "shapes": [
  {
   "baseVals": {
    "enabled": 1,
    "sides": 20,
    "bdrawback": 0,
    "x_wrap_mode": 0,
    "y_wrap_mode": 0,
    "tex_capture": 1,
    "tex_cx": 0.5,
    "tex_cy": 0.5,
    "rad": 0.336672,
    "r": 0,
    "a": 0.04,
    "g2": 0,
    "border_a": 0
   },
   "init_eqs_str": "a['q1'] = 0; a['q2'] = 0; ",
   "frame_eqs_str": "a['x']=a['q1']; a['y']=(1-a['q2']);"
  },
  {
   "baseVals": {
    "enabled": 1,
    "sides": 3,
    "bdrawback": 0,
    "x_wrap_mode": 0,
    "y_wrap_mode": 0,
    "textured": 1,
    "tex_capture": 1,
    "tex_cx": 0.5,
    "tex_cy": 0.5,
    "rad": 0.986088,
    "tex_ang": 1.256637,
    "tex_zoom": 0.011046,
    "g": 1,
    "a": 0,
    "r2": 1,
    "b2": 1,
    "a2": 0.85,
    "border_g": 0,
    "border_b": 0,
    "border_a": 1
   },
   "init_eqs_str": "a['q1'] = 0; a['q2'] = 0; a['q6'] = 0; a['q7'] = 0; a['flux'] = 0; ",
   "frame_eqs_str": "a['x']=a['q1']; a['y']=(1-a['q2']); a['ang']=((0.785398-(a['q6']*50))-(a['time']*8)); a['rad']=((Math.max((0.2-(a['q7']*0.1)), 0)*2)*a['rad']); a['flux']=Math.sin((a['time']*2.1)); a['flux']=(a['flux']*above(a['flux'], 0.95)); a['flux']=((a['flux']-0.95)*20); a['flux']=Math.max(a['flux'], 0); a['flux']=pow(a['flux'], 1.3); a['rad']=(a['rad']+(a['flux']*0.4));"
  },
  {
   "baseVals": {
    "enabled": 1,
    "sides": 3,
    "bdrawback": 0,
    "x_wrap_mode": 0,
    "y_wrap_mode": 0,
    "textured": 1,
    "tex_capture": 1,
    "tex_cx": 0.5,
    "tex_cy": 0.5,
    "rad": 0.542619,
    "tex_zoom": 12.374039,
    "g": 1,
    "b": 1,
    "r2": 1,
    "b2": 1,
    "a2": 1,
    "border_a": 1
   },
   "init_eqs_str": "a['q1'] = 0; a['q2'] = 0; a['q6'] = 0; a['q7'] = 0; a['flux'] = 0; ",
   "frame_eqs_str": "a['x']=a['q1']; a['y']=(1-a['q2']); a['ang']=((-0.261799-(a['q6']*50))-(a['time']*8)); a['rad']=((Math.max((0.2-(a['q7']*0.1)), 0)*2)*a['rad']); a['flux']=Math.sin((a['time']*2.1)); a['flux']=(a['flux']*above(a['flux'], 0.95)); a['flux']=((a['flux']-0.95)*20); a['flux']=Math.max(a['flux'], 0); a['flux']=pow(a['flux'], 1.3); a['rad']=(a['rad']+(a['flux']*0.4));"
  },
  {
   "baseVals": {
    "enabled": 1,
    "sides": 6,
    "bdrawback": 0,
    "thickoutline": 1,
    "x_wrap_mode": 0,
    "y_wrap_mode": 0,
    "textured": 1,
    "tex_capture": 1,
    "tex_cx": 0.5,
    "tex_cy": 0.5,
    "rad": 0.090529,
    "tex_zoom": 0.819542,
    "g": 1,
    "b": 1,
    "r2": 1,
    "b2": 1,
    "border_r": 0,
    "border_g": 0,
    "border_b": 0,
    "border_a": 0
   },
   "init_eqs_str": "a['q1'] = 0; a['q2'] = 0; a['q6'] = 0; a['q7'] = 0; a['flux'] = 0; ",
   "frame_eqs_str": "a['x']=a['q1']; a['y']=(1-a['q2']); a['ang']=(0.261799-(a['q6']*50)); a['rad']=(Math.max((0.2-(a['q7']*0.1)), 0)*0.7); a['tex_ang']=(a['time']*8); a['flux']=Math.sin((a['time']*2.1)); a['flux']=(a['flux']*above(a['flux'], 0.95)); a['flux']=((a['flux']-0.95)*20); a['flux']=Math.max(a['flux'], 0); a['flux']=pow(a['flux'], 1.3); a['rad']=(a['rad']+(a['flux']*0.2));"
  }
 ],
 "waves": [
  {
   "baseVals": {
    "enabled": 1,
    "spectrum": 1,
    "usedots": 1,
    "scaling": 1.074097,
    "smoothing": 0
   },
   "init_eqs_str": "a['aa'] = 0; a['vl'] = 0; a['it'] = 0; a['my'] = 0; a['mod'] = 0; a['mx'] = 0; a['sp'] = 0; a['bb'] = 0; a['cc'] = 0; ",
   "frame_eqs_str": "",
   "point_eqs_str": "a['it']=(a['time']*2); a['sp']=(a['sample']+(a['it']*0.1)); a['vl']=(1+(0.5*(a['treb_att']-0.7))); a['my']=(0.5+((0.2*Math.sin((a['time']*0.932)))*a['vl'])); a['mx']=(0.5+((0.2*Math.cos((a['time']*0.932)))*a['vl'])); a['mod']=div((a['value1']+a['value2']),2); a['y']=((0.5+(a['sample']*(a['my']-0.5)))+a['mod']); a['x']=((0.5+(a['sample']*(a['mx']-0.5)))+a['mod']); a['aa']=(0.6+(0.4*Math.sin((a['sp']*6.28)))); a['bb']=(a['aa']*(0.6+(0.4*Math.sin((a['sp']*6.28))))); a['cc']=(a['bb']*(0.6+(0.4*Math.sin((a['sp']*6.28))))); a['r']=a['aa']; a['b']=a['cc']; a['g']=a['bb'];"
  },
  {
   "baseVals": {
    "enabled": 1,
    "spectrum": 1,
    "usedots": 1,
    "scaling": 1.074097,
    "smoothing": 0
   },
   "init_eqs_str": "a['aa'] = 0; a['vl'] = 0; a['it'] = 0; a['my'] = 0; a['mod'] = 0; a['mx'] = 0; a['sp'] = 0; a['bb'] = 0; a['cc'] = 0; ",
   "frame_eqs_str": "",
   "point_eqs_str": "a['it']=(a['time']*2); a['sp']=(a['sample']+(a['it']*0.1)); a['vl']=(1+(0.5*(a['mid_att']-0.7))); a['my']=(0.5+((0.2*Math.sin((a['time']*0.654)))*a['vl'])); a['mx']=(0.5+((0.2*Math.cos((a['time']*0.654)))*a['vl'])); a['mod']=div((a['value1']+a['value2']),2); a['y']=((0.5+(a['sample']*(a['my']-0.5)))+a['mod']); a['x']=((0.5+(a['sample']*(a['mx']-0.5)))+a['mod']); a['aa']=(0.6+(0.4*Math.sin((a['sp']*6.28)))); a['bb']=(a['aa']*(0.6+(0.4*Math.sin((a['sp']*6.28))))); a['cc']=(a['bb']*(0.6+(0.4*Math.sin((a['sp']*6.28))))); a['b']=a['aa']; a['g']=a['bb']; a['r']=a['cc'];"
  },
  {
   "baseVals": {
    "enabled": 1,
    "spectrum": 1,
    "usedots": 1,
    "scaling": 1.074096,
    "smoothing": 0
   },
   "init_eqs_str": "a['aa'] = 0; a['vl'] = 0; a['it'] = 0; a['my'] = 0; a['mod'] = 0; a['mx'] = 0; a['sp'] = 0; a['bb'] = 0; a['cc'] = 0; ",
   "frame_eqs_str": "",
   "point_eqs_str": "a['it']=(a['time']*2); a['sp']=(a['sample']+(a['it']*0.1)); a['vl']=(1+(0.5*(a['bass_att']-0.7))); a['my']=(0.5+((0.2*Math.sin((a['time']*0.378)))*a['vl'])); a['mx']=(0.5+((0.2*Math.cos((a['time']*0.378)))*a['vl'])); a['mod']=div((a['value1']+a['value2']),2); a['y']=((0.5+(a['sample']*(a['my']-0.5)))+a['mod']); a['x']=((0.5+(a['sample']*(a['mx']-0.5)))+a['mod']); a['aa']=(0.6+(0.4*Math.sin((a['sp']*6.28)))); a['bb']=(a['aa']*(0.6+(0.4*Math.sin((a['sp']*6.28))))); a['cc']=(a['bb']*(0.6+(0.4*Math.sin((a['sp']*6.28))))); a['r']=a['aa']; a['b']=a['bb']; a['g']=a['cc'];"
  },
  {
   "baseVals": {
    "enabled": 0
   }
  }
 ],
 "init_eqs_str": "a['aa'] = 0; a['thresh'] = 0; a['it'] = 0; a['q5'] = 0; a['dy_r'] = 0; a['musictime'] = 0; a['q4'] = 0; a['dx_r'] = 0; a['tm'] = 0; a['vol'] = 0; a['bb'] = 0; a['cc'] = 0; a['mv_x']=64; a['mv_y']=48; a['nut']=0; a['stp']=0; a['stq']=0; a['rtp']=0; a['rtq']=0; a['wvr']=0; a['decay']=0; a['dcsp']=0;",
 "frame_eqs_str": "a['decay']=1; a['vol']=(((a['bass']+a['mid'])+a['treb'])*2); a['vol']=a['vol']; a['zoom']=1.000; a['musictime']=(a['musictime']+a['vol']); a['q4']=(Math.sin((a['musictime']*0.02))*0.3); a['q5']=(Math.sin((a['musictime']*0.01))*0.3); a['it']=(a['it']+0.05); a['wave_mystery']=a['it']; a['tm']=a['time']; a['aa']=(0.6+(0.4*Math.sin((a['tm']*6.28)))); a['bb']=(a['aa']*(0.6+(0.4*Math.sin((a['tm']*6.28))))); a['cc']=(a['bb']*(0.6+(0.4*Math.sin((a['tm']*6.28))))); a['wave_b']=a['aa']; a['wave_g']=a['bb']; a['wave_r']=a['cc']; a['wave_a']=0;",
 "pixel_eqs_str": "a['zoom']=(1-(0.03*(1-a['x']))); a['rot']=((Math.sin(((a['time']*0.07845)+Math.sin((a['time']*0.1))))*0.04)*((1+(Math.sin((a['time']*0.09784))*0.5))-a['x'])); a['thresh']=((above(a['bass_att'], a['thresh'])*2)+((1-above(a['bass_att'], a['thresh']))*(((a['thresh']-1.3)*0.96)+1.3))); a['dx_r']=(((equal(a['thresh'], 2)*0.015)*Math.sin((5*a['time'])))+((1-equal(a['thresh'], 2))*a['dx_r'])); a['dy_r']=(((equal(a['thresh'], 2)*0.015)*Math.sin((6*a['time'])))+((1-equal(a['thresh'], 2))*a['dy_r'])); a['zoom']=(a['zoom']-0.01); a['rot']=(a['rot']+(((5*above(a['x'], (0.45+(12*Math.sin((4*a['time']))))))*below(a['x'], (0.55+(12.35*Math.sin((3.01*a['time']))))))*Math.cos((a['time']*0.1)))); a['rot']=(a['rot']+(((5*below(a['y'], (0.45+(15*Math.cos((2.91*a['time']))))))*below(a['y'], (0.55+(15*Math.cos((2.9*a['time']))))))*Math.sin((a['time']*0.1)))); a['zoom']=(a['zoom']+((above(Math.sin(a['time']), 0.090)*0.02)*a['bass_att']));",
 "baseVals": {
  "rating": 3,
  "gammaadj": 2.4,
  "decay": 0.9495,
  "echo_zoom": 1.006596,
  "echo_alpha": 0.5,
  "echo_orient": 1,
  "wave_mode": 7,
  "wave_thick": 1,
  "wave_brighten": 0,
  "wave_a": 4.099998,
  "wave_scale": 1.074092,
  "wave_smoothing": 0,
  "modwavealphastart": 0.71,
  "modwavealphaend": 1.3,
  "warpscale": 1.331,
  "zoom": 0.999514,
  "warp": 0.01,
  "wave_r": 0.65,
  "wave_g": 0.65,
  "wave_b": 0.65,
  "ob_size": 0.02,
  "ob_a": 1,
  "ib_size": 0.02,
  "ib_r": 0.1,
  "ib_g": 0.1,
  "ib_b": 0.1,
  "ib_a": 1,
  "mv_x": 1.92,
  "mv_y": 19.679998,
  "mv_l": 1.5,
  "mv_r": 0.1,
  "mv_g": 0.1,
  "mv_a": 0.2
 },
 "warp": "",
 "comp": ""
}