{
 "shapes": [
  {
   "baseVals": {
    "enabled": 1,
    "sides": 3,
    "textured": 1,
    "rad": 0.662276,
    "tex_ang": 0.628319,
    "tex_zoom": 0.779768,
    "g": 1,
    "b": 1,
    "r2": 1,
    "b2": 1,
    "a2": 1,
    "border_a": 0
   },
   "init_eqs_str": " ",
   "frame_eqs_str": "a['ang']=((Math.floor(randint(1001))*0.001)*6.2832); a['tex_ang']=(a['tex_ang']+a['ang']); a['tex_zoom']=(div(1,a['rad'])*a['tex_zoom']);"
  },
  {
   "baseVals": {
    "enabled": 1,
    "sides": 3,
    "textured": 1,
    "rad": 0.662276,
    "tex_ang": 0.628319,
    "tex_zoom": 0.779768,
    "g": 1,
    "b": 1,
    "r2": 1,
    "b2": 1,
    "a2": 1,
    "border_a": 0
   },
   "init_eqs_str": " ",
   "frame_eqs_str": "a['ang']=((Math.floor(randint(1001))*0.001)*6.2832); a['tex_ang']=(a['tex_ang']+a['ang']); a['tex_zoom']=(div(1,a['rad'])*a['tex_zoom']);"
  },
  {
   "baseVals": {
    "enabled": 1,
    "sides": 100,
    "thickoutline": 1,
    "rad": 0.254793,
    "tex_zoom": 0.71291,
    "r": 0,
    "r2": 1,
    "b2": 1,
    "a2": 0.5,
    "border_a": 1
   },
   "init_eqs_str": "a['ti'] = 0; a['sw'] = 0; a['q5'] = 0; a['q7'] = 0; a['q8'] = 0; ",
   "frame_eqs_str": "a['ang']=((Math.floor(randint(1001))*0.001)*6.2832); a['tex_ang']=(a['tex_ang']+a['ang']); a['tex_zoom']=(div(1,a['rad'])*a['tex_zoom']); a['ti']=a['time']; a['ti']=a['time']; a['ti']=(a['time']-1); a['r2']=(0.5+(0.5*Math.sin((a['ti']*1.123)))); a['g2']=(0.5+(0.5*Math.sin((a['ti']*1.456)))); a['b2']=(0.5+(0.5*Math.sin((a['ti']*1.789)))); a['sw']=a['q5']; a['a2']=a['sw']; a['r2']=(a['r2']*a['sw']); a['g2']=(a['g2']*a['sw']); a['b2']=(a['b2']*a['sw']); a['r']=a['r2']; a['g']=a['g2']; a['b']=a['b2']; a['border_a']=a['a2']; a['a']=a['a2']; a['x']=a['q7']; a['y']=(1-a['q8']);"
  },
  {
   "baseVals": {
    "enabled": 1,
    "sides": 100,
    "thickoutline": 1,
    "rad": 0.190927,
    "tex_zoom": 0.71291,
    "r": 0,
    "g2": 0,
    "a2": 0.5,
    "border_a": 1
   },
   "init_eqs_str": "a['ti'] = 0; a['sw'] = 0; a['q5'] = 0; a['q7'] = 0; a['q8'] = 0; ",
   "frame_eqs_str": "a['ang']=((Math.floor(randint(1001))*0.001)*6.2832); a['tex_ang']=(a['tex_ang']+a['ang']); a['tex_zoom']=(div(1,a['rad'])*a['tex_zoom']); a['ti']=a['time']; a['ti']=a['time']; a['ti']=(a['time']-1); a['sw']=a['q5']; a['a2']=a['sw']; a['a']=a['sw']; a['border_a']=a['a2']; a['x']=a['q7']; a['y']=(1-a['q8']);"
  }
 ],
 "waves": [
  {
   "baseVals": {
    "enabled": 1,
    "usedots": 1,
    "thick": 1,
    "additive": 1,
    "scaling": 13.290763,
    "smoothing": 1,
    "a": 0.2
   },
   "init_eqs_str": "a['t1'] = 0; ",
   "frame_eqs_str": "",
   "point_eqs_str": "a['t1']=(a['t1']+a['bass']); a['x']=((Math.cos(a['t1'])*0.4)+0.5); a['y']=((Math.sin(a['t1'])*0.4)+0.5); a['x']=(a['x']+((Math.cos(a['t1'])*a['value1'])*0.3)); a['y']=(a['y']+((Math.sin(a['t1'])*a['value1'])*0.3)); a['t1']=(below(a['t1'], 6.28)*a['t1']); a['r']=(a['bass']*0.5); a['g']=(a['treb']*0.5);"
  },
  {
   "baseVals": {
    "enabled": 1,
    "usedots": 1,
    "thick": 1,
    "additive": 1,
    "scaling": 4.913809,
    "smoothing": 0,
    "g": 0.5,
    "b": 0.1,
    "a": 0.2
   },
   "init_eqs_str": "a['t1'] = 0; ",
   "frame_eqs_str": "",
   "point_eqs_str": "a['t1']=(a['t1']+a['bass']); a['x']=((Math.cos(a['t1'])*0.4)+0.5); a['y']=((Math.sin(a['t1'])*0.4)+0.5); a['x']=(a['x']+((Math.cos(a['t1'])*a['value1'])*0.3)); a['y']=(a['y']+((Math.sin(a['t1'])*a['value1'])*0.3)); a['t1']=(below(a['t1'], 6.28)*a['t1']);"
  },
  {
   "baseVals": {
    "enabled": 1,
    "usedots": 1
   },
   "init_eqs_str": " ",
   "frame_eqs_str": "",
   "point_eqs_str": "a['x']=(Math.floor(randint(100))*0.01); a['y']=(Math.floor(randint(100))*0.01); a['a']=(Math.floor(randint(40))*0.01);"
  },
  {
   "baseVals": {
    "enabled": 1,
    "samples": 100,
    "additive": 1,
    "r": 0.7,
    "g": 0.8,
    "a": 0.01
   },
   "init_eqs_str": "a['q3'] = 0; ",
   "frame_eqs_str": "a['a']=((above(a['treb'], 1.3)*a['treb'])*0.02); a['a']=(a['a']+((above(a['bass'], 1.3)*a['bass'])*0.02));",
   "point_eqs_str": "a['q3']=bnot(a['q3']); a['x']=(0.5+((equal(a['q3'], 0)*(Math.floor(randint(50))-25))*0.02)); a['y']=(0.5+((equal(a['q3'], 0)*(Math.floor(randint(50))-25))*0.02));"
  }
 ],
 "init_eqs_str": "a['tic'] = 0; a['vt'] = 0; a['meanbass_att'] = 0; a['q6'] = 0; a['tim'] = 0; a['bt'] = 0; a['q1'] = 0; a['q5'] = 0; a['mid_avg'] = 0; a['dis'] = 0; a['tt'] = 0; a['my'] = 0; a['tin'] = 0; a['lastbeat'] = 0; a['beatrate'] = 0; a['bass_avg'] = 0; a['peakbass_att'] = 0; a['vav'] = 0; a['an'] = 0; a['mox'] = 0; a['mt'] = 0; a['ra'] = 0; a['mx'] = 0; a['treb_avg'] = 0; a['volume'] = 0; a['beat'] = 0; a['q2'] = 0; a['moy'] = 0; a['q3'] = 0; a['q7'] = 0; a['q8'] = 0;",
 "frame_eqs_str": "a['volume']=(0.3*(a['bass']+a['mid'])); a['beatrate']=(equal(a['beatrate'], 0)+((1-equal(a['beatrate'], 0))*(below(a['volume'], 0.01)+((1-below(a['volume'], 0.01))*a['beatrate'])))); a['lastbeat']=(a['lastbeat']+(equal(a['lastbeat'], 0)*a['time'])); a['meanbass_att']=(0.05*((a['meanbass_att']*19)+a['bass_att'])); a['peakbass_att']=Math.max(a['bass_att'], a['peakbass_att']); a['beat']=((above(a['volume'], 0.8)*below((a['peakbass_att']-a['bass_att']), (0.05*a['peakbass_att'])))*above((a['time']-a['lastbeat']), (0.1+(0.5*(a['beatrate']-0.1))))); a['beatrate']=Math.max(((Math.abs(a['beat'])>0.00001)?(((Math.abs(below((a['time']-a['lastbeat']), (2*a['beatrate'])))>0.00001)?((0.1*(((a['beatrate']*9)+a['time'])-a['lastbeat']))):(a['beatrate']))):(a['beatrate'])), 0.1); a['peakbass_att']=((a['beat']*a['bass_att'])+(((1-a['beat'])*a['peakbass_att'])*((above((a['time']-a['lastbeat']), (2*a['beatrate']))*0.96)+((1-above((a['time']-a['lastbeat']), (2*a['beatrate'])))*0.996)))); a['lastbeat']=((a['beat']*a['time'])+((1-a['beat'])*a['lastbeat'])); a['peakbass_att']=Math.max(a['peakbass_att'], (1.1*a['meanbass_att'])); a['tim']=((Math.abs(a['beat'])>0.00001)?(a['time']):(a['tim'])); a['q5']=below((a['time']-a['tim']), 0.1); a['warp']=0; a['tic']=Math.min((a['time']-a['tin']), 0.1); a['tin']=a['time']; a['ra']=(div(1,a['tic'])*0.25); a['treb_avg']=(a['tic']*((a['treb_avg']*(div(1,a['tic'])-a['ra']))+(a['ra']*a['treb']))); a['mid_avg']=(a['tic']*((a['mid_avg']*(div(1,a['tic'])-a['ra']))+(a['ra']*a['mid']))); a['bass_avg']=(a['tic']*((a['bass_avg']*(div(1,a['tic'])-a['ra']))+(a['ra']*a['bass']))); a['vav']=(a['tic']*((a['vav']*(div(1,a['tic'])-a['ra']))+((a['ra']*((a['bass']+a['treb'])+a['mid']))*0.33333))); a['tt']=(a['tt']+(a['tic']*a['treb'])); a['mt']=(a['mt']+(a['tic']*a['mid'])); a['bt']=(a['bt']+(a['tic']*a['bass'])); a['vt']=(a['vt']+(a['tic']*a['vav'])); a['q1']=a['treb_avg']; a['q2']=a['mid_avg']; a['q3']=a['bass_avg']; a['monitor']=a['q5']; a['mx']=((Math.abs(a['beat'])>0.00001)?((((Math.floor(randint(1001))*0.001)*0.5)+((Math.floor(randint(1001))*0.001)*0.5))):(a['mx'])); a['my']=((Math.abs(a['beat'])>0.00001)?((((Math.floor(randint(1001))*0.001)*0.5)+((Math.floor(randint(1001))*0.001)*0.5))):(a['my'])); a['cx']=a['mx']; a['cy']=a['my']; a['mox']=(a['mx']-0.5); a['moy']=(a['my']-0.5); a['an']=(Math.atan(div(a['moy'],a['mox']))+((Math.abs(above(a['mox'], 0))>0.00001)?((above(a['moy'], 0)*6.2832)):(3.1416))); a['dis']=pow(((a['mox']*a['mox'])+(a['moy']*a['moy'])), 0.5); a['dis']=Math.max(0.17, a['dis']); a['q7']=(0.5+(a['dis']*Math.cos(a['an']))); a['q8']=(0.5+(a['dis']*Math.sin(a['an']))); a['warp']=(a['bass']*0.2); a['warp']=(a['warp']+((above(a['bass'], 1)*a['bass'])*0.2)); a['echo_alpha']=(above(a['bass'], a['q1'])*0.5); a['q6']=(a['q6']+((above(a['bass'], 1.3)*Math.sin(a['time']))*0.02)); a['rot']=(a['rot']+a['q6']); a['zoom']=(a['zoom']+((above(a['bass'], 1.3)*a['bass'])*0.03)); a['sy']=(a['sy']+(((above(a['treb_att'], 1.2)*a['treb_att'])*0.002)*Math.sin(a['time']))); a['sx']=(a['sx']+(((above(a['treb_att'], 1.2)*a['treb_att'])*0.002)*Math.sin(a['time'])));",
 "pixel_eqs_str": "a['mx']=(a['x']-a['q7']); a['my']=(a['y']-a['q8']); a['an']=a['ang']; a['ra']=pow(((a['mx']*a['mx'])+(a['my']*a['my'])), 0.5); a['rot']=((((0.02*Math.sin((((a['ra']*6.2832)*2)-(a['time']*4))))*(a['mid']+a['treb']))*(a['mid']+a['treb']))*0.5);",
 "baseVals": {
  "rating": 3,
  "gammaadj": 1,
  "decay": 1,
  "echo_zoom": 0.999609,
  "echo_alpha": 0.5,
  "echo_orient": 1,
  "wave_mode": 7,
  "additivewave": 1,
  "modwavealphabyvolume": 1,
  "wave_brighten": 0,
  "darken": 1,
  "invert": 1,
  "wave_a": 0.001,
  "wave_scale": 1.285751,
  "wave_smoothing": 0.63,
  "modwavealphastart": 0.71,
  "modwavealphaend": 1.3,
  "warpscale": 1.331,
  "zoomexp": 1.488858,
  "zoom": 1.019604,
  "warp": 0.241456,
  "wave_r": 0.65,
  "wave_g": 0.65,
  "wave_b": 0.65,
  "ob_size": 0.005,
  "ob_a": 1,
  "ib_size": 0.26,
  "mv_a": 0
 },
 "warp": "",
 "comp": ""
}