{
 "shapes": [
  {
   "baseVals": {
    "enabled": 1,
    "bdrawback": 0,
    "x_wrap_mode": 0,
    "y_wrap_mode": 0,
    "textured": 1,
    "tex_capture": 1,
    "tex_cx": 0.5,
    "tex_cy": 0.5,
    "y": 1.8,
    "rad": 5.912372,
    "r": 0,
    "a": 0.1,
    "g2": 0,
    "border_a": 0
   },
   "init_eqs_str": " ",
   "frame_eqs_str": ""
  },
  {
   "baseVals": {
    "enabled": 1,
    "bdrawback": 0,
    "x_wrap_mode": 0,
    "y_wrap_mode": 0,
    "textured": 1,
    "tex_capture": 1,
    "tex_cx": 0.5,
    "tex_cy": 0.5,
    "rad": 1.468148,
    "tex_zoom": 100,
    "g": 1,
    "b": 1,
    "a": 0,
    "r2": 0.6,
    "g2": 0.7,
    "b2": 1,
    "border_a": 0
   },
   "init_eqs_str": " ",
   "frame_eqs_str": ""
  },
  {
   "baseVals": {
    "enabled": 1,
    "bdrawback": 0,
    "x_wrap_mode": 0,
    "y_wrap_mode": 0,
    "textured": 1,
    "tex_capture": 1,
    "tex_cx": 0.5,
    "tex_cy": 0.5,
    "y": 1.8,
    "g": 1,
    "b": 1,
    "r2": 0.6,
    "g2": 0.7,
    "b2": 1
   },
   "init_eqs_str": " ",
   "frame_eqs_str": ""
  },
  {
   "baseVals": {
    "enabled": 0
   }
  }
 ],
 "waves": [
  {
   "baseVals": {
    "enabled": 1,
    "thick": 1,
    "bdrawback": 0
   },
   "init_eqs_str": "a['cang'] = 0; a['n'] = 0; a['yq'] = 0; a['xp'] = 0; a['aa'] = 0; a['yp'] = 0; a['offset'] = 0; a['t1'] = 0; a['gg'] = 0; a['q1'] = 0; a['xq'] = 0; a['sang'] = 0; a['t3'] = 0; a['zq'] = 0; a['phs'] = 0; a['ang'] = 0; a['tm'] = 0; a['t2'] = 0; a['zp'] = 0; a['bb'] = 0; a['q2'] = 0; a['q3'] = 0; a['rr'] = 0; a['t4'] = 0; a['st']=1;",
   "frame_eqs_str": "a['t1']=0; a['t2']=((Math.sin((a['time']*0.17))*0.5)+0.5); a['t3']=0; a['t4']=((Math.sin((a['time']*0.3))*0.5)+0.5); a['t4']=(a['t4']*128);",
   "point_eqs_str": "a['n']=(a['sample']*6.283); a['xp']=0; a['yp']=0; a['zp']=1; a['phs']=(a['sample']*4); a['offset']=((Math.sin((a['n']*238))*(1-a['sample']))*0.2); a['ang']=(((a['q2']+a['phs'])*1.78)+a['offset']); a['sang']=Math.sin(a['ang']); a['cang']=Math.cos(a['ang']); a['xq']=((a['xp']*a['sang'])+(a['zp']*a['cang'])); a['yq']=a['yp']; a['zq']=((a['xp']*a['cang'])-(a['zp']*a['sang'])); a['xp']=a['xq']; a['yp']=a['yq']; a['zp']=a['zq']; a['ang']=(((a['q2']+a['phs'])*0.1)+a['offset']); a['sang']=Math.sin(a['ang']); a['cang']=Math.cos(a['ang']); a['xq']=((a['xp']*a['sang'])+(a['yp']*a['cang'])); a['yq']=((a['xp']*a['cang'])-(a['yp']*a['sang'])); a['zq']=a['zp']; a['xp']=a['xq']; a['yp']=a['yq']; a['zp']=a['zq']; a['ang']=(((a['q2']+a['phs'])*1.2)+a['offset']); a['sang']=Math.sin(a['ang']); a['cang']=Math.cos(a['ang']); a['xq']=((a['xp']*a['sang'])+(a['zp']*a['cang'])); a['yq']=a['yp']; a['zq']=((a['xp']*a['cang'])-(a['zp']*a['sang'])); a['xp']=a['xq']; a['yp']=a['yq']; a['zp']=a['zq']; a['zp']=(a['zp']+3); a['x']=(div(a['xp'],a['zp'])+0.5); a['y']=((div(a['yp'],a['zp'])*1.333)+0.5); a['tm']=(a['time']*3); a['rr']=(Math.tan((a['n']+a['tm']))*0.25); a['gg']=(Math.tan(((a['n']+a['tm'])+2.1))*0.25); a['bb']=(Math.tan(((a['n']+a['tm'])+4.2))*0.25); a['r']=(Math.min(a['rr'], 1)*above(a['rr'], 0)); a['g']=(Math.min(a['gg'], 1)*above(a['gg'], 0)); a['b']=(Math.min(a['bb'], 1)*above(a['bb'], 0)); a['r']=(1-pow((1-a['r']), 3)); a['g']=(1-pow((1-a['g']), 3)); a['b']=(1-pow((1-a['b']), 3)); a['aa']=((Math.sin((a['n']*a['t4']))*0.5)+0.5); a['aa']=1; a['r']=((a['r']*a['aa'])*a['q1']); a['g']=((a['g']*a['aa'])*a['q1']); a['b']=((a['b']*a['aa'])*a['q1']); a['r']=((Math.abs(a['q3'])>0.00001)?((1-a['r'])):(a['r'])); a['g']=((Math.abs(a['q3'])>0.00001)?((1-a['g'])):(a['g'])); a['b']=((Math.abs(a['q3'])>0.00001)?((1-a['b'])):(a['b'])); a['a']=(1-pow((1-a['sample']), 2));"
  },
  {
   "baseVals": {
    "enabled": 1,
    "thick": 1,
    "bdrawback": 0
   },
   "init_eqs_str": "a['cang'] = 0; a['n'] = 0; a['yq'] = 0; a['xp'] = 0; a['aa'] = 0; a['yp'] = 0; a['offset'] = 0; a['t1'] = 0; a['gg'] = 0; a['q1'] = 0; a['xq'] = 0; a['sang'] = 0; a['t3'] = 0; a['zq'] = 0; a['phs'] = 0; a['ang'] = 0; a['tm'] = 0; a['t2'] = 0; a['zp'] = 0; a['bb'] = 0; a['q2'] = 0; a['q3'] = 0; a['rr'] = 0; a['t4'] = 0; a['st']=1;",
   "frame_eqs_str": "a['t1']=0; a['t2']=((Math.sin((a['time']*0.17))*0.5)+0.5); a['t3']=0; a['t4']=((Math.sin((a['time']*0.3))*0.5)+0.5); a['t4']=(a['t4']*128);",
   "point_eqs_str": "a['n']=(a['sample']*6.283); a['xp']=0; a['yp']=0; a['zp']=1; a['phs']=(a['sample']*4); a['offset']=((Math.sin((a['n']*238))*(1-a['sample']))*0.2); a['ang']=(((a['q2']+a['phs'])*1.78)+a['offset']); a['sang']=Math.sin(a['ang']); a['cang']=Math.cos(a['ang']); a['xq']=((a['xp']*a['sang'])+(a['zp']*a['cang'])); a['yq']=a['yp']; a['zq']=((a['xp']*a['cang'])-(a['zp']*a['sang'])); a['xp']=a['xq']; a['yp']=a['yq']; a['zp']=a['zq']; a['ang']=(((a['q2']+a['phs'])*0.1)+a['offset']); a['sang']=Math.sin(a['ang']); a['cang']=Math.cos(a['ang']); a['xq']=((a['xp']*a['sang'])+(a['yp']*a['cang'])); a['yq']=((a['xp']*a['cang'])-(a['yp']*a['sang'])); a['zq']=a['zp']; a['xp']=a['xq']; a['yp']=a['yq']; a['zp']=a['zq']; a['ang']=(((a['q2']+a['phs'])*1.2)+a['offset']); a['sang']=Math.sin(a['ang']); a['cang']=Math.cos(a['ang']); a['xq']=((a['xp']*a['sang'])+(a['zp']*a['cang'])); a['yq']=a['yp']; a['zq']=((a['xp']*a['cang'])-(a['zp']*a['sang'])); a['xp']=a['xq']; a['yp']=a['yq']; a['zp']=a['zq']; a['zp']=(a['zp']+3); a['x']=(div(-a['xp'],a['zp'])+0.5); a['y']=((div(a['yp'],a['zp'])*1.333)+0.5); a['tm']=(a['time']*3); a['rr']=(Math.tan((a['n']+a['tm']))*0.25); a['gg']=(Math.tan(((a['n']+a['tm'])+2.1))*0.25); a['bb']=(Math.tan(((a['n']+a['tm'])+4.2))*0.25); a['r']=(Math.min(a['rr'], 1)*above(a['rr'], 0)); a['g']=(Math.min(a['gg'], 1)*above(a['gg'], 0)); a['b']=(Math.min(a['bb'], 1)*above(a['bb'], 0)); a['r']=(1-pow((1-a['r']), 3)); a['g']=(1-pow((1-a['g']), 3)); a['b']=(1-pow((1-a['b']), 3)); a['aa']=((Math.sin((a['n']*a['t4']))*0.5)+0.5); a['aa']=1; a['r']=((a['r']*a['aa'])*a['q1']); a['g']=((a['g']*a['aa'])*a['q1']); a['b']=((a['b']*a['aa'])*a['q1']); a['r']=((Math.abs(a['q3'])>0.00001)?((1-a['r'])):(a['r'])); a['g']=((Math.abs(a['q3'])>0.00001)?((1-a['g'])):(a['g'])); a['b']=((Math.abs(a['q3'])>0.00001)?((1-a['b'])):(a['b'])); a['a']=(1-pow((1-a['sample']), 2));"
  },
  {
   "baseVals": {
    "enabled": 0
   }
  },
  {
   "baseVals": {
    "enabled": 0
   }
  }
 ],
 "init_eqs_str": "a['cx1'] = 0; a['dx2'] = 0; a['cy2'] = 0; a['cy1'] = 0; a['dy3'] = 0; a['t1'] = 0; a['q6'] = 0; a['dt'] = 0; a['dy1'] = 0; a['thresh'] = 0; a['xbar'] = 0; a['bt'] = 0; a['q1'] = 0; a['myx'] = 0; a['q5'] = 0; a['ccc'] = 0; a['myy'] = 0; a['dy_r'] = 0; a['ax'] = 0; a['t3'] = 0; a['avgdt'] = 0; a['fc'] = 0; a['dx3'] = 0; a['mrot'] = 0; a['q4'] = 0; a['lbass'] = 0; a['dx_r'] = 0; a['c2'] = 0; a['ay'] = 0; a['mrad'] = 0; a['dy2'] = 0; a['c3'] = 0; a['ybar'] = 0; a['db'] = 0; a['t2'] = 0; a['dx1'] = 0; a['mang'] = 0; a['c4'] = 0; a['bb'] = 0; a['q2'] = 0; a['cx2'] = 0; a['ltreb'] = 0; a['q3'] = 0; a['t4'] = 0; a['pitch'] = 0; a['c'] = 0; a['cc'] = 0; a['c1'] = 0; a['q8'] = 0; a['avgdb'] = 0; a['t1']=(100+(a['bass']*100)); a['t2']=(100+(a['treb']*100)); a['t3']=(100+(a['bass_att']*100)); a['t4']=(100+(a['treb_att']*100));",
 "frame_eqs_str": "a['db']=(((a['bass']-a['lbass'])*a['fps'])*0.1); a['lbass']=a['bass']; a['avgdb']=((a['avgdb']*0.99)+(Math.abs(a['db'])*0.01)); a['dt']=(((a['treb']-a['ltreb'])*a['fps'])*0.06); a['ltreb']=a['treb']; a['avgdt']=((a['avgdt']*0.99)+(Math.abs(a['dt'])*0.01)); a['pitch']=(((Math.sin(a['avgdt'])+Math.cos(a['avgdb']))*0.5)+0.5); a['fc']=div(60,a['fps']); a['q6']=a['avgdt']; a['bb']=above(Math.abs(a['db']), (a['avgdb']*6)); a['bt']=above(Math.abs(a['dt']), (a['avgdt']*6)); a['t1']=(a['t1']+((((a['avgdb']*0.1)*(1.5-a['pitch']))+(a['bb']*a['db']))*a['fc'])); a['t2']=(a['t2']+((((a['avgdt']*0.1)*a['pitch'])+(a['bt']*a['dt']))*a['fc'])); a['t3']=(a['t3']+((Math.abs(a['db'])*0.1)*a['fc'])); a['t4']=(a['t4']+((Math.abs(a['dt'])*0.1)*a['fc'])); a['wave_r']=(0.5+(0.5*Math.sin((a['t1']-a['t4'])))); a['wave_g']=(0.5+(0.5*Math.sin((a['t2']-a['t3'])))); a['wave_b']=(-1+(((1-a['wave_r'])+1)-a['wave_g'])); a['warp']=0; a['wave_x']=((a['wave_x']+((0.1*Math.cos((1.2*a['t2'])))*Math.sin((1.1*a['t1']))))-(0.1*Math.sin((0.61*3)))); a['wave_y']=((a['wave_y']+((0.1*Math.sin((1.2*a['t1'])))*Math.cos((4.1*a['t4']))))-(0.11*Math.cos((1.1*a['t3'])))); a['ob_r']=(1-Math.abs(a['wave_b'])); a['ob_b']=(1-Math.abs(a['wave_g'])); a['ob_g']=(1-Math.abs(a['wave_r'])); a['ib_a']=0.5; a['thresh']=((above(a['bass_att'], a['thresh'])*2)+((1-above(a['bass_att'], a['thresh']))*(((a['thresh']-1.3)*0.96)+1.3))); a['dx_r']=(((equal(a['thresh'], 2)*0.015)*Math.sin((0.1*a['t2'])))+((1-equal(a['thresh'], 2))*a['dx_r'])); a['dy_r']=(((equal(a['thresh'], 2)*0.015)*Math.sin((0.1*a['t1'])))+((1-equal(a['thresh'], 2))*a['dy_r'])); a['q1']=a['dx_r']; a['q2']=a['dy_r']; a['q3']=a['t1']; a['q4']=a['t2']; a['q5']=a['t3']; a['q6']=a['t4']; a['wrap']=1; a['decay']=1;",
 "pixel_eqs_str": "a['dx_r']=a['q1']; a['dy_r']=a['q2']; a['xbar']=((above(Math.sin(a['q3']), 0)*Math.abs((1.4-(a['x']*Math.sin((1.4*Math.cos(((a['y']*a['q4'])*0.1))))))))+(below(Math.sin(a['q3']), 0)*Math.sin(((0.5-a['y'])*Math.sin((3*Math.cos((((a['dx_r']*a['y'])*a['q3'])*0.1)))))))); a['ybar']=((above(Math.cos(a['q4']), 0)*Math.abs((1.4-(a['y']*Math.sin((1.4*Math.cos(((a['x']*a['q4'])*0.1))))))))+(below(Math.cos(a['q4']), 0)*Math.sin(((0.5-a['x'])*Math.sin((3*Math.cos((((a['dy_r']*a['x'])*a['q3'])*0.1)))))))); a['c1']=above(Math.sin((((a['rad']*3.14)+(a['q6']*0.1))-(a['q5']*0.1))), (0.5+(Math.sin(((a['q5']*0.1)-(a['q3']*0.25)))*0.5))); a['c2']=below(Math.abs((Math.sin(((a['x']*Math.sin(((a['q5']-a['q4'])*0.017)))-(a['y']*Math.sin(((a['q3']-a['q6'])*0.013)))))*1)), (0.5+(Math.sin(((a['q4']*0.21)-(a['q5']*0.1)))*0.5))); a['c3']=above(Math.sin((a['y']*3.14)), (0.5+(Math.sin(((a['q6']*0.0012)-(a['q4']*0.33)))*0.5))); a['c4']=below((1-Math.sin(((a['y']*3.14)-Math.sin(((a['q5']*0.1)+a['x']))))), (0.5+(Math.sin(((a['q3']*0.27)-(a['q6']*0.1)))*0.5))); a['dx1']=(a['dx_r']*Math.cos((6.28*a['xbar']))); a['dy1']=(a['dy_r']*Math.cos((6.28*a['ybar']))); a['c']=Math.sin((a['q5']*0.1)); a['cc']=Math.sin((a['q3']*0.1)); a['ccc']=Math.sin((a['q4']*0.1)); a['cx1']=(0.5+(a['ccc']*0.3)); a['cy1']=(0.5+(a['cc']*0.4)); a['myx']=(a['cx1']-a['x']); a['myy']=(a['cy1']-(1-a['y'])); a['mrad']=pow(((a['myx']*a['myx'])+(a['myy']*a['myy'])), 0.5); a['mang']=Math.asin(div(Math.abs(a['myy']),a['mrad'])); a['ax']=a['mang']; a['ay']=a['mang']; a['mrot']=((0.1*(1-a['mrad']))*Math.sin(((a['q4']*0.01)+(a['q6']*0.1)))); a['dx2']=((sign(a['myy'])*Math.sin(a['ax']))*a['mrot']); a['dy2']=(sign(a['myx'])*(Math.cos(a['ay'])*a['mrot'])); a['cx2']=(0.5+(a['cc']*0.3)); a['cy2']=((0.5+(a['c']*0.25))+(a['ccc']*0.25)); a['myx']=(a['cx2']-a['x']); a['myy']=(a['cy2']-(1-a['y'])); a['mrad']=pow(((a['myx']*a['myx'])+(a['myy']*a['myy'])), 0.5); a['mang']=Math.asin(div(Math.abs(a['myy']),a['mrad'])); a['ax']=a['mang']; a['ay']=a['mang']; a['mrot']=((0.1*(1-a['mrad']))*Math.sin(((a['q3']*0.02)+(a['q5']*0.3)))); a['dx3']=((sign(a['myy'])*Math.sin(a['ax']))*a['mrot']); a['dy3']=(sign(a['myx'])*(Math.cos(a['ay'])*a['mrot'])); a['zoom']=(a['zoom']-((0.05*(((1-a['c4'])-a['c3'])+a['c2']))*Math.sin((((a['q6']-a['q5'])+a['q8'])*0.01)))); a['dx']=(((a['dx1']*(a['c2']-a['c3']))+(a['dx2']*(a['c4']-a['c2'])))+(a['dx3']*(a['c3']-a['c4']))); a['dy']=(((a['dy1']*(a['c2']-a['c3']))+(a['dy2']*(a['c4']-a['c2'])))+(a['dy3']*(a['c3']-a['c4'])));",
 "baseVals": {
  "rating": 1,
  "gammaadj": 1,
  "decay": 0.99,
  "echo_zoom": 1,
  "nechowrap_x": 0,
  "nechowrap_y": 0,
  "wave_mode": 5,
  "wave_brighten": 0,
  "wrap": 0,
  "nwrapmode_x": 1,
  "nwrapmode_y": 1,
  "wave_a": 100,
  "wave_scale": 0.653092,
  "wave_smoothing": 0.5,
  "modwavealphastart": 0.5,
  "modwavealphaend": 1,
  "dx": 0.00001,
  "dy": 0.00001,
  "warp": 0.01,
  "wave_r": 0.5,
  "wave_g": 0.5,
  "wave_b": 0.5,
  "ob_size": 0.005,
  "ob_a": 0.05,
  "ib_size": 0.005,
  "ib_r": 0,
  "ib_g": 0,
  "ib_b": 0,
  "ib_a": 0.2,
  "mv_x": 0,
  "mv_y": 0,
  "mv_l": 1,
  "mv_a": 0
 },
 "warp": "",
 "comp": ""
}