{
 "shapes": [
  {
   "baseVals": {
    "enabled": 0
   }
  },
  {
   "baseVals": {
    "enabled": 0
   }
  },
  {
   "baseVals": {
    "enabled": 0
   }
  },
  {
   "baseVals": {
    "enabled": 0
   }
  }
 ],
 "waves": [
  {
   "baseVals": {
    "enabled": 0
   }
  },
  {
   "baseVals": {
    "enabled": 0
   }
  },
  {
   "baseVals": {
    "enabled": 1,
    "g": 0.6,
    "b": 0.1
   },
   "init_eqs_str": "a['n'] = 0; a['yq'] = 0; a['xp'] = 0; a['t5'] = 0; a['xs'] = 0; a['yp'] = 0; a['t1'] = 0; a['q1'] = 0; a['cosang'] = 0; a['t8'] = 0; a['xq'] = 0; a['t3'] = 0; a['flip'] = 0; a['t6'] = 0; a['ys'] = 0; a['mag'] = 0; a['zq'] = 0; a['phs'] = 0; a['t7'] = 0; a['ang'] = 0; a['sinang'] = 0; a['tm'] = 0; a['t2'] = 0; a['zp'] = 0; a['t4'] = 0; a['q8'] = 0; a['t7']=1; a['flip']=0;",
   "frame_eqs_str": "a['t1']=((Math.sin(a['time'])*0.5)+0.5); a['t2']=((Math.sin((a['time']+2.1))*0.5)+0.5); a['t3']=((Math.sin((a['time']+4.2))*0.5)+0.5); a['t4']=((Math.sin((a['time']+1.1))*0.5)+0.5); a['t5']=((Math.sin((a['time']+3.1))*0.5)+0.5); a['t6']=((Math.sin((a['time']+5.2))*0.5)+0.5); a['t8']=Math.floor(((Math.sin((a['time']*2))*2)+3)); a['t8']=2;",
   "point_eqs_str": "a['n']=(a['sample']*6.283); a['phs']=(-a['sample']*0.2); a['tm']=(a['q1']+a['phs']); a['flip']=(a['flip']+(0.5*a['t7'])); a['t7']=((Math.abs((equal(a['flip'], 1)+equal(a['flip'], 0)))>0.00001)?(-a['t7']):(a['t7'])); a['tm']=((Math.abs(equal(a['flip'], 0.5))>0.00001)?((a['tm']+(0.02*a['q8']))):(a['tm'])); a['xp']=0; a['yp']=((a['flip']*0.1)+(((Math.sin(a['tm'])*0.5)+0.5)*0.2)); a['zp']=0; a['ang']=((Math.sin((a['tm']*2))*0.5)+0.5); a['xq']=a['xp']; a['sinang']=Math.sin(a['ang']); a['cosang']=Math.cos(a['ang']); a['yq']=((a['yp']*a['sinang'])+(a['zp']*a['cosang'])); a['zq']=((a['yp']*a['cosang'])-(a['zp']*a['sinang'])); a['yq']=a['yp']; a['zq']=a['zp']; a['ang']=((a['tm']*8)+1); a['sinang']=Math.sin(a['ang']); a['cosang']=Math.cos(a['ang']); a['xp']=((a['xq']*a['sinang'])+(a['yq']*a['cosang'])); a['yp']=((a['xq']*a['cosang'])-(a['yq']*a['sinang'])); a['zp']=a['zq']; a['zp']=(a['zp']-0.3); a['ang']=(3.14+(Math.sin(((a['tm']*2)-0.5))*1.5)); a['sinang']=Math.sin(a['ang']); a['cosang']=Math.cos(a['ang']); a['xq']=a['xp']; a['yq']=((a['yp']*a['sinang'])+(a['zp']*a['cosang'])); a['zq']=((a['yp']*a['cosang'])-(a['zp']*a['sinang'])); a['ang']=(-1.0+Math.cos(((a['tm']*3.1)+0.5))); a['sinang']=Math.sin(a['ang']); a['cosang']=Math.cos(a['ang']); a['xp']=((a['xq']*a['sinang'])+(a['yq']*a['cosang'])); a['yp']=((a['xq']*a['cosang'])-(a['yq']*a['sinang'])); a['zp']=a['zq']; a['zp']=(a['zp']-0.35); a['ang']=((Math.cos((a['tm']*2.3))*1.75)-1.05); a['sinang']=Math.sin(a['ang']); a['cosang']=Math.cos(a['ang']); a['xq']=((a['xp']*a['sinang'])+(a['zp']*a['cosang'])); a['yq']=a['yp']; a['zq']=((a['xp']*a['cosang'])-(a['zp']*a['sinang'])); a['ang']=((Math.cos(a['tm'])*0.5)-0.5); a['sinang']=Math.sin(a['ang']); a['cosang']=Math.cos(a['ang']); a['xp']=a['xq']; a['yp']=((a['yq']*a['cosang'])-(a['zq']*a['sinang'])); a['zp']=((a['yq']*a['sinang'])+(a['zq']*a['cosang'])); a['zp']=(a['zp']+2); a['xs']=div(a['xp'],a['zp']); a['ys']=div(a['yp'],a['zp']); a['x']=(a['xs']+0.5); a['y']=((a['ys']*1.3)+0.5); a['a']=((Math.abs(equal(a['q8'], 1))>0.00001)?((1-a['sample'])):(a['sample'])); a['a']=(a['a']*above(Math.sin(((a['tm']*128)*a['t8'])), 0)); a['a']=(a['a']*(1-Math.abs((a['flip']-0.5)))); a['mag']=((1-(Math.abs((a['flip']-0.5))*2))+1); a['r']=Math.min((a['t4']*a['mag']), 1); a['g']=Math.min((a['t5']*a['mag']), 1); a['b']=Math.min((a['t6']*a['mag']), 1);"
  },
  {
   "baseVals": {
    "enabled": 1,
    "g": 0.3,
    "b": 0.1
   },
   "init_eqs_str": "a['n'] = 0; a['yq'] = 0; a['xp'] = 0; a['t5'] = 0; a['xs'] = 0; a['yp'] = 0; a['t1'] = 0; a['q1'] = 0; a['cosang'] = 0; a['t8'] = 0; a['xq'] = 0; a['t3'] = 0; a['flip'] = 0; a['t6'] = 0; a['ys'] = 0; a['mag'] = 0; a['zq'] = 0; a['phs'] = 0; a['t7'] = 0; a['ang'] = 0; a['sinang'] = 0; a['tm'] = 0; a['t2'] = 0; a['zp'] = 0; a['t4'] = 0; a['q8'] = 0; a['t7']=1;",
   "frame_eqs_str": "a['t1']=((Math.sin(a['time'])*0.5)+0.5); a['t2']=((Math.sin((a['time']+2.1))*0.5)+0.5); a['t3']=((Math.sin((a['time']+4.2))*0.5)+0.5); a['t4']=((Math.sin((a['time']+1.1))*0.5)+0.5); a['t5']=((Math.sin((a['time']+3.1))*0.5)+0.5); a['t6']=((Math.sin((a['time']+5.2))*0.5)+0.5); a['t8']=Math.floor(((Math.sin((a['time']*2))*2)+3)); a['t8']=2;",
   "point_eqs_str": "a['n']=(a['sample']*6.283); a['phs']=(-a['sample']*0.2); a['tm']=(a['q1']+a['phs']); a['flip']=(a['flip']+(0.5*a['t7'])); a['t7']=((Math.abs((equal(a['flip'], 1)+equal(a['flip'], 0)))>0.00001)?(-a['t7']):(a['t7'])); a['tm']=((Math.abs(equal(a['flip'], 0.5))>0.00001)?((a['tm']+(0.02*a['q8']))):(a['tm'])); a['xp']=0; a['yp']=(((a['flip']*0.1)+(((Math.sin(a['tm'])*0.5)+0.5)*0.2))+0.1); a['yp']=-a['yp']; a['zp']=0; a['ang']=((Math.sin((a['tm']*2))*0.5)+0.5); a['sinang']=Math.sin(a['ang']); a['cosang']=Math.cos(a['ang']); a['xq']=a['xp']; a['yq']=((a['yp']*a['sinang'])+(a['zp']*a['cosang'])); a['zq']=((a['yp']*a['cosang'])-(a['zp']*a['sinang'])); a['yq']=a['yp']; a['zq']=a['zp']; a['ang']=((a['tm']*8)+1); a['sinang']=Math.sin(a['ang']); a['cosang']=Math.cos(a['ang']); a['xp']=((a['xq']*a['sinang'])+(a['yq']*a['cosang'])); a['yp']=((a['xq']*a['cosang'])-(a['yq']*a['sinang'])); a['zp']=a['zq']; a['zp']=(a['zp']-0.3); a['ang']=(3.14+(Math.sin(((a['tm']*2)-0.5))*1.5)); a['sinang']=Math.sin(a['ang']); a['cosang']=Math.cos(a['ang']); a['xq']=a['xp']; a['yq']=((a['yp']*a['sinang'])+(a['zp']*a['cosang'])); a['zq']=((a['yp']*a['cosang'])-(a['zp']*a['sinang'])); a['ang']=(-1.0+Math.cos(((a['tm']*3.1)+0.5))); a['sinang']=Math.sin(a['ang']); a['cosang']=Math.cos(a['ang']); a['xp']=((a['xq']*a['sinang'])+(a['yq']*a['cosang'])); a['yp']=((a['xq']*a['cosang'])-(a['yq']*a['sinang'])); a['zp']=a['zq']; a['zp']=(a['zp']-0.35); a['ang']=((Math.cos((a['tm']*2.3))*1.75)-1.05); a['sinang']=Math.sin(a['ang']); a['cosang']=Math.cos(a['ang']); a['xq']=((a['xp']*a['sinang'])+(a['zp']*a['cosang'])); a['yq']=a['yp']; a['zq']=((a['xp']*a['cosang'])-(a['zp']*a['sinang'])); a['ang']=((Math.cos(a['tm'])*0.5)-0.5); a['sinang']=Math.sin(a['ang']); a['cosang']=Math.cos(a['ang']); a['xp']=a['xq']; a['yp']=((a['yq']*a['cosang'])-(a['zq']*a['sinang'])); a['zp']=((a['yq']*a['sinang'])+(a['zq']*a['cosang'])); a['zp']=(a['zp']+2); a['xs']=div(a['xp'],a['zp']); a['ys']=div(a['yp'],a['zp']); a['x']=(a['xs']+0.5); a['y']=((a['ys']*1.3)+0.5); a['a']=((Math.abs(equal(a['q8'], 1))>0.00001)?((1-a['sample'])):(a['sample'])); a['a']=(a['a']*above(Math.sin(((a['tm']*128)*a['t8'])), 0)); a['a']=(a['a']*(1-Math.abs((a['flip']-0.5)))); a['mag']=((1-(Math.abs((a['flip']-0.5))*2))+1); a['r']=Math.min((a['t4']*a['mag']), 1); a['g']=Math.min((a['t5']*a['mag']), 1); a['b']=Math.min((a['t6']*a['mag']), 1);"
  }
 ],
 "init_eqs_str": "a['q1'] = 0; a['brot'] = 0; a['mrot'] = 0; a['wx'] = 0; a['wr'] = 0; a['mtrot'] = 0;",
 "frame_eqs_str": "a['brot']=(a['brot']+a['bass']); a['mrot']=(a['mrot']+a['mid']); a['wave_b']=Math.max(0.3, sqr(Math.sin((0.1*a['brot'])))); a['wave_g']=Math.min(a['wave_b'], sqr(Math.sin((0.1*a['mrot'])))); a['wx']=((Math.abs(above(a['treb'], 2))>0.00001)?(((0.1*mod(a['frame'],8))+0.2)):(a['wx'])); a['wr']=((Math.abs(above(a['mid'], 2))>0.00001)?(Math.sin(a['frame'])):(a['wr'])); a['wave_x']=a['wx']; a['wave_mystery']=a['wr']; a['mtrot']=((a['mtrot']+a['mid'])+a['treb']); a['q1']=(0.02*a['mtrot']); a['ib_b']=a['wave_b']; a['ib_g']=a['wave_g']; a['ob_size']=((0.175*Math.sin((0.17*a['brot'])))+0.325); a['ib_a']=Math.min(1, (0.2*(a['bass']+a['mid'])));",
 "pixel_eqs_str": "a['dx']=((0.01*Math.sin(((20+(10*Math.sin((a['q1']*1.5))))*(a['y']+(0.2*Math.sin((a['q1']*0.7)))))))*a['bass']); a['dy']=((0.01*Math.sin(((20+(10*Math.sin(a['q1'])))*(a['x']+(0.2*Math.sin((a['q1']*0.77)))))))*a['bass']);",
 "baseVals": {
  "rating": 0,
  "gammaadj": 1.21,
  "decay": 0.96,
  "echo_zoom": 0.997,
  "echo_orient": 1,
  "wave_mode": 2,
  "wave_dots": 1,
  "wave_brighten": 0,
  "wrap": 0,
  "darken": 1,
  "wave_a": 0.001,
  "wave_scale": 0.012,
  "wave_smoothing": 0.9,
  "zoomexp": 1.00016,
  "zoom": 1.0002,
  "warp": 0,
  "wave_r": 0.5,
  "wave_g": 0.4,
  "wave_b": 0.3,
  "ob_size": 0.15,
  "ob_g": 0.2,
  "ob_b": 0.4,
  "ib_size": 0.005,
  "ib_g": 0.15,
  "ib_b": 0.55,
  "ib_a": 1,
  "mv_x": 0,
  "mv_y": 43.2,
  "mv_l": 1,
  "mv_g": 0.91,
  "mv_b": 0.71,
  "mv_a": 0
 },
 "warp": "",
 "comp": ""
}