{
 "shapes": [
  {
   "baseVals": {
    "enabled": 1,
    "sides": 3,
    "additive": 1,
    "textured": 1,
    "y": 1.8,
    "rad": 0.2216,
    "ang": 1.256637,
    "tex_zoom": 1.868311,
    "r": 0.6,
    "b": 1,
    "a": 0.6,
    "r2": 1,
    "g2": 0.8,
    "b2": 1,
    "border_r": 0,
    "border_g": 0,
    "border_b": 0,
    "border_a": 1
   },
   "init_eqs_str": " ",
   "frame_eqs_str": "a['x']=0.5; a['y']=0.5; a['ang']=(a['time']*4);"
  },
  {
   "baseVals": {
    "enabled": 1,
    "sides": 3,
    "thickoutline": 1,
    "textured": 1,
    "tex_zoom": 100,
    "r": 0,
    "a": 0,
    "r2": 1,
    "b2": 1,
    "a2": 1,
    "border_r": 0,
    "border_g": 0,
    "border_b": 0,
    "border_a": 1
   },
   "init_eqs_str": " ",
   "frame_eqs_str": "a['ang']=(a['time']*23);"
  },
  {
   "baseVals": {
    "enabled": 1,
    "sides": 3,
    "thickoutline": 1,
    "textured": 1,
    "rad": 0.040839,
    "tex_zoom": 1.644623,
    "g": 1,
    "b": 1,
    "r2": 1,
    "b2": 1,
    "a2": 1,
    "border_a": 1
   },
   "init_eqs_str": " ",
   "frame_eqs_str": "a['ang']=(a['time']*12);"
  },
  {
   "baseVals": {
    "enabled": 0
   }
  }
 ],
 "waves": [
  {
   "baseVals": {
    "enabled": 1,
    "thick": 1
   },
   "init_eqs_str": "a['ma'] = 0; a['mx'] = 0; a['my'] = 0; ",
   "frame_eqs_str": "",
   "point_eqs_str": "a['ma']=(a['ma']+(((above(a['bass'], 1)*3.1415)*0.01)*a['bass'])); a['ma']=(a['ma']-(((above(a['treb'], 1)*3.1415)*0.01)*a['treb'])); a['mx']=(a['mx']+(0.0002*Math.cos(a['ma']))); a['my']=(a['my']+(0.0002*Math.tan(a['ma']))); a['mx']=((Math.abs(above(a['mx'], 0.9))>0.00001)?((0.9-a['mx'])):(a['mx'])); a['my']=((Math.abs(above(a['my'], 0.9))>0.00001)?((0.9-a['my'])):(a['my'])); a['mx']=((Math.abs(below(a['mx'], 0.1))>0.00001)?((0.9+a['mx'])):(a['mx'])); a['my']=((Math.abs(below(a['my'], 0.1))>0.00001)?((0.9+a['my'])):(a['my'])); a['x']=a['mx']; a['y']=a['my']; a['a']=above(((a['bass']+a['mid'])+a['treb']), 0.8);"
  },
  {
   "baseVals": {
    "enabled": 1,
    "thick": 1
   },
   "init_eqs_str": "a['ma'] = 0; a['mx'] = 0; a['my'] = 0; ",
   "frame_eqs_str": "",
   "point_eqs_str": "a['ma']=(a['ma']+(((above(a['bass'], 1)*3.1415)*0.05)*a['bass'])); a['ma']=(a['ma']-(((above(a['mid'], 1)*3.1415)*0.05)*a['mid'])); a['mx']=(a['mx']+(0.0001*Math.tan(a['ma']))); a['my']=(a['my']+(0.0001*Math.sin(a['ma']))); a['mx']=((Math.abs(above(a['mx'], 0.9))>0.00001)?((0.9-a['mx'])):(a['mx'])); a['my']=((Math.abs(above(a['my'], 0.9))>0.00001)?((0.9-a['my'])):(a['my'])); a['mx']=((Math.abs(below(a['mx'], 0.1))>0.00001)?((0.9+a['mx'])):(a['mx'])); a['my']=((Math.abs(below(a['my'], 0.1))>0.00001)?((0.9+a['my'])):(a['my'])); a['x']=a['mx']; a['y']=a['my']; a['a']=above(((a['bass']+a['mid'])+a['treb']), 0.1);"
  },
  {
   "baseVals": {
    "enabled": 0
   }
  },
  {
   "baseVals": {
    "enabled": 1,
    "thick": 1
   },
   "init_eqs_str": "a['ma'] = 0; a['mx'] = 0; a['my'] = 0; ",
   "frame_eqs_str": "",
   "point_eqs_str": "a['ma']=(a['ma']+(((above(a['bass'], 0.5)*3.1415)*0.02)*a['bass'])); a['ma']=(a['ma']-(((above(a['treb'], 0.5)*3.1415)*0.02)*a['treb'])); a['mx']=(a['mx']+(0.0008*Math.cos(a['ma']))); a['my']=(a['my']+(0.0008*Math.sin(a['ma']))); a['mx']=((Math.abs(above(a['mx'], 0.9))>0.00001)?((0.9-a['mx'])):(a['mx'])); a['my']=((Math.abs(above(a['my'], 0.9))>0.00001)?((0.9-a['my'])):(a['my'])); a['mx']=((Math.abs(below(a['mx'], 0.1))>0.00001)?((0.9+a['mx'])):(a['mx'])); a['my']=((Math.abs(below(a['my'], 0.1))>0.00001)?((0.9+a['my'])):(a['my'])); a['x']=a['mx']; a['y']=a['my']; a['a']=above(((a['bass']+a['mid'])+a['treb']), 0.2);"
  }
 ],
 "init_eqs_str": "a['tg3'] = 0; a['thresh'] = 0; a['dy_r'] = 0; a['tg2'] = 0; a['tg1'] = 0; a['dx_r'] = 0; a['bdirect'] = 0; a['q7'] = 0; a['q8'] = 0;",
 "frame_eqs_str": "a['wave_r']=(0.5+(0.5*Math.sin((6*a['time'])))); a['wave_g']=(0.5+(0.5*Math.sin((4.1*a['time'])))); a['wave_b']=(-1+(((1-a['wave_r'])+1)-a['wave_g'])); a['warp']=0;",
 "pixel_eqs_str": "a['dx_r']=(((equal(a['thresh'], 2)*0.015)*Math.sin(((5*a['time'])*0.01)))+((1-equal(a['thresh'], 2))*a['dx_r'])); a['dy_r']=(((equal(a['thresh'], 2)*0.015)*Math.sin(((6*a['time'])*0.01)))+((1-equal(a['thresh'], 2))*a['dy_r'])); a['tg1']=Math.abs(Math.sin((a['time']*0.01))); a['tg2']=(((12*a['dx_r'])*above(a['tg1'], 0.5))+((12*a['dy_r'])*below(a['tg1'], 0.5))); a['tg3']=((Math.abs(equal(a['thresh'], 2))>0.00001)?(a['tg2']):(a['tg3'])); a['zoom']=(a['zoom']-(0.01+(0.8*Math.abs(a['tg3'])))); a['rot']=(a['rot']+Math.max(((12*a['dx_r'])*(0.5-a['tg3'])), (5*a['tg3']))); a['dy']=(a['dy']+(a['tg3']*(a['rad']-((2*0.6)*Math.sin((2*Math.abs((1-(2*Math.cos((3*(a['rad']-1)))))))))))); a['dx']=(a['dx']+(a['tg3']*(a['rad']-((2*0.6)*Math.cos((2*Math.abs((1-(2*Math.sin((3*(a['rad']-1)))))))))))); a['dx_r']=(((equal(a['thresh'], 2)*0.015)*Math.sin((5*a['time'])))+((1-equal(a['thresh'], 2))*a['dx_r'])); a['dy_r']=(((equal(a['thresh'], 2)*0.015)*Math.sin((6*a['time'])))+((1-equal(a['thresh'], 2))*a['dy_r'])); a['zoom']=(a['zoom']+(1.4*((2*a['dx_r'])*((1.5*((Math.sin(a['time'])-a['rad'])*Math.sin((8*(a['rad']-1)))))*2)))); a['dy']=(a['dy']+(0.4*((2*a['dy_r'])*((1.5*((Math.sin(a['time'])-a['rad'])*Math.sin((8*(a['rad']-1)))))*2)))); a['dx']=(a['dx']-(0.4*((2*a['dx_r'])*((1.5*((Math.sin(a['time'])-a['rad'])*Math.sin((8*a['ang']))))*2)))); a['zoom']=(a['zoom']-(1.4*((2*a['dy_r'])*((1.5*((Math.sin(a['time'])-a['rad'])*Math.sin((8*a['ang']))))*2)))); a['rot']=(a['rot']+(4*Math.abs((a['dy_r']*((2.5*((Math.cos(a['time'])*0.5)-(a['rad']*Math.sin((12*(a['rad']-1))))))*a['bass_att']))))); a['dx_r']=(((equal(a['thresh'], 2)*0.015)*Math.sin((5*a['time'])))+((1-equal(a['thresh'], 2))*a['dx_r'])); a['dy_r']=(((equal(a['thresh'], 2)*0.015)*Math.sin((6*a['time'])))+((1-equal(a['thresh'], 2))*a['dy_r'])); a['zoom']=(a['zoom']+0.01); a['zoom']=(a['zoom']+((0.05+(0.04*Math.sin(a['time'])))*(0.2*Math.sin((a['ang']*a['time']))))); a['rot']=(a['rot']+(0.01*(0.5*Math.cos((((a['ang']*5)*a['bass'])*a['time']))))); a['dx']=(a['dx']+((0.1*above(a['rad'], 0.25))*a['dx_r'])); a['dy']=(a['dy']+((0.1*above(a['rad'], 0.25))*a['dy_r'])); a['rot']=((0.1*pow(-a['ang'], 3))-(1.18*Math.sin(a['ang']))); a['zoom']=(((1.45*Math.sin(-a['rad']))+1.3)+Math.sin(a['rad'])); a['dx']=(a['dx']+(0.09*Math.sin((a['q8']*0.785)))); a['dy']=(a['dy']+(0.09*Math.sin((a['q8']*0.675)))); a['zoom']=(a['zoom']+a['q7']); a['bdirect']=((Math.abs(above(a['bass'], 1.1))>0.00001)?(1):(-1)); a['zoom']=(a['zoom']+((a['rad']*0.1)*(a['bass_att']-0.7))); a['zoom']=(a['zoom']+(((above(a['treb'], 1.4)*1)*a['rad'])*Math.sin(a['time']))); a['dy']=(a['dy']+(((above(a['bass'], 1.35)*(a['bass_att']-1.15))*0.02)*a['rad'])); a['dx']=(a['dx']+(((above(a['bass'], 1.4)*above(a['treb'], 1.3))*Math.sin(a['time']))*a['rad']));",
 "baseVals": {
  "rating": 5,
  "gammaadj": 1,
  "decay": 0.99,
  "echo_zoom": 1,
  "echo_alpha": 0.5,
  "echo_orient": 3,
  "wave_mode": 7,
  "wave_dots": 1,
  "wave_brighten": 0,
  "wrap": 0,
  "darken": 1,
  "wave_a": 0.009575,
  "wave_scale": 0.266718,
  "wave_smoothing": 0.5,
  "modwavealphastart": 0.5,
  "modwavealphaend": 1,
  "zoomexp": 0.1978,
  "cx": 0.62,
  "dy": 0.00001,
  "warp": 0.01,
  "wave_r": 0.5,
  "wave_g": 0.5,
  "wave_b": 0.5,
  "ob_size": 0.1,
  "ob_r": 0.2,
  "ob_g": 0.2,
  "ob_b": 0.5,
  "ob_a": 1,
  "ib_size": 0.05,
  "ib_r": 0.3,
  "ib_g": 0.5,
  "ib_b": 0.6,
  "ib_a": 1,
  "mv_x": 2.56,
  "mv_y": 1.008,
  "mv_dx": 0.308,
  "mv_dy": -0.9499,
  "mv_l": 5,
  "mv_r": 0,
  "mv_g": 0,
  "mv_b": 0,
  "mv_a": 0
 },
 "warp": "",
 "comp": ""
}