{
 "shapes": [
  {
   "baseVals": {
    "enabled": 1,
    "sides": 6,
    "additive": 1,
    "rad": 0.04556,
    "g": 0.7,
    "b": 0.3,
    "g2": 0,
    "border_a": 0
   },
   "init_eqs_str": "a['yq'] = 0; a['xp'] = 0; a['yr'] = 0; a['xs'] = 0; a['yp'] = 0; a['xr'] = 0; a['q1'] = 0; a['xq'] = 0; a['flip'] = 0; a['ca'] = 0; a['ys'] = 0; a['sa'] = 0; a['zq'] = 0; a['tm'] = 0; a['zp'] = 0; a['zr'] = 0; ",
   "frame_eqs_str": "a['tm']=a['q1']; a['flip']=(a['flip']+1); a['flip']=(a['flip']*below(a['flip'], 2)); a['xp']=0; a['yp']=0; a['zp']=0; a['ang']=((a['tm']*20)+(Math.sin(((a['tm']*76)+(a['time']*4)))*0.4)); a['sa']=Math.sin(a['ang']); a['ca']=Math.cos(a['ang']); a['xr']=((a['xp']*a['sa'])+(a['yp']*a['ca'])); a['yr']=((a['xp']*a['ca'])-(a['yp']*a['sa'])); a['zr']=a['zp']; a['xp']=a['xr']; a['yp']=(((a['yr']+0.05)+(((Math.sin(a['tm'])*0.5)+0.5)*0.2))+0.05); a['zp']=a['zr']; a['ang']=Math.sin((a['tm']*2)); a['xq']=a['xp']; a['sa']=Math.sin(a['ang']); a['ca']=Math.cos(a['ang']); a['yq']=((a['yp']*a['sa'])+(a['zp']*a['ca'])); a['zq']=((a['yp']*a['ca'])-(a['zp']*a['sa'])); a['ang']=(a['tm']*8); a['sa']=Math.sin(a['ang']); a['ca']=Math.cos(a['ang']); a['xp']=((a['xq']*a['sa'])+(a['yq']*a['ca'])); a['yp']=((a['xq']*a['ca'])-(a['yq']*a['sa'])); a['zp']=a['zq']; a['zp']=(a['zp']-0.3); a['ang']=(3.14+(Math.sin(((a['tm']*2)-0.5))*2.5)); a['xq']=a['xp']; a['sa']=Math.sin(a['ang']); a['ca']=Math.cos(a['ang']); a['yq']=((a['yp']*a['sa'])+(a['zp']*a['ca'])); a['zq']=((a['yp']*a['ca'])-(a['zp']*a['sa'])); a['ang']=(-1.0+Math.cos(((a['tm']*3)+0.5))); a['xp']=((a['xq']*a['sa'])+(a['yq']*a['ca'])); a['yp']=((a['xq']*a['ca'])-(a['yq']*a['sa'])); a['zp']=a['zq']; a['zp']=(a['zp']-0.35); a['ang']=((Math.cos((a['tm']*1))*1.75)-1.05); a['sa']=Math.sin(a['ang']); a['ca']=Math.cos(a['ang']); a['xq']=((a['xp']*a['sa'])+(a['zp']*a['ca'])); a['yq']=a['yp']; a['zq']=((a['xp']*a['ca'])-(a['zp']*a['sa'])); a['ang']=Math.cos(a['tm']); a['xp']=a['xq']; a['sa']=Math.sin(a['ang']); a['ca']=Math.cos(a['ang']); a['yp']=((a['yq']*a['ca'])-(a['zq']*a['sa'])); a['zp']=((a['yq']*a['sa'])+(a['zq']*a['ca'])); a['zp']=(a['zp']+1.5); a['xs']=div(a['xp'],a['zp']); a['ys']=div(a['yp'],a['zp']); a['x']=(a['xs']+0.5); a['y']=((a['ys']*1.3)+0.5); a['a']=0.7;"
  },
  {
   "baseVals": {
    "enabled": 0
   }
  },
  {
   "baseVals": {
    "enabled": 0
   }
  },
  {
   "baseVals": {
    "enabled": 0
   }
  }
 ],
 "waves": [
  {
   "baseVals": {
    "enabled": 1,
    "usedots": 1,
    "thick": 1,
    "b": 0.7
   },
   "init_eqs_str": "a['n'] = 0; a['yq'] = 0; a['xp'] = 0; a['yr'] = 0; a['xs'] = 0; a['yp'] = 0; a['xr'] = 0; a['q1'] = 0; a['xq'] = 0; a['flip'] = 0; a['ca'] = 0; a['ys'] = 0; a['sa'] = 0; a['zq'] = 0; a['phs'] = 0; a['ang'] = 0; a['tm'] = 0; a['zp'] = 0; a['zr'] = 0; ",
   "frame_eqs_str": "",
   "point_eqs_str": "a['n']=(a['sample']*6.283); a['phs']=(-a['sample']*0.2); a['tm']=(a['q1']+(a['phs']*4)); a['flip']=(a['flip']+1); a['flip']=(a['flip']*below(a['flip'], 2)); a['xp']=0; a['yp']=(((a['flip']*0.1)-0.05)*a['sample']); a['zp']=0; a['ang']=((a['tm']*20)+(Math.sin(((a['tm']*76)+(a['time']*4)))*0.4)); a['sa']=Math.sin(a['ang']); a['ca']=Math.cos(a['ang']); a['xr']=((a['xp']*a['sa'])+(a['yp']*a['ca'])); a['yr']=((a['xp']*a['ca'])-(a['yp']*a['sa'])); a['zr']=a['zp']; a['xp']=a['xr']; a['yp']=(((a['yr']+0.05)+(((Math.sin(a['tm'])*0.5)+0.5)*0.2))+0.05); a['zp']=a['zr']; a['ang']=Math.sin((a['tm']*2)); a['xq']=a['xp']; a['sa']=Math.sin(a['ang']); a['ca']=Math.cos(a['ang']); a['yq']=((a['yp']*a['sa'])+(a['zp']*a['ca'])); a['zq']=((a['yp']*a['ca'])-(a['zp']*a['sa'])); a['ang']=(a['tm']*8); a['sa']=Math.sin(a['ang']); a['ca']=Math.cos(a['ang']); a['xp']=((a['xq']*a['sa'])+(a['yq']*a['ca'])); a['yp']=((a['xq']*a['ca'])-(a['yq']*a['sa'])); a['zp']=a['zq']; a['zp']=(a['zp']-0.3); a['ang']=(3.14+(Math.sin(((a['tm']*2)-0.5))*2.5)); a['xq']=a['xp']; a['sa']=Math.sin(a['ang']); a['ca']=Math.cos(a['ang']); a['yq']=((a['yp']*a['sa'])+(a['zp']*a['ca'])); a['zq']=((a['yp']*a['ca'])-(a['zp']*a['sa'])); a['ang']=(-1.0+Math.cos(((a['tm']*3)+0.5))); a['xp']=((a['xq']*a['sa'])+(a['yq']*a['ca'])); a['yp']=((a['xq']*a['ca'])-(a['yq']*a['sa'])); a['zp']=a['zq']; a['zp']=(a['zp']-0.35); a['ang']=((Math.cos((a['tm']*1))*1.75)-1.05); a['sa']=Math.sin(a['ang']); a['ca']=Math.cos(a['ang']); a['xq']=((a['xp']*a['sa'])+(a['zp']*a['ca'])); a['yq']=a['yp']; a['zq']=((a['xp']*a['ca'])-(a['zp']*a['sa'])); a['ang']=Math.cos(a['tm']); a['xp']=a['xq']; a['sa']=Math.sin(a['ang']); a['ca']=Math.cos(a['ang']); a['yp']=((a['yq']*a['ca'])-(a['zq']*a['sa'])); a['zp']=((a['yq']*a['sa'])+(a['zq']*a['ca'])); a['zp']=(a['zp']+1.5); a['xs']=div(a['xp'],a['zp']); a['ys']=div(a['yp'],a['zp']); a['x']=(a['xs']+0.5); a['y']=((a['ys']*1.3)+0.5); a['a']=(1-a['sample']);"
  },
  {
   "baseVals": {
    "enabled": 1,
    "usedots": 1,
    "thick": 1,
    "g": 0.9,
    "b": 0.8
   },
   "init_eqs_str": "a['n'] = 0; a['yq'] = 0; a['xp'] = 0; a['yr'] = 0; a['xs'] = 0; a['yp'] = 0; a['xr'] = 0; a['q1'] = 0; a['xq'] = 0; a['flip'] = 0; a['ca'] = 0; a['ys'] = 0; a['sa'] = 0; a['zq'] = 0; a['phs'] = 0; a['ang'] = 0; a['tm'] = 0; a['zp'] = 0; a['zr'] = 0; ",
   "frame_eqs_str": "",
   "point_eqs_str": "a['n']=(a['sample']*6.283); a['phs']=(-a['sample']*0.4); a['tm']=((a['q1']+(a['phs']*2))-0.01); a['flip']=(a['flip']+1); a['flip']=(a['flip']*below(a['flip'], 2)); a['xp']=0; a['yp']=(((a['flip']*0.2)-0.1)*a['sample']); a['zp']=0; a['ang']=((-a['tm']*29)+(Math.sin(((a['tm']*76)+(a['time']*4)))*0.4)); a['sa']=Math.sin(a['ang']); a['ca']=Math.cos(a['ang']); a['xr']=((a['xp']*a['sa'])+(a['yp']*a['ca'])); a['yr']=((a['xp']*a['ca'])-(a['yp']*a['sa'])); a['zr']=a['zp']; a['xp']=a['xr']; a['yp']=(((a['yr']+0.05)+(((Math.sin(a['tm'])*0.5)+0.5)*0.2))+0.05); a['zp']=a['zr']; a['ang']=Math.sin((a['tm']*2)); a['xq']=a['xp']; a['sa']=Math.sin(a['ang']); a['ca']=Math.cos(a['ang']); a['yq']=((a['yp']*a['sa'])+(a['zp']*a['ca'])); a['zq']=((a['yp']*a['ca'])-(a['zp']*a['sa'])); a['ang']=(a['tm']*8); a['sa']=Math.sin(a['ang']); a['ca']=Math.cos(a['ang']); a['xp']=((a['xq']*a['sa'])+(a['yq']*a['ca'])); a['yp']=((a['xq']*a['ca'])-(a['yq']*a['sa'])); a['zp']=a['zq']; a['zp']=(a['zp']-0.3); a['ang']=(3.14+(Math.sin(((a['tm']*2)-0.5))*2.5)); a['xq']=a['xp']; a['sa']=Math.sin(a['ang']); a['ca']=Math.cos(a['ang']); a['yq']=((a['yp']*a['sa'])+(a['zp']*a['ca'])); a['zq']=((a['yp']*a['ca'])-(a['zp']*a['sa'])); a['ang']=(-1.0+Math.cos(((a['tm']*3)+0.5))); a['xp']=((a['xq']*a['sa'])+(a['yq']*a['ca'])); a['yp']=((a['xq']*a['ca'])-(a['yq']*a['sa'])); a['zp']=a['zq']; a['zp']=(a['zp']-0.35); a['ang']=((Math.cos((a['tm']*1))*1.75)-1.05); a['sa']=Math.sin(a['ang']); a['ca']=Math.cos(a['ang']); a['xq']=((a['xp']*a['sa'])+(a['zp']*a['ca'])); a['yq']=a['yp']; a['zq']=((a['xp']*a['ca'])-(a['zp']*a['sa'])); a['ang']=Math.cos(a['tm']); a['xp']=a['xq']; a['sa']=Math.sin(a['ang']); a['ca']=Math.cos(a['ang']); a['yp']=((a['yq']*a['ca'])-(a['zq']*a['sa'])); a['zp']=((a['yq']*a['sa'])+(a['zq']*a['ca'])); a['zp']=(a['zp']+1.5); a['xs']=div(a['xp'],a['zp']); a['ys']=div(a['yp'],a['zp']); a['x']=(a['xs']+0.5); a['y']=((a['ys']*1.3)+0.5); a['a']=(1-a['sample']);"
  },
  {
   "baseVals": {
    "enabled": 1,
    "usedots": 1,
    "thick": 1,
    "g": 0.72,
    "b": 0.1
   },
   "init_eqs_str": "a['n'] = 0; a['yq'] = 0; a['xp'] = 0; a['yr'] = 0; a['xs'] = 0; a['yp'] = 0; a['xr'] = 0; a['q1'] = 0; a['xq'] = 0; a['flip'] = 0; a['ca'] = 0; a['ys'] = 0; a['sa'] = 0; a['zq'] = 0; a['phs'] = 0; a['ang'] = 0; a['tm'] = 0; a['zp'] = 0; a['zr'] = 0; ",
   "frame_eqs_str": "",
   "point_eqs_str": "a['n']=(a['sample']*6.283); a['phs']=(-a['sample']*0.4); a['tm']=((a['q1']+(a['phs']*2))-0.02); a['flip']=(a['flip']+1); a['flip']=(a['flip']*below(a['flip'], 2)); a['xp']=0; a['yp']=(((a['flip']*0.4)-0.2)*a['sample']); a['zp']=0; a['ang']=((a['tm']*23)+(Math.sin(((a['tm']*76)+(a['time']*4)))*0.3)); a['sa']=Math.sin(a['ang']); a['ca']=Math.cos(a['ang']); a['xr']=((a['xp']*a['sa'])+(a['yp']*a['ca'])); a['yr']=((a['xp']*a['ca'])-(a['yp']*a['sa'])); a['zr']=a['zp']; a['xp']=a['xr']; a['yp']=(((a['yr']+0.05)+(((Math.sin(a['tm'])*0.5)+0.5)*0.2))+0.05); a['zp']=a['zr']; a['ang']=Math.sin((a['tm']*2)); a['xq']=a['xp']; a['sa']=Math.sin(a['ang']); a['ca']=Math.cos(a['ang']); a['yq']=((a['yp']*a['sa'])+(a['zp']*a['ca'])); a['zq']=((a['yp']*a['ca'])-(a['zp']*a['sa'])); a['ang']=(a['tm']*8); a['sa']=Math.sin(a['ang']); a['ca']=Math.cos(a['ang']); a['xp']=((a['xq']*a['sa'])+(a['yq']*a['ca'])); a['yp']=((a['xq']*a['ca'])-(a['yq']*a['sa'])); a['zp']=a['zq']; a['zp']=(a['zp']-0.3); a['ang']=(3.14+(Math.sin(((a['tm']*2)-0.5))*2.5)); a['xq']=a['xp']; a['sa']=Math.sin(a['ang']); a['ca']=Math.cos(a['ang']); a['yq']=((a['yp']*a['sa'])+(a['zp']*a['ca'])); a['zq']=((a['yp']*a['ca'])-(a['zp']*a['sa'])); a['ang']=(-1.0+Math.cos(((a['tm']*3)+0.5))); a['xp']=((a['xq']*a['sa'])+(a['yq']*a['ca'])); a['yp']=((a['xq']*a['ca'])-(a['yq']*a['sa'])); a['zp']=a['zq']; a['zp']=(a['zp']-0.35); a['ang']=((Math.cos((a['tm']*1))*1.75)-1.05); a['sa']=Math.sin(a['ang']); a['ca']=Math.cos(a['ang']); a['xq']=((a['xp']*a['sa'])+(a['zp']*a['ca'])); a['yq']=a['yp']; a['zq']=((a['xp']*a['ca'])-(a['zp']*a['sa'])); a['ang']=Math.cos(a['tm']); a['xp']=a['xq']; a['sa']=Math.sin(a['ang']); a['ca']=Math.cos(a['ang']); a['yp']=((a['yq']*a['ca'])-(a['zq']*a['sa'])); a['zp']=((a['yq']*a['sa'])+(a['zq']*a['ca'])); a['zp']=(a['zp']+1.5); a['xs']=div(a['xp'],a['zp']); a['ys']=div(a['yp'],a['zp']); a['x']=(a['xs']+0.5); a['y']=((a['ys']*1.3)+0.5); a['a']=(1-a['sample']);"
  },
  {
   "baseVals": {
    "enabled": 1,
    "usedots": 1,
    "thick": 1,
    "g": 0.7,
    "b": 0.5
   },
   "init_eqs_str": "a['n'] = 0; a['yq'] = 0; a['xp'] = 0; a['yr'] = 0; a['xs'] = 0; a['yp'] = 0; a['xr'] = 0; a['q1'] = 0; a['xq'] = 0; a['flip'] = 0; a['ca'] = 0; a['ys'] = 0; a['sa'] = 0; a['zq'] = 0; a['phs'] = 0; a['ang'] = 0; a['tm'] = 0; a['zp'] = 0; a['zr'] = 0; ",
   "frame_eqs_str": "",
   "point_eqs_str": "a['n']=(a['sample']*6.283); a['phs']=(-a['sample']*0.4); a['tm']=((a['q1']+(a['phs']*2))-0.03); a['flip']=(a['flip']+1); a['flip']=(a['flip']*below(a['flip'], 2)); a['xp']=0; a['yp']=(((a['flip']*0.6)-0.3)*a['sample']); a['zp']=0; a['ang']=((-a['tm']*4)+(Math.sin(((a['tm']*76)+(a['time']*4)))*0.2)); a['sa']=Math.sin(a['ang']); a['ca']=Math.cos(a['ang']); a['xr']=((a['xp']*a['sa'])+(a['yp']*a['ca'])); a['yr']=((a['xp']*a['ca'])-(a['yp']*a['sa'])); a['zr']=a['zp']; a['xp']=a['xr']; a['yp']=(((a['yr']+0.05)+(((Math.sin(a['tm'])*0.5)+0.5)*0.2))+0.05); a['zp']=a['zr']; a['ang']=Math.sin((a['tm']*2)); a['xq']=a['xp']; a['sa']=Math.sin(a['ang']); a['ca']=Math.cos(a['ang']); a['yq']=((a['yp']*a['sa'])+(a['zp']*a['ca'])); a['zq']=((a['yp']*a['ca'])-(a['zp']*a['sa'])); a['ang']=(a['tm']*8); a['sa']=Math.sin(a['ang']); a['ca']=Math.cos(a['ang']); a['xp']=((a['xq']*a['sa'])+(a['yq']*a['ca'])); a['yp']=((a['xq']*a['ca'])-(a['yq']*a['sa'])); a['zp']=a['zq']; a['zp']=(a['zp']-0.3); a['ang']=(3.14+(Math.sin(((a['tm']*2)-0.5))*2.5)); a['xq']=a['xp']; a['sa']=Math.sin(a['ang']); a['ca']=Math.cos(a['ang']); a['yq']=((a['yp']*a['sa'])+(a['zp']*a['ca'])); a['zq']=((a['yp']*a['ca'])-(a['zp']*a['sa'])); a['ang']=(-1.0+Math.cos(((a['tm']*3)+0.5))); a['xp']=((a['xq']*a['sa'])+(a['yq']*a['ca'])); a['yp']=((a['xq']*a['ca'])-(a['yq']*a['sa'])); a['zp']=a['zq']; a['zp']=(a['zp']-0.35); a['ang']=((Math.cos((a['tm']*1))*1.75)-1.05); a['sa']=Math.sin(a['ang']); a['ca']=Math.cos(a['ang']); a['xq']=((a['xp']*a['sa'])+(a['zp']*a['ca'])); a['yq']=a['yp']; a['zq']=((a['xp']*a['ca'])-(a['zp']*a['sa'])); a['ang']=Math.cos(a['tm']); a['xp']=a['xq']; a['sa']=Math.sin(a['ang']); a['ca']=Math.cos(a['ang']); a['yp']=((a['yq']*a['ca'])-(a['zq']*a['sa'])); a['zp']=((a['yq']*a['sa'])+(a['zq']*a['ca'])); a['zp']=(a['zp']+1.5); a['xs']=div(a['xp'],a['zp']); a['ys']=div(a['yp'],a['zp']); a['x']=(a['xs']+0.5); a['y']=((a['ys']*1.3)+0.5); a['a']=(1-a['sample']);"
  }
 ],
 "init_eqs_str": "a['ysw'] = 0; a['tic'] = 0; a['yseg'] = 0; a['ynum'] = 0; a['vt'] = 0; a['xnum'] = 0; a['xseg'] = 0; a['bt'] = 0; a['q1'] = 0; a['rc'] = 0; a['mid_avg'] = 0; a['xsw'] = 0; a['tt'] = 0; a['tin'] = 0; a['ti'] = 0; a['bass_avg'] = 0; a['pi'] = 0; a['vav'] = 0; a['q4'] = 0; a['rd'] = 0; a['oy'] = 0; a['mt'] = 0; a['ra'] = 0; a['treb_avg'] = 0; a['vol'] = 0; a['re'] = 0; a['q2'] = 0; a['q3'] = 0; a['q7'] = 0; a['rb'] = 0; a['ox'] = 0; a['q8'] = 0;",
 "frame_eqs_str": "a['warp']=0; a['tic']=Math.min((a['time']-a['tin']), 0.1); a['tin']=a['time']; a['vol']=(((a['bass_att']+a['treb_att'])+a['mid_att'])*0.333333); a['ra']=(div(1,a['tic'])*0.25); a['treb_avg']=(a['tic']*((a['treb_avg']*(div(1,a['tic'])-a['ra']))+(a['ra']*a['treb']))); a['mid_avg']=(a['tic']*((a['mid_avg']*(div(1,a['tic'])-a['ra']))+(a['ra']*a['mid']))); a['bass_avg']=(a['tic']*((a['bass_avg']*(div(1,a['tic'])-a['ra']))+(a['ra']*a['bass']))); a['vav']=(a['tic']*((a['vav']*(div(1,a['tic'])-a['ra']))+((a['ra']*((a['bass']+a['treb'])+a['mid']))*0.33333))); a['tt']=(a['tt']+(a['tic']*a['treb'])); a['mt']=(a['mt']+(a['tic']*a['mid'])); a['bt']=(a['bt']+(a['tic']*a['bass'])); a['vt']=(a['vt']+(a['tic']*a['vav'])); a['q1']=(a['tt']*1.8); a['q2']=(a['mt']*3); a['q3']=(a['bt']*3); a['q4']=a['vt']; a['rb']=((Math.abs(a['rb'])>0.00001)?(a['rb']):((0.2+((randint(1001)*0.001)*0.6)))); a['rc']=((Math.abs(a['rc'])>0.00001)?(a['rc']):((0.2+((randint(1001)*0.001)*0.6)))); a['rd']=((Math.abs(a['rd'])>0.00001)?(a['rd']):((0.2+((randint(1001)*0.001)*0.6)))); a['re']=((Math.abs(a['re'])>0.00001)?(a['re']):((0.2+((randint(1001)*0.001)*0.6)))); a['ti']=(a['vt']*2); a['cx']=((0.3+(0.1*Math.sin((a['ti']*a['re']))))+(0.1*Math.cos((a['ti']*a['rc'])))); a['cy']=((0.5+(0.2*Math.sin((a['ti']*a['rb']))))+(0.1*Math.cos((a['ti']*a['rd'])))); a['q7']=6; a['q8']=2.8;",
 "pixel_eqs_str": "a['xnum']=a['q7']; a['ynum']=a['q8']; a['pi']=3.141592654; a['xseg']=Math.floor((a['x']*a['xnum'])); a['yseg']=Math.floor((a['y']*a['ynum'])); a['xsw']=equal(mod((a['xseg']+equal(mod(a['yseg'],2), 0)),2), 0); a['ysw']=equal(mod((a['yseg']+1),2), 0); a['ox']=(a['x']-(a['xseg']*div(1,a['xnum']))); a['ox']=((Math.abs(a['xsw'])>0.00001)?((div(1,a['xnum'])-a['ox'])):(a['ox'])); a['oy']=(a['y']-(a['yseg']*div(1,a['ynum']))); a['oy']=((Math.abs(a['ysw'])>0.00001)?((div(1,a['ynum'])-a['oy'])):(a['oy'])); a['dx']=(above((a['xseg']+a['yseg']), 0)*(a['x']-a['ox'])); a['dy']=(above((a['xseg']+a['yseg']), 0)*(a['y']-a['oy'])); a['rot']=(a['rot']*(1-above((a['xseg']+a['yseg']), 0)));",
 "baseVals": {
  "rating": 0,
  "gammaadj": 1.84,
  "decay": 0.96,
  "echo_zoom": 1.007,
  "echo_orient": 1,
  "wave_mode": 2,
  "wave_dots": 1,
  "wave_brighten": 0,
  "darken": 1,
  "wave_a": 0.001,
  "wave_scale": 0.012,
  "wave_smoothing": 0.9,
  "warpscale": 1.331,
  "zoom": 0.9995,
  "rot": 0.1,
  "cx": 2,
  "cy": 2,
  "warp": 0.01105,
  "wave_r": 0.5,
  "wave_g": 0.4,
  "wave_b": 0.3,
  "ob_size": 0.5,
  "ob_r": 0.01,
  "ib_size": 0.26,
  "mv_x": 3,
  "mv_y": 2,
  "mv_dx": 0.02,
  "mv_dy": -0.02,
  "mv_l": 0.15,
  "mv_r": 0.49,
  "mv_g": 0.48,
  "mv_b": 0.3,
  "mv_a": 0
 },
 "warp": "",
 "comp": ""
}