{
 "shapes": [
  {
   "baseVals": {
    "enabled": 0
   }
  },
  {
   "baseVals": {
    "enabled": 1,
    "sides": 5,
    "textured": 1,
    "rad": 0.76131,
    "g": 1,
    "b": 1,
    "r2": 1,
    "b2": 1,
    "border_a": 0
   },
   "init_eqs_str": " ",
   "frame_eqs_str": ""
  },
  {
   "baseVals": {
    "enabled": 0
   }
  },
  {
   "baseVals": {
    "enabled": 0
   }
  }
 ],
 "waves": [
  {
   "baseVals": {
    "enabled": 1,
    "usedots": 1,
    "thick": 1,
    "additive": 1,
    "r": 0.1,
    "g": 0.5,
    "b": 0.8
   },
   "init_eqs_str": "a['n'] = 0; a['yq'] = 0; a['xp'] = 0; a['yr'] = 0; a['xs'] = 0; a['yp'] = 0; a['xr'] = 0; a['q1'] = 0; a['xq'] = 0; a['flip'] = 0; a['ca'] = 0; a['ys'] = 0; a['sa'] = 0; a['zq'] = 0; a['phs'] = 0; a['ang'] = 0; a['tm'] = 0; a['zp'] = 0; a['q2'] = 0; a['zr'] = 0; ",
   "frame_eqs_str": "",
   "point_eqs_str": "a['n']=(a['sample']*6.283); a['phs']=(-a['sample']*0.2); a['tm']=(a['q1']+(div((a['phs']*4),a['q2'])*0.1)); a['flip']=(a['flip']+1); a['flip']=(a['flip']*below(a['flip'], 2)); a['xp']=0; a['yp']=(((a['flip']*0.1)-0.05)*a['sample']); a['zp']=0; a['ang']=((a['tm']*20)+(Math.sin(((a['tm']*76)+(a['time']*4)))*0.4)); a['sa']=Math.sin(a['ang']); a['ca']=Math.cos(a['ang']); a['xr']=((a['xp']*a['sa'])+(a['yp']*a['ca'])); a['yr']=((a['xp']*a['ca'])-(a['yp']*a['sa'])); a['zr']=a['zp']; a['xp']=a['xr']; a['yp']=(((a['yr']+0.05)+(((Math.sin(a['tm'])*0.5)+0.5)*0.2))+0.05); a['zp']=a['zr']; a['ang']=Math.sin((a['tm']*2)); a['xq']=a['xp']; a['sa']=Math.sin(a['ang']); a['ca']=Math.cos(a['ang']); a['yq']=((a['yp']*a['sa'])+(a['zp']*a['ca'])); a['zq']=((a['yp']*a['ca'])-(a['zp']*a['sa'])); a['ang']=(a['tm']*8); a['sa']=Math.sin(a['ang']); a['ca']=Math.cos(a['ang']); a['xp']=((a['xq']*a['sa'])+(a['yq']*a['ca'])); a['yp']=((a['xq']*a['ca'])-(a['yq']*a['sa'])); a['zp']=a['zq']; a['zp']=(a['zp']-0.3); a['ang']=(3.14+(Math.sin(((a['tm']*2)-0.5))*2.5)); a['xq']=a['xp']; a['sa']=Math.sin(a['ang']); a['ca']=Math.cos(a['ang']); a['yq']=((a['yp']*a['sa'])+(a['zp']*a['ca'])); a['zq']=((a['yp']*a['ca'])-(a['zp']*a['sa'])); a['ang']=(-1.0+Math.cos(((a['tm']*3)+0.5))); a['xp']=((a['xq']*a['sa'])+(a['yq']*a['ca'])); a['yp']=((a['xq']*a['ca'])-(a['yq']*a['sa'])); a['zp']=a['zq']; a['zp']=(a['zp']-0.35); a['ang']=((Math.cos((a['tm']*1))*1.75)-1.05); a['sa']=Math.sin(a['ang']); a['ca']=Math.cos(a['ang']); a['xq']=((a['xp']*a['sa'])+(a['zp']*a['ca'])); a['yq']=a['yp']; a['zq']=((a['xp']*a['ca'])-(a['zp']*a['sa'])); a['ang']=Math.cos(a['tm']); a['xp']=a['xq']; a['sa']=Math.sin(a['ang']); a['ca']=Math.cos(a['ang']); a['yp']=((a['yq']*a['ca'])-(a['zq']*a['sa'])); a['zp']=((a['yq']*a['sa'])+(a['zq']*a['ca'])); a['yp']=((a['yp']*0.1)-0.2); a['zp']=(a['zp']+1.5); a['xs']=div(a['xp'],a['zp']); a['ys']=div(a['yp'],a['zp']); a['x']=(a['xs']+0.5); a['y']=((a['ys']*1.3)+0.5); a['a']=((1-a['sample'])*0.3);"
  },
  {
   "baseVals": {
    "enabled": 0
   }
  },
  {
   "baseVals": {
    "enabled": 0
   }
  },
  {
   "baseVals": {
    "enabled": 1,
    "additive": 1,
    "r": 0.6,
    "g": 0.7
   },
   "init_eqs_str": "a['n'] = 0; a['yq'] = 0; a['xp'] = 0; a['yr'] = 0; a['xs'] = 0; a['yp'] = 0; a['xr'] = 0; a['q1'] = 0; a['xq'] = 0; a['flip'] = 0; a['ca'] = 0; a['ys'] = 0; a['sa'] = 0; a['zq'] = 0; a['phs'] = 0; a['ang'] = 0; a['tm'] = 0; a['zp'] = 0; a['q2'] = 0; a['zr'] = 0; ",
   "frame_eqs_str": "",
   "point_eqs_str": "a['n']=(a['sample']*6.283); a['phs']=(-a['sample']*0.4); a['tm']=((a['q1']+(div((a['phs']*2),a['q2'])*0.1))-1.03); a['flip']=(a['flip']+1); a['flip']=(a['flip']*below(a['flip'], 2)); a['xp']=0; a['yp']=(((a['flip']*0.15)-0.075)*a['sample']); a['zp']=0; a['ang']=((-a['tm']*14)+(Math.sin(((a['tm']*76)+(a['time']*4)))*0.2)); a['sa']=Math.sin(a['ang']); a['ca']=Math.cos(a['ang']); a['xr']=((a['xp']*a['sa'])+(a['yp']*a['ca'])); a['yr']=((a['xp']*a['ca'])-(a['yp']*a['sa'])); a['zr']=a['zp']; a['xp']=a['xr']; a['yp']=(((a['yr']+0.05)+(((Math.sin(a['tm'])*0.5)+0.5)*0.2))+0.05); a['zp']=a['zr']; a['ang']=Math.sin((a['tm']*2)); a['xq']=a['xp']; a['sa']=Math.sin(a['ang']); a['ca']=Math.cos(a['ang']); a['yq']=((a['yp']*a['sa'])+(a['zp']*a['ca'])); a['zq']=((a['yp']*a['ca'])-(a['zp']*a['sa'])); a['ang']=(a['tm']*8); a['sa']=Math.sin(a['ang']); a['ca']=Math.cos(a['ang']); a['xp']=((a['xq']*a['sa'])+(a['yq']*a['ca'])); a['yp']=((a['xq']*a['ca'])-(a['yq']*a['sa'])); a['zp']=a['zq']; a['zp']=(a['zp']-0.3); a['ang']=(3.14+(Math.sin(((a['tm']*2)-0.5))*2.5)); a['xq']=a['xp']; a['sa']=Math.sin(a['ang']); a['ca']=Math.cos(a['ang']); a['yq']=((a['yp']*a['sa'])+(a['zp']*a['ca'])); a['zq']=((a['yp']*a['ca'])-(a['zp']*a['sa'])); a['ang']=(-1.0+Math.cos(((a['tm']*3)+0.5))); a['xp']=((a['xq']*a['sa'])+(a['yq']*a['ca'])); a['yp']=((a['xq']*a['ca'])-(a['yq']*a['sa'])); a['zp']=a['zq']; a['zp']=(a['zp']-0.35); a['ang']=((Math.cos((a['tm']*1))*1.75)-1.05); a['sa']=Math.sin(a['ang']); a['ca']=Math.cos(a['ang']); a['xq']=((a['xp']*a['sa'])+(a['zp']*a['ca'])); a['yq']=a['yp']; a['zq']=((a['xp']*a['ca'])-(a['zp']*a['sa'])); a['ang']=(Math.cos(a['tm'])-3.5); a['xp']=a['xq']; a['sa']=Math.sin(a['ang']); a['ca']=Math.cos(a['ang']); a['yp']=((a['yq']*a['ca'])-(a['zq']*a['sa'])); a['zp']=((a['yq']*a['sa'])+(a['zq']*a['ca'])); a['zp']=(a['zp']+1.5); a['xs']=div(a['xp'],a['zp']); a['ys']=div(a['yp'],a['zp']); a['x']=(a['xs']+0.5); a['y']=((a['ys']*1.3)+0.5); a['a']=((1-a['sample'])*0.4);"
  }
 ],
 "init_eqs_str": "a['zm'] = 0; a['vol'] = 0; a['vol2'] = 0; a['q2'] = 0; a['mtime'] = 0; a['q1'] = 0; a['gamma'] = 0; a['mv_x']=64; a['mv_y']=48; a['nut']=0; a['stp']=0; a['stq']=0; a['rtp']=0; a['rtq']=0; a['wvr']=0; a['decay']=0; a['dcsp']=0;",
 "frame_eqs_str": "a['decay']=0.98; a['vol']=(((a['bass']+a['mid'])+a['treb'])*0.25); a['vol']=(a['vol']*a['vol']); a['vol2']=(((a['bass_att']+a['mid_att'])+a['treb_att'])*0.25); a['vol2']=(a['vol2']*a['vol2']); a['q2']=a['vol2']; a['mtime']=(a['mtime']+((0.03*((Math.sin(a['time'])*0.5)+0.5))*div(75,a['fps']))); a['q1']=(a['mtime']*1); a['gamma']=(1+(Math.min((a['vol']*0.8), 1)*0.7));",
 "pixel_eqs_str": "a['zm']=1.002; a['sx']=-a['zm']; a['sy']=a['zm'];",
 "baseVals": {
  "rating": 2,
  "gammaadj": 1.28,
  "decay": 0.96,
  "echo_zoom": 0.997,
  "echo_orient": 1,
  "wave_mode": 3,
  "wave_dots": 1,
  "wave_brighten": 0,
  "wrap": 0,
  "darken": 1,
  "wave_a": 0.001,
  "wave_scale": 0.012,
  "wave_smoothing": 0.9,
  "warpanimspeed": 0.037,
  "warpscale": 0.015,
  "warp": 0.033,
  "wave_r": 0.5,
  "wave_g": 0.4,
  "wave_b": 0.3,
  "ob_size": 0,
  "ob_r": 0.11,
  "ob_b": 0.1,
  "ib_size": 0,
  "ib_r": 0,
  "ib_g": 0,
  "ib_b": 0,
  "mv_x": 0,
  "mv_y": 0,
  "mv_l": 1,
  "mv_g": 0.91,
  "mv_b": 0.71,
  "mv_a": 0
 },
 "warp": "",
 "comp": ""
}