{
 "shapes": [
  {
   "baseVals": {
    "enabled": 1,
    "sides": 60,
    "additive": 1,
    "thickoutline": 1,
    "textured": 1,
    "y": 1.8,
    "rad": 0.398722,
    "g": 1,
    "b": 0.7,
    "r2": 1,
    "g2": 0.8,
    "border_a": 0
   },
   "init_eqs_str": "a['bz'] = 0; a['bx'] = 0; a['q1'] = 0; a['by'] = 0; a['ax'] = 0; a['vx'] = 0; a['vy'] = 0; a['vz'] = 0; a['ay'] = 0; a['q2'] = 0; a['q3'] = 0; a['az'] = 0; ",
   "frame_eqs_str": "a['ax']=0; a['ay']=0; a['az']=-30; a['bx']=a['ax']; a['by']=((a['ay']*Math.cos(a['q1']))-(a['az']*Math.sin(a['q1']))); a['bz']=((a['ay']*Math.sin(a['q1']))+(a['az']*Math.cos(a['q1']))); a['ax']=((a['bx']*Math.cos(a['q2']))-(a['bz']*Math.sin(a['q2']))); a['ay']=a['by']; a['az']=((a['bx']*Math.sin(a['q2']))+(a['bz']*Math.cos(a['q2']))); a['bx']=((a['ax']*Math.cos(a['q3']))-(a['ay']*Math.sin(a['q3']))); a['by']=((a['ax']*Math.sin(a['q3']))+(a['ay']*Math.cos(a['q3']))); a['bz']=a['az']; a['vx']=a['bx']; a['vy']=a['by']; a['vz']=a['bz']; a['x']=(div(a['vx'],Math.abs((a['vz']-10)))+0.5); a['y']=(div(a['vy'],Math.abs((a['vz']-10)))+0.5); a['a']=below(a['vz'], 0);"
  },
  {
   "baseVals": {
    "enabled": 1,
    "sides": 60,
    "additive": 1,
    "textured": 1,
    "rad": 0.559237,
    "ang": 1.884956,
    "tex_ang": 0.69115,
    "tex_zoom": 2.348658,
    "g": 0.1,
    "b": 1,
    "a": 0.2,
    "r2": 1,
    "g2": 0.05,
    "b2": 0.4,
    "border_a": 0
   },
   "init_eqs_str": " ",
   "frame_eqs_str": ""
  },
  {
   "baseVals": {
    "enabled": 1,
    "sides": 60,
    "additive": 1,
    "textured": 1,
    "rad": 1.54304,
    "ang": 6.283185,
    "tex_ang": 6.283185,
    "tex_zoom": 0.305462,
    "r": 0,
    "g": 0.5,
    "b": 0.6,
    "a": 0.4,
    "g2": 0,
    "a2": 0.8,
    "border_a": 0
   },
   "init_eqs_str": " ",
   "frame_eqs_str": "a['tex_ang']=a['bass'];"
  },
  {
   "baseVals": {
    "enabled": 0
   }
  }
 ],
 "waves": [
  {
   "baseVals": {
    "enabled": 1,
    "usedots": 1,
    "additive": 1,
    "smoothing": 0
   },
   "init_eqs_str": "a['s'] = 0; a['xp'] = 0; a['yp'] = 0; a['zp'] = 0; a['t1'] = 0; a['x_screen'] = 0; a['y_screen'] = 0; a['advance'] = 0; ",
   "frame_eqs_str": "a['advance']=(a['advance']+0.005); a['advance']=((Math.abs(above(a['advance'], 2))>0.00001)?(0):(a['advance'])); a['t1']=a['advance'];",
   "point_eqs_str": "a['s']=(a['sample']*6.28); a['xp']=(((Math.sin(a['s'])+Math.sin((a['s']*0.34)))+Math.sin((a['s']*24.3)))+Math.sin((a['s']*13.8))); a['xp']=(a['xp']*0.20); a['yp']=(((Math.cos(a['s'])+Math.sin((a['s']*0.24)))+Math.cos((a['s']*17.4)))+Math.sin((a['s']*37.7))); a['yp']=(a['yp']*0.20); a['zp']=(((Math.cos(a['s'])+Math.cos((a['s']*5.24)))+Math.cos((a['s']*47.4)))+Math.cos((a['s']*27.7))); a['zp']=(a['zp']*0.25); a['zp']=((a['zp']+1)-a['t1']); a['zp']=((Math.abs(below(a['zp'], 0))>0.00001)?((a['zp']+2)):(a['zp'])); a['a']=(1-(a['zp']*0.5)); a['zp']=(a['zp']*0.7); a['x_screen']=(div(a['xp'],a['zp'])+0.5); a['y_screen']=(div(a['yp'],a['zp'])+0.5); a['x']=a['x_screen']; a['y']=a['y_screen']; a['r']=1; a['g']=1; a['b']=1;"
  },
  {
   "baseVals": {
    "enabled": 1,
    "usedots": 1,
    "thick": 1,
    "additive": 1,
    "smoothing": 0
   },
   "init_eqs_str": "a['bz'] = 0; a['bx'] = 0; a['q1'] = 0; a['by'] = 0; a['ax'] = 0; a['vx'] = 0; a['vy'] = 0; a['vz'] = 0; a['ay'] = 0; a['q2'] = 0; a['q3'] = 0; a['az'] = 0; ",
   "frame_eqs_str": "",
   "point_eqs_str": "a['ax']=(((10*0.5)*(Math.sin(((100*a['sample'])+1.865))+1))*Math.sin((((300*6.2831)*a['sample'])+(3.14*a['sample'])))); a['ay']=(((10*0.5)*(Math.sin(((100*a['sample'])+5.23))+1))*Math.cos(((((200*6.2831)*a['sample'])+(3.14*a['sample']))+0.1454))); a['az']=((5*(Math.sin(((100*a['sample'])+0.234))+1))*Math.sin(((((400*6.2831)*a['sample'])+(3.14*a['sample']))+1.84))); a['bx']=a['ax']; a['by']=((a['ay']*Math.cos(a['q1']))-(a['az']*Math.sin(a['q1']))); a['bz']=((a['ay']*Math.sin(a['q1']))+(a['az']*Math.cos(a['q1']))); a['ax']=((a['bx']*Math.cos(a['q2']))-(a['bz']*Math.sin(a['q2']))); a['ay']=a['by']; a['az']=((a['bx']*Math.sin(a['q2']))+(a['bz']*Math.cos(a['q2']))); a['bx']=((a['ax']*Math.cos(a['q3']))-(a['ay']*Math.sin(a['q3']))); a['by']=((a['ax']*Math.sin(a['q3']))+(a['ay']*Math.cos(a['q3']))); a['bz']=a['az']; a['vx']=a['bx']; a['vy']=a['by']; a['vz']=a['bz']; a['x']=(div(a['vx'],Math.abs((a['vz']-10)))+0.5); a['y']=(div(a['vy'],Math.abs((a['vz']-10)))+0.5); a['a']=(above(a['vz'], 0)*(0.05*(5-Math.abs(a['az']))));"
  },
  {
   "baseVals": {
    "enabled": 1,
    "thick": 1,
    "additive": 1,
    "scaling": 100,
    "smoothing": 0.7,
    "g": 0.500001,
    "b": 0.100001
   },
   "init_eqs_str": "a['bz'] = 0; a['bx'] = 0; a['q1'] = 0; a['by'] = 0; a['ax'] = 0; a['vx'] = 0; a['vy'] = 0; a['vz'] = 0; a['ay'] = 0; a['t'] = 0; a['q2'] = 0; a['q3'] = 0; a['as'] = 0; a['az'] = 0; ",
   "frame_eqs_str": "",
   "point_eqs_str": "a['t']=above(Math.sin((((20*6.2831)*a['sample'])+(a['time']*16))), 0); a['ax']=((1.58+((1.5*a['t'])*Math.abs(a['value1'])))*Math.cos((6.2831*a['sample']))); a['ay']=((1.3*(1.58+((1.5*a['t'])*Math.abs(a['value2']))))*Math.sin((6.2831*a['sample']))); a['az']=0; a['bx']=a['ax']; a['by']=((a['ay']*Math.cos(a['q1']))-(a['az']*Math.sin(a['q1']))); a['bz']=((a['ay']*Math.sin(a['q1']))+(a['az']*Math.cos(a['q1']))); a['ax']=((a['bx']*Math.cos(a['q2']))-(a['bz']*Math.sin(a['q2']))); a['ay']=a['by']; a['az']=((a['bx']*Math.sin(a['q2']))+(a['bz']*Math.cos(a['q2']))); a['bx']=((a['ax']*Math.cos(a['q3']))-(a['ay']*Math.sin(a['q3']))); a['by']=((a['ax']*Math.sin(a['q3']))+(a['ay']*Math.cos(a['q3']))); a['bz']=a['az']; a['vx']=a['bx']; a['vy']=a['by']; a['vz']=a['bz']; a['x']=(div(a['vx'],Math.abs((a['vz']-10)))+0.5); a['y']=(div(a['vy'],Math.abs((a['vz']-10)))+0.5); a['as']=above(((((Math.cos((a['q3']+1.57))*Math.cos(a['q2']))*a['vx'])+((Math.sin((a['q3']+1.57))*Math.sin(a['q1']))*a['vy']))+(Math.sin(a['q2'])*a['vz'])), 0); a['a']=(a['t']*((0.07*(1-a['as']))+a['as']));"
  },
  {
   "baseVals": {
    "enabled": 1,
    "thick": 1,
    "additive": 1,
    "scaling": 100,
    "smoothing": 0.7,
    "g": 0.5,
    "b": 0.1
   },
   "init_eqs_str": "a['bz'] = 0; a['bx'] = 0; a['q1'] = 0; a['by'] = 0; a['ax'] = 0; a['vx'] = 0; a['vy'] = 0; a['vz'] = 0; a['ay'] = 0; a['t'] = 0; a['q2'] = 0; a['q3'] = 0; a['as'] = 0; a['az'] = 0; ",
   "frame_eqs_str": "",
   "point_eqs_str": "a['t']=above(Math.sin((((20*6.2831)*a['sample'])+(a['time']*16))), 0); a['ax']=((1.58+((1.5*a['t'])*Math.abs(a['value1'])))*Math.cos((6.2831*a['sample']))); a['ay']=0; a['az']=((1.2*(1.58+((1.5*a['t'])*Math.abs(a['value2']))))*Math.sin((6.2831*a['sample']))); a['bx']=a['ax']; a['by']=((a['ay']*Math.cos(a['q1']))-(a['az']*Math.sin(a['q1']))); a['bz']=((a['ay']*Math.sin(a['q1']))+(a['az']*Math.cos(a['q1']))); a['ax']=((a['bx']*Math.cos(a['q2']))-(a['bz']*Math.sin(a['q2']))); a['ay']=a['by']; a['az']=((a['bx']*Math.sin(a['q2']))+(a['bz']*Math.cos(a['q2']))); a['bx']=((a['ax']*Math.cos(a['q3']))-(a['ay']*Math.sin(a['q3']))); a['by']=((a['ax']*Math.sin(a['q3']))+(a['ay']*Math.cos(a['q3']))); a['bz']=a['az']; a['vx']=a['bx']; a['vy']=a['by']; a['vz']=a['bz']; a['x']=(div(a['vx'],Math.abs((a['vz']-10)))+0.5); a['y']=(div(a['vy'],Math.abs((a['vz']-10)))+0.5); a['as']=above(((((Math.cos((a['q3']-1.57))*Math.cos(a['q2']))*a['vx'])+((Math.sin((a['q3']-1.57))*Math.sin(a['q1']))*a['vy']))+(Math.sin(a['q2'])*a['vz'])), 0); a['a']=(a['t']*((0.07*(1-a['as']))+a['as']));"
  }
 ],
 "init_eqs_str": "a['temp'] = 0; a['cen_x'] = 0; a['dist_x'] = 0; a['xpos'] = 0; a['basstime'] = 0; a['outy'] = 0; a['yamptarg'] = 0; a['maxdbass'] = 0; a['basschange'] = 0; a['dist_y'] = 0; a['ydir'] = 0; a['inx'] = 0; a['q6'] = 0; a['dbass'] = 0; a['q1'] = 0; a['q5'] = 0; a['trans'] = 0; a['dvy'] = 0; a['cheat'] = 0; a['trebtime'] = 0; a['orient'] = 0; a['midtime'] = 0; a['lastbeat'] = 0; a['outx'] = 0; a['vx'] = 0; a['alphadir'] = 0; a['pi'] = 0; a['xamptarg'] = 0; a['interval'] = 0; a['xamp'] = 0; a['vy'] = 0; a['xspeed'] = 0; a['an'] = 0; a['midchange'] = 0; a['q4'] = 0; a['pbass'] = 0; a['vang'] = 0; a['ypos'] = 0; a['cen_y'] = 0; a['rd'] = 0; a['oy'] = 0; a['out'] = 0; a['mod'] = 0; a['radxy'] = 0; a['beat'] = 0; a['vol'] = 0; a['trebchange'] = 0; a['alpha'] = 0; a['dvx'] = 0; a['num'] = 0; a['q2'] = 0; a['iny'] = 0; a['seg'] = 0; a['yamp'] = 0; a['q3'] = 0; a['q7'] = 0; a['xdir'] = 0; a['anga'] = 0; a['sure'] = 0; a['radi'] = 0; a['in'] = 0; a['ox'] = 0; a['q8'] = 0; a['yspeed'] = 0;",
 "frame_eqs_str": "a['sure']=((Math.abs(equal(a['sure'], 0))>0.00001)?(0.6):(a['sure'])); a['interval']=((Math.abs(equal(a['interval'], 0))>0.00001)?(40):(a['interval'])); a['lastbeat']=((Math.abs(equal(a['lastbeat'], 0))>0.00001)?((a['frame']-a['fps'])):(a['lastbeat'])); a['dbass']=div((a['bass']-a['pbass']),a['fps']); a['beat']=(above(a['dbass'], (0.6*a['maxdbass']))*above((a['frame']-a['lastbeat']), div(a['fps'],3))); a['sure']=((Math.abs((a['beat']*below(Math.abs((a['frame']-(a['interval']+a['lastbeat']))), div(a['fps'],5))))>0.00001)?(Math.min((0.095+a['sure']), 1)):(((a['beat']*(a['sure']-0.095))+(((1-a['beat'])*a['sure'])*0.9996)))); a['sure']=Math.max(0.5, a['sure']); a['cheat']=((Math.abs((above(a['frame'], ((a['lastbeat']+a['interval'])+Math.floor(div(a['fps'],10))))*above(a['sure'], 0.91)))>0.00001)?(1):(a['cheat'])); a['beat']=((Math.abs(a['cheat'])>0.00001)?(1):(a['beat'])); a['sure']=((Math.abs(a['cheat'])>0.00001)?((0.95*a['sure'])):(a['sure'])); a['maxdbass']=Math.max((a['maxdbass']*0.999), a['dbass']); a['maxdbass']=Math.max(0.012, a['maxdbass']); a['maxdbass']=Math.min(0.02, a['maxdbass']); a['interval']=((Math.abs(a['beat'])>0.00001)?((a['frame']-a['lastbeat'])):(a['interval'])); a['lastbeat']=((Math.abs(a['beat'])>0.00001)?((a['frame']-(a['cheat']*Math.floor(div(a['fps'],10))))):(a['lastbeat'])); a['cheat']=0; a['pbass']=a['bass']; a['warp']=0; a['zoom']=1; a['temp']=(div(a['time'],6.2831)-Math.floor(div(a['time'],6.2831))); a['q7']=div(Math.abs(((a['temp']*6.2831)-3.1415)),3.1415); a['q8']=a['beat']; a['q8']=(a['q8']+equal((a['frame']-a['lastbeat']), 1)); a['orient']=((Math.abs(a['alpha'])>0.00001)?(a['orient']):((Math.floor(randint(3))+1))); a['echo_orient']=a['orient']; a['trans']=((Math.abs(equal(a['alpha'], 0))>0.00001)?(0):(((Math.abs(equal(a['alpha'], 1))>0.00001)?(0):(a['trans'])))); a['trans']=((Math.abs(equal(a['trans'], 0))>0.00001)?(a['beat']):(a['trans'])); a['alphadir']=((Math.abs(a['alpha'])>0.00001)?(((Math.abs((a['alpha']-1))>0.00001)?(a['alphadir']):(-1))):(1)); a['alpha']=(a['alpha']+((a['trans']*a['alphadir'])*div(1,a['fps']))); a['alpha']=Math.max(a['alpha'], 0); a['alpha']=Math.min(a['alpha'], 1); a['echo_alpha']=a['alpha']; a['vol']=(0.167*(a['bass']+a['mid'])); a['xamptarg']=((Math.abs(equal(mod(a['frame'],15), 0))>0.00001)?(Math.min(((0.5*a['vol'])*a['bass_att']), 0.5)):(a['xamptarg'])); a['xamp']=(a['xamp']+(0.5*(a['xamptarg']-a['xamp']))); a['xdir']=((Math.abs(above(Math.abs(a['xpos']), a['xamp']))>0.00001)?(-sign(a['xpos'])):(((Math.abs(below(Math.abs(a['xspeed']), 0.1))>0.00001)?(((2*above(a['xpos'], 0))-1)):(a['xdir'])))); a['xspeed']=(((a['xspeed']+(a['xdir']*a['xamp']))-a['xpos'])-((a['xspeed']*0.1)*below(Math.abs(a['xpos']), a['xamp']))); a['xpos']=(a['xpos']+(0.001*a['xspeed'])); a['yamptarg']=((Math.abs(equal(mod(a['frame'],15), 0))>0.00001)?(Math.min(((0.3*a['vol'])*a['treb_att']), 0.5)):(a['yamptarg'])); a['yamp']=(a['yamp']+(0.5*(a['yamptarg']-a['yamp']))); a['ydir']=((Math.abs(above(Math.abs(a['ypos']), a['yamp']))>0.00001)?(-sign(a['ypos'])):(((Math.abs(below(Math.abs(a['yspeed']), 0.1))>0.00001)?(((2*above(a['ypos'], 0))-1)):(a['ydir'])))); a['yspeed']=(((a['yspeed']+(a['ydir']*a['yamp']))-a['ypos'])-((a['yspeed']*0.1)*below(Math.abs(a['ypos']), a['yamp']))); a['ypos']=(a['ypos']+(0.001*a['yspeed'])); a['q1']=a['xpos']; a['q2']=a['ypos']; a['ob_g']=Math.max(Math.min(((0.5*(Math.sin((1.345*a['time']))+Math.sin((0.987*a['time']))))+0.2), 0.4), 0); a['ob_b']=Math.max(Math.min(((0.5*(Math.sin((1.543*a['time']))+Math.sin((0.789*a['time']))))+0.2), 0.4), 0); a['ob_r']=Math.max(Math.min(((0.5*(Math.sin((0.876*a['time']))+Math.sin((0.543*a['time']))))+0.1), 0.2), 0); a['ib_g']=Math.max(Math.min(((0.5*(Math.sin((1.246*a['time']))+Math.sin((0.864*a['time']))))+0.2), 0.4), 0); a['ib_b']=Math.max(Math.min(((0.5*(Math.sin((1.642*a['time']))+Math.sin((0.468*a['time']))))+0.2), 0.4), 0); a['ib_r']=Math.max(Math.min(((0.5*(Math.sin((0.765*a['time']))+Math.sin((0.654*a['time']))))+0.1), 0.2), 0); a['basschange']=((0.1*a['basschange'])+(0.01*a['bass'])); a['midchange']=((0.1*a['midchange'])+(0.01*a['mid'])); a['trebchange']=((0.1*a['trebchange'])+(0.01*a['treb'])); a['basstime']=(a['basstime']+a['basschange']); a['midtime']=(a['midtime']+a['midchange']); a['trebtime']=(a['trebtime']+a['trebchange']); a['q3']=a['basstime']; a['q4']=a['midtime']; a['q5']=a['trebtime']; a['q6']=mod(a['frame'],2);",
 "pixel_eqs_str": "a['cx']=(0.5+a['q1']); a['cy']=(0.5-a['q2']); a['rd']=sqrt((sqr((((a['x']-0.5)-a['q4'])*2))+sqr((((a['y']-0.5)+a['q5'])*1.5)))); a['zoom']=(1.01+div(a['rd'],10000)); a['rot']=div(a['rd'],10000); a['cen_x']=a['q1']; a['cen_y']=a['q2']; a['radxy']=((Math.sin((a['time']*0.1))*0.2)+0.3); a['dist_x']=div((a['x']-a['cen_x']),(a['radxy']*(((Math.sin(((a['time']*0.2)*0))*0.3)+(Math.cos(((((a['cen_x']-a['x'])+(a['cen_y']-a['y']))*10)+(a['time']*2)))*0.3))+1))); a['dist_y']=div((a['y']-a['cen_y']),(a['radxy']*(((Math.sin(((a['time']*0.2)*0))*0.3)+(Math.sin(((((a['cen_x']-a['x'])+(a['cen_y']-a['y']))*10)+(a['time']*2)))*0.3))+1))); a['in']=(below(Math.abs(a['dist_x']), 1)*below(Math.abs(a['dist_y']), 1)); a['out']=bnot(a['in']); a['inx']=((a['cen_x']-a['q1'])+((0.1*sign(a['dist_x']))*(1-Math.abs(a['dist_x'])))); a['iny']=((a['cen_y']-a['q2'])+((0.1*sign(a['dist_y']))*(1-Math.abs(a['dist_y'])))); a['vang']=(a['time']*0.1); a['vx']=((((a['x']-0.5)*Math.cos(a['vang']))-((a['y']-0.5)*Math.sin(a['vang'])))+0.5); a['vy']=((((a['x']-0.5)*Math.sin(a['vang']))+((a['y']-0.5)*Math.cos(a['vang'])))+0.5); a['dvx']=(0.01*Math.sin((a['time']+((a['vy']*80)*a['radxy'])))); a['dvy']=(0.01*Math.cos((a['time']+((a['vx']*80)*a['radxy'])))); a['outx']=((a['dvx']*Math.cos(a['vang']))-(a['dvy']*Math.sin(a['vang']))); a['outy']=((-a['dvx']*Math.sin(a['vang']))-(a['dvy']*Math.cos(a['vang']))); a['dx']=((a['in']*a['inx'])+(a['out']*a['outx'])); a['dy']=((a['in']*a['iny'])+(a['out']*a['outy'])); a['num']=8; a['pi']=3.141592654; a['radi']=((a['y']-0.5)*0.75); a['radi']=(a['y']-0.5); a['radi']=pow(((a['radi']*a['radi'])+((a['x']-0.5)*(a['x']-0.5))), 0.5); a['an']=((a['ang']+a['pi'])+a['time']); a['an']=(a['an']-((a['pi']*2)*Math.floor(div(a['an'],(a['pi']*2))))); a['mod']=0.1; a['seg']=(a['ang']+a['pi']); a['seg']=(div(a['seg'],(a['pi']*2))*a['num']); a['seg']=Math.floor(a['seg']); a['seg']=(a['seg']-equal(a['seg'], a['num'])); a['anga']=((a['ang']+a['pi'])-(div((a['pi']*2),a['num'])*a['seg'])); a['anga']=((Math.abs(equal(mod(a['seg'],2), 0))>0.00001)?((div((a['pi']*2),a['num'])-a['anga'])):(a['anga'])); a['anga']=(a['anga']+div(a['pi'],4)); a['ox']=(0.5-(a['radi']*Math.sin(a['anga']))); a['oy']=(0.5+(a['radi']*Math.cos(a['anga']))); a['rot']=((Math.abs(equal(a['seg'], 0))>0.00001)?(a['rot']):(0)); a['dx']=(above(a['seg'], 0)*(a['x']-a['ox'])); a['dy']=(above(a['seg'], 0)*(a['y']-a['oy']));",
 "baseVals": {
  "rating": 5,
  "gammaadj": 1,
  "decay": 0.77,
  "echo_zoom": 0.999994,
  "echo_alpha": 0.5,
  "echo_orient": 3,
  "wave_brighten": 0,
  "brighten": 1,
  "wave_a": 0.009785,
  "wave_scale": 0.01,
  "wave_smoothing": 0.9,
  "modwavealphastart": 0.5,
  "modwavealphaend": 1,
  "zoomexp": 0.8802,
  "fshader": 0.330001,
  "zoom": 0.9998,
  "warp": 0.01,
  "sx": 0.9999,
  "sy": 0.9998,
  "wave_r": 0.5,
  "wave_g": 0.5,
  "wave_b": 0.5,
  "ob_size": 0.005,
  "ob_r": 0.1,
  "ob_g": 0.1,
  "ob_b": 0.1,
  "ob_a": 0.01,
  "ib_size": 0.05,
  "ib_r": 0.1,
  "ib_g": 0.1,
  "ib_b": 0.1,
  "ib_a": 0.01,
  "mv_x": 64,
  "mv_y": 48,
  "mv_l": 5,
  "mv_a": 0
 },
 "warp": "",
 "comp": ""
}