{
 "shapes": [
  {
   "baseVals": {
    "enabled": 1,
    "sides": 15,
    "additive": 1,
    "textured": 1,
    "rad": 0.13478,
    "tex_zoom": 1.62835,
    "r": 0.3,
    "g": 0.8,
    "b": 1,
    "a": 0.08,
    "g2": 0.5,
    "b2": 1,
    "border_a": 0
   },
   "init_eqs_str": " ",
   "frame_eqs_str": ""
  },
  {
   "baseVals": {
    "enabled": 1,
    "sides": 11,
    "additive": 1,
    "textured": 1,
    "rad": 0.1016,
    "r": 0.3,
    "g": 0.6,
    "b": 1,
    "a": 0.38,
    "g2": 0,
    "border_a": 0
   },
   "init_eqs_str": " ",
   "frame_eqs_str": ""
  },
  {
   "baseVals": {
    "enabled": 1,
    "sides": 10,
    "additive": 1,
    "rad": 0.94761,
    "r": 0.5,
    "g": 0.2,
    "b": 0.8,
    "g2": 0,
    "border_a": 0
   },
   "init_eqs_str": " ",
   "frame_eqs_str": "a['a']=(((a['mid_att']*a['mid_att'])*a['mid'])*0.002);"
  },
  {
   "baseVals": {
    "enabled": 1,
    "sides": 100,
    "additive": 1,
    "textured": 1,
    "rad": 0.01,
    "tex_zoom": 0.04027,
    "g": 0.2,
    "g2": 0,
    "border_a": 0
   },
   "init_eqs_str": " ",
   "frame_eqs_str": "a['ang']=(a['time']*0.1); a['a']=(a['mid']*a['mid_att']); a['a']=Math.min(a['a'], 1); a['a']=(1-((a['a']*0.4)*above(a['treb'], 0.9)));"
  }
 ],
 "waves": [
  {
   "baseVals": {
    "enabled": 1,
    "usedots": 1,
    "thick": 1,
    "additive": 1,
    "r": 0.3,
    "g": 0.7
   },
   "init_eqs_str": "a['n'] = 0; a['yq'] = 0; a['xp'] = 0; a['xs'] = 0; a['yp'] = 0; a['fade'] = 0; a['spark'] = 0; a['r1'] = 0; a['g2'] = 0; a['xq'] = 0; a['flip'] = 0; a['ys'] = 0; a['zq'] = 0; a['r2'] = 0; a['ang'] = 0; a['b2'] = 0; a['zp'] = 0; a['phase'] = 0; a['g1'] = 0; a['b1'] = 0; ",
   "frame_eqs_str": "",
   "point_eqs_str": "a['n']=(a['sample']*6.283); a['flip']=(a['flip']+1); a['flip']=(a['flip']*below(a['flip'], 2)); a['phase']=((((Math.sin((a['n']*3))*Math.sin((a['n']*7.9)))*Math.sin((a['n']*16.7)))*Math.sin((a['n']*63.5)))*6); a['xp']=Math.sin((a['n']+a['phase'])); a['yp']=Math.cos((a['n']+a['phase'])); a['zp']=0; a['ang']=((a['n']*2)+a['phase']); a['xq']=((a['xp']*Math.sin(a['ang']))+(a['zp']*Math.cos(a['ang']))); a['yq']=a['yp']; a['zq']=((a['xp']*Math.cos(a['ang']))-(a['zp']*Math.sin(a['ang']))); a['r1']=0.1; a['g1']=0.3; a['b1']=1; a['r2']=0.7; a['g2']=0.1; a['b2']=1.0; a['fade']=((a['xq']*0.5)+0.5); a['r']=((a['r1']*a['fade'])+(a['r2']*(1-a['fade']))); a['g']=((a['g1']*a['fade'])+(a['g2']*(1-a['fade']))); a['b']=((a['b1']*a['fade'])+(a['b2']*(1-a['fade']))); a['ang']=(a['time']*0.1); a['xp']=((a['xq']*Math.sin(a['ang']))+(a['zq']*Math.cos(a['ang']))); a['yp']=a['yq']; a['zp']=((a['xq']*Math.cos(a['ang']))-(a['zq']*Math.sin(a['ang']))); a['ang']=(a['time']*0.17); a['xq']=a['xp']; a['yq']=((a['yp']*Math.sin(a['ang']))+(a['zp']*Math.cos(a['ang']))); a['zq']=((a['yp']*Math.cos(a['ang']))-(a['zp']*Math.sin(a['ang']))); a['zq']=(a['zq']+3.1); a['xs']=div(a['xq'],a['zq']); a['ys']=div(a['yq'],a['zq']); a['x']=(a['xs']+0.5); a['y']=((a['ys']*1.3)+0.5); a['a']=((1*0.3)*pow(((Math.sin(((a['n']*4)+a['time']))*0.5)+0.5), 2)); a['spark']=Math.sin((a['phase']*35)); a['r']=((Math.abs(above(a['spark'], 0.93))>0.00001)?(0.6):(a['r'])); a['g']=((Math.abs(above(a['spark'], 0.93))>0.00001)?(0.8):(a['g'])); a['b']=((Math.abs(above(a['spark'], 0.93))>0.00001)?(1.0):(a['b']));"
  },
  {
   "baseVals": {
    "enabled": 1,
    "thick": 1,
    "additive": 1,
    "scaling": 5.05344
   },
   "init_eqs_str": "a['n'] = 0; a['yq'] = 0; a['xp'] = 0; a['xs'] = 0; a['yp'] = 0; a['fade'] = 0; a['r1'] = 0; a['g2'] = 0; a['xq'] = 0; a['flip'] = 0; a['ys'] = 0; a['zq'] = 0; a['r2'] = 0; a['ang'] = 0; a['b2'] = 0; a['wave'] = 0; a['zp'] = 0; a['phase'] = 0; a['g1'] = 0; a['b1'] = 0; ",
   "frame_eqs_str": "",
   "point_eqs_str": "a['n']=((a['sample']*0.23)+(a['time']*0.11)); a['flip']=(a['flip']+1); a['flip']=(a['flip']*below(a['flip'], 2)); a['phase']=((((Math.sin((a['n']*3))*Math.sin((a['n']*7.9)))*Math.sin((a['n']*16.7)))*Math.sin((a['n']*63.5)))*6); a['xp']=Math.sin((a['n']+a['phase'])); a['yp']=Math.cos((a['n']+a['phase'])); a['zp']=0; a['ang']=((a['n']*2)+a['phase']); a['xq']=((a['xp']*Math.sin(a['ang']))+(a['zp']*Math.cos(a['ang']))); a['yq']=a['yp']; a['zq']=((a['xp']*Math.cos(a['ang']))-(a['zp']*Math.sin(a['ang']))); a['r1']=0.1; a['g1']=0.3; a['b1']=1; a['r2']=1.0; a['g2']=0.1; a['b2']=0.5; a['fade']=((a['xq']*0.5)+0.5); a['r']=((a['r1']*a['fade'])+(a['r2']*(1-a['fade']))); a['g']=((a['g1']*a['fade'])+(a['g2']*(1-a['fade']))); a['b']=((a['b1']*a['fade'])+(a['b2']*(1-a['fade']))); a['ang']=(a['time']*0.1); a['xp']=((a['xq']*Math.sin(a['ang']))+(a['zq']*Math.cos(a['ang']))); a['yp']=a['yq']; a['zp']=((a['xq']*Math.cos(a['ang']))-(a['zq']*Math.sin(a['ang']))); a['ang']=(a['time']*0.17); a['xq']=a['xp']; a['yq']=((a['yp']*Math.sin(a['ang']))+(a['zp']*Math.cos(a['ang']))); a['zq']=((a['yp']*Math.cos(a['ang']))-(a['zp']*Math.sin(a['ang']))); a['zq']=(a['zq']+3.1); a['xs']=div(a['xq'],a['zq']); a['ys']=div(a['yq'],a['zq']); a['x']=(a['xs']+0.5); a['y']=((a['ys']*1.3)+0.5); a['wave']=((((Math.sin((a['n']*8000))*Math.sin((a['n']*690)))*Math.sin((a['n']*17000)))*0.5)+0.5); a['a']=((a['sample']*a['wave'])*0.4);"
  },
  {
   "baseVals": {
    "enabled": 1,
    "thick": 1,
    "additive": 1
   },
   "init_eqs_str": "a['n'] = 0; a['yq'] = 0; a['xp'] = 0; a['xs'] = 0; a['yp'] = 0; a['fade'] = 0; a['r1'] = 0; a['g2'] = 0; a['xq'] = 0; a['flip'] = 0; a['ys'] = 0; a['zq'] = 0; a['r2'] = 0; a['ang'] = 0; a['b2'] = 0; a['wave'] = 0; a['zp'] = 0; a['phase'] = 0; a['g1'] = 0; a['b1'] = 0; ",
   "frame_eqs_str": "",
   "point_eqs_str": "a['n']=(((a['sample']*0.03)+(a['time']*0.01))+2.1); a['flip']=(a['flip']+1); a['flip']=(a['flip']*below(a['flip'], 2)); a['phase']=((((Math.sin((a['n']*3))*Math.sin((a['n']*7.9)))*Math.sin((a['n']*16.7)))*Math.sin((a['n']*63.5)))*6); a['xp']=Math.sin((a['n']+a['phase'])); a['yp']=Math.cos((a['n']+a['phase'])); a['zp']=0; a['ang']=((a['n']*2)+a['phase']); a['xq']=((a['xp']*Math.sin(a['ang']))+(a['zp']*Math.cos(a['ang']))); a['yq']=a['yp']; a['zq']=((a['xp']*Math.cos(a['ang']))-(a['zp']*Math.sin(a['ang']))); a['r1']=0.1; a['g1']=0.3; a['b1']=1; a['r2']=1.0; a['g2']=0.1; a['b2']=0.5; a['fade']=((a['xq']*0.5)+0.5); a['r']=((a['r1']*a['fade'])+(a['r2']*(1-a['fade']))); a['g']=((a['g1']*a['fade'])+(a['g2']*(1-a['fade']))); a['b']=((a['b1']*a['fade'])+(a['b2']*(1-a['fade']))); a['ang']=(a['time']*0.1); a['xp']=((a['xq']*Math.sin(a['ang']))+(a['zq']*Math.cos(a['ang']))); a['yp']=a['yq']; a['zp']=((a['xq']*Math.cos(a['ang']))-(a['zq']*Math.sin(a['ang']))); a['ang']=(a['time']*0.17); a['xq']=a['xp']; a['yq']=((a['yp']*Math.sin(a['ang']))+(a['zp']*Math.cos(a['ang']))); a['zq']=((a['yp']*Math.cos(a['ang']))-(a['zp']*Math.sin(a['ang']))); a['zq']=(a['zq']+3.1); a['xs']=div(a['xq'],a['zq']); a['ys']=div(a['yq'],a['zq']); a['x']=(a['xs']+0.5); a['y']=((a['ys']*1.3)+0.5); a['wave']=((((Math.sin((a['n']*8000))*Math.sin((a['n']*690)))*Math.sin((a['n']*17000)))*0.5)+0.5); a['a']=((a['sample']*a['wave'])*0.4);"
  },
  {
   "baseVals": {
    "enabled": 1,
    "thick": 1,
    "additive": 1
   },
   "init_eqs_str": "a['n'] = 0; a['yq'] = 0; a['xp'] = 0; a['xs'] = 0; a['yp'] = 0; a['fade'] = 0; a['r1'] = 0; a['g2'] = 0; a['xq'] = 0; a['flip'] = 0; a['ys'] = 0; a['zq'] = 0; a['r2'] = 0; a['ang'] = 0; a['b2'] = 0; a['wave'] = 0; a['zp'] = 0; a['phase'] = 0; a['g1'] = 0; a['b1'] = 0; ",
   "frame_eqs_str": "",
   "point_eqs_str": "a['n']=(((a['sample']*0.03)+(a['time']*0.01))+4.2); a['flip']=(a['flip']+1); a['flip']=(a['flip']*below(a['flip'], 2)); a['phase']=((((Math.sin((a['n']*3))*Math.sin((a['n']*7.9)))*Math.sin((a['n']*16.7)))*Math.sin((a['n']*63.5)))*6); a['xp']=Math.sin((a['n']+a['phase'])); a['yp']=Math.cos((a['n']+a['phase'])); a['zp']=0; a['ang']=((a['n']*2)+a['phase']); a['xq']=((a['xp']*Math.sin(a['ang']))+(a['zp']*Math.cos(a['ang']))); a['yq']=a['yp']; a['zq']=((a['xp']*Math.cos(a['ang']))-(a['zp']*Math.sin(a['ang']))); a['r1']=0.1; a['g1']=0.3; a['b1']=1; a['r2']=1.0; a['g2']=0.1; a['b2']=0.5; a['fade']=((a['xq']*0.5)+0.5); a['r']=((a['r1']*a['fade'])+(a['r2']*(1-a['fade']))); a['g']=((a['g1']*a['fade'])+(a['g2']*(1-a['fade']))); a['b']=((a['b1']*a['fade'])+(a['b2']*(1-a['fade']))); a['ang']=(a['time']*0.1); a['xp']=((a['xq']*Math.sin(a['ang']))+(a['zq']*Math.cos(a['ang']))); a['yp']=a['yq']; a['zp']=((a['xq']*Math.cos(a['ang']))-(a['zq']*Math.sin(a['ang']))); a['ang']=(a['time']*0.17); a['xq']=a['xp']; a['yq']=((a['yp']*Math.sin(a['ang']))+(a['zp']*Math.cos(a['ang']))); a['zq']=((a['yp']*Math.cos(a['ang']))-(a['zp']*Math.sin(a['ang']))); a['zq']=(a['zq']+3.1); a['xs']=div(a['xq'],a['zq']); a['ys']=div(a['yq'],a['zq']); a['x']=(a['xs']+0.5); a['y']=((a['ys']*1.3)+0.5); a['wave']=((((Math.sin((a['n']*8000))*Math.sin((a['n']*690)))*Math.sin((a['n']*17000)))*0.5)+0.5); a['a']=((a['sample']*a['wave'])*0.4);"
  }
 ],
 "init_eqs_str": "a['aaa'] = 0;",
 "frame_eqs_str": "a['aaa']=(a['bass_att']-0.72); a['zoom']=(a['zoom']+(0.05*Math.sin((0.3*a['time'])))); a['mv_a']=(a['mv_a']+(0.012*Math.sin((a['time']*1.33)))); a['wave_r']=a['mv_r']; a['wave_g']=a['mv_g']; a['wave_b']=a['mv_b']; a['warp']=(a['warp']+Math.sin(a['time'])); a['rot']=(0.5+(Math.sin(a['time'])*0.33)); a['monitor']=a['warp']; a['cx']=((a['cx']+(Math.sin(a['time'])*0.2))+3); a['cy']=(a['cy']+(Math.sin(a['time'])*0.02)); a['monitor']=a['cy'];",
 "pixel_eqs_str": "",
 "baseVals": {
  "rating": 0,
  "gammaadj": 1.21,
  "decay": 0.96,
  "echo_zoom": 0.997,
  "echo_orient": 1,
  "wave_mode": 1,
  "additivewave": 1,
  "wave_dots": 1,
  "wave_thick": 1,
  "modwavealphabyvolume": 1,
  "wave_brighten": 0,
  "darken": 1,
  "wave_a": 0.001,
  "wave_scale": 0.012,
  "wave_smoothing": 0.9,
  "warpanimspeed": 1.22,
  "warpscale": 7.98,
  "zoom": 1.0065,
  "cx": 0.53,
  "dx": 1,
  "warp": 6.16591,
  "sx": 100,
  "sy": 79.68974,
  "wave_r": 0.5,
  "wave_g": 0.4,
  "wave_b": 0.3,
  "ob_size": 0,
  "ob_r": 0.2,
  "ob_g": 0.8,
  "ob_b": 0.8,
  "ib_size": 0,
  "ib_r": 0,
  "ib_g": 1,
  "ib_b": 1,
  "mv_x": 64,
  "mv_y": 48,
  "mv_l": 1,
  "mv_r": 0.39,
  "mv_g": 0.44,
  "mv_b": 0.9,
  "mv_a": 0
 },
 "warp": "",
 "comp": ""
}