{
 "shapes": [
  {
   "baseVals": {
    "enabled": 1,
    "sides": 5,
    "textured": 1,
    "rad": 0.387,
    "tex_zoom": 1.69447,
    "g": 1,
    "b": 1,
    "r2": 0.8,
    "b2": 1,
    "border_a": 0
   },
   "init_eqs_str": " ",
   "frame_eqs_str": ""
  },
  {
   "baseVals": {
    "enabled": 1,
    "sides": 5,
    "additive": 1,
    "textured": 1,
    "x": 0.61,
    "y": 0.41,
    "rad": 0.4817,
    "ang": 1.00531,
    "tex_zoom": 1.10462,
    "g": 1,
    "b": 1,
    "a": 0.4,
    "r2": 0.4,
    "g2": 0.6,
    "b2": 1,
    "border_a": 0
   },
   "init_eqs_str": "a['flip'] = 0; a['q7'] = 0; a['vol'] = 0; a['flip']=1;",
   "frame_eqs_str": "a['flip']=-a['flip']; a['x']=(((Math.sin(a['q7'])*0.2)*a['flip'])+0.5); a['y']=(((Math.cos(a['q7'])*0.2)*1.3)+0.5); a['ang']=(-a['time']*0.5); a['vol']=(((a['bass']+a['mid'])+a['treb'])*0.25); a['vol']=(a['vol']*a['vol']); a['a']=(a['a']*Math.min(a['vol'], 1));"
  },
  {
   "baseVals": {
    "enabled": 1,
    "sides": 5,
    "textured": 1,
    "rad": 0.28999,
    "tex_zoom": 2.59927,
    "g": 1,
    "b": 1,
    "r2": 1,
    "g2": 0.5,
    "b2": 0.7,
    "border_a": 0
   },
   "init_eqs_str": "a['q8'] = 0; a['q7'] = 0; a['sang'] = 0; a['cang'] = 0; a['xn'] = 0; a['yn'] = 0; ",
   "frame_eqs_str": "a['x']=(Math.sin((a['q8']*2))*0.2); a['y']=(Math.cos((a['q8']*2))*0.2); a['x']=(a['x']+0.2); a['ang']=(a['q7']*1); a['sang']=Math.sin(a['ang']); a['cang']=Math.cos(a['ang']); a['xn']=((a['x']*a['sang'])+(a['y']*a['cang'])); a['yn']=((a['x']*a['cang'])-(a['y']*a['sang'])); a['x']=(a['xn']+0.5); a['y']=((a['yn']*1.3)+0.5); a['ang']=(-a['time']*2);"
  },
  {
   "baseVals": {
    "enabled": 1,
    "sides": 15,
    "additive": 1,
    "rad": 0.17987,
    "g": 0.6,
    "b": 0.5,
    "g2": 0.6,
    "b2": 1,
    "border_a": 0
   },
   "init_eqs_str": "a['vol'] = 0; ",
   "frame_eqs_str": "a['vol']=(((a['bass']+a['mid'])+a['treb'])*0.25); a['vol']=(a['vol']*a['vol']); a['a']=Math.min(a['vol'], 1);"
  }
 ],
 "waves": [
  {
   "baseVals": {
    "enabled": 0
   }
  },
  {
   "baseVals": {
    "enabled": 0
   }
  },
  {
   "baseVals": {
    "enabled": 0
   }
  },
  {
   "baseVals": {
    "enabled": 0
   }
  }
 ],
 "init_eqs_str": "",
 "frame_eqs_str": "a['wave_r']=(a['wave_r']+(0.350*((0.60*Math.sin((0.980*a['time'])))+(0.40*Math.sin((1.047*a['time'])))))); a['wave_g']=(a['wave_g']+(0.350*((0.60*Math.sin((0.835*a['time'])))+(0.40*Math.sin((1.081*a['time'])))))); a['wave_b']=(a['wave_b']+(0.350*((0.60*Math.sin((0.814*a['time'])))+(0.40*Math.sin((1.011*a['time'])))))); a['rot']=((a['rot']+(0.030*a['time']))+1); a['cx']=(a['cx']+(0.110*((0.60*Math.sin((0.374*a['time'])))+(0.40*Math.sin((0.294*a['time'])))))); a['cy']=(a['cy']+(0.110*((0.60*Math.sin((0.393*a['time'])))+(0.40*Math.sin((0.223*a['time'])))))); a['zoom']=((a['zoom']+0.05)+(0.05*Math.sin((a['time']*0.133))));",
 "pixel_eqs_str": "a['zoom']=(((a['zoom']-1)*a['rad'])+1);",
 "baseVals": {
  "rating": 0,
  "gammaadj": 1.28,
  "decay": 0.96,
  "echo_zoom": 1.007,
  "echo_orient": 1,
  "wave_mode": 2,
  "wave_dots": 1,
  "wave_brighten": 0,
  "darken": 1,
  "wave_a": 0.001,
  "wave_scale": 0.012,
  "wave_smoothing": 0.9,
  "warpscale": 1.331,
  "zoom": 0.37039,
  "rot": 0.18,
  "cx": 0.32,
  "cy": 0.38,
  "warp": 0.01249,
  "wave_r": 0.5,
  "wave_g": 0.4,
  "wave_b": 0.3,
  "mv_x": 64,
  "mv_y": 48,
  "mv_l": 5,
  "mv_r": 0,
  "mv_g": 0,
  "mv_b": 0,
  "mv_a": 0
 },
 "warp": "",
 "comp": ""
}