{
 "shapes": [
  {
   "baseVals": {
    "enabled": 1,
    "sides": 100,
    "additive": 1,
    "thickoutline": 1,
    "textured": 1,
    "rad": 0.40271,
    "tex_zoom": 1.34784,
    "r": 0.8,
    "g": 0.4,
    "b": 0.7,
    "a": 0.2,
    "g2": 0,
    "border_a": 0
   },
   "init_eqs_str": " ",
   "frame_eqs_str": "a['rad']=(a['rad']+(a['bass']*0.6)); a['ang']=a['time'];"
  },
  {
   "baseVals": {
    "enabled": 0
   }
  },
  {
   "baseVals": {
    "enabled": 1,
    "additive": 1,
    "thickoutline": 1,
    "a": 0.1,
    "r2": 1,
    "g2": 0.8,
    "b2": 0.9,
    "a2": 0.05,
    "border_a": 0.2
   },
   "init_eqs_str": " ",
   "frame_eqs_str": "a['rad']=(mod((a['treb_att']*100),5)*0.2); a['border_a']=(a['treb_att']*0.02);"
  },
  {
   "baseVals": {
    "enabled": 0
   }
  }
 ],
 "waves": [
  {
   "baseVals": {
    "enabled": 1,
    "additive": 1,
    "scaling": 0.55045,
    "smoothing": 1,
    "a": 0.4
   },
   "init_eqs_str": " ",
   "frame_eqs_str": "",
   "point_eqs_str": ""
  },
  {
   "baseVals": {
    "enabled": 1,
    "usedots": 1,
    "thick": 1,
    "additive": 1,
    "scaling": 4.02709,
    "smoothing": 0,
    "r": 0.4,
    "b": 0.8,
    "a": 0.4
   },
   "init_eqs_str": " ",
   "frame_eqs_str": "",
   "point_eqs_str": ""
  },
  {
   "baseVals": {
    "enabled": 0
   }
  },
  {
   "baseVals": {
    "enabled": 0
   }
  }
 ],
 "init_eqs_str": "a['ray'] = 0;",
 "frame_eqs_str": "a['warp']=0; a['wave_r']=((a['wave_r']+(0.5*Math.sin((a['time']*333))))+(a['bass']*0.3)); a['wave_g']=((a['wave_g']+(0.5*Math.sin((a['time']*222))))+(a['treb']*0.3)); a['wave_b']=((a['wave_b']+(0.5*Math.sin((a['time']*111))))+(a['mid']*0.3)); a['rot']=(0.4*Math.sin((a['mid_att']*0.05)));",
 "pixel_eqs_str": "a['ray']=(pow(a['rad'], 1.8)+0.05); a['zoom']=(((div(a['ray'],a['rad'])*1.4)+(0.3*Math.sin((a['ang']*(a['bass']*5)))))+(a['bass']*0.2));",
 "baseVals": {
  "rating": 2,
  "decay": 0.95,
  "echo_zoom": 3.008,
  "echo_orient": 1,
  "wave_mode": 7,
  "additivewave": 1,
  "wave_thick": 1,
  "modwavealphabyvolume": 1,
  "wrap": 0,
  "darken_center": 1,
  "darken": 1,
  "wave_a": 0.107,
  "wave_scale": 2.336,
  "wave_smoothing": 0.63,
  "modwavealphastart": 0.71,
  "modwavealphaend": 1.3,
  "zoomexp": 1.0741,
  "fshader": 1,
  "wave_r": 0.35,
  "wave_g": 0.35,
  "mv_l": 5,
  "mv_a": 0
 },
 "warp": "",
 "comp": ""
}