{
 "shapes": [
  {
   "baseVals": {
    "enabled": 0
   }
  },
  {
   "baseVals": {
    "enabled": 0
   }
  },
  {
   "baseVals": {
    "enabled": 0
   }
  },
  {
   "baseVals": {
    "enabled": 1,
    "sides": 50,
    "thickoutline": 1,
    "textured": 1,
    "rad": 0.8926,
    "tex_zoom": 2.630066,
    "g": 1,
    "b": 1,
    "a": 0.3,
    "r2": 1,
    "g2": 0,
    "border_r": 0,
    "border_g": 0,
    "border_b": 0,
    "border_a": 0
   },
   "init_eqs_str": " ",
   "frame_eqs_str": ""
  }
 ],
 "waves": [
  {
   "baseVals": {
    "enabled": 0
   }
  },
  {
   "baseVals": {
    "enabled": 0
   }
  },
  {
   "baseVals": {
    "enabled": 0
   }
  },
  {
   "baseVals": {
    "enabled": 0
   }
  }
 ],
 "init_eqs_str": "a['wang'] = 0; a['q3'] = 0; a['in'] = 0; a['q2'] = 0; a['q1'] = 0; a['beat'] = 0; a['amp'] = 0; a['trebcap'] = 0;",
 "frame_eqs_str": "a['mv_g']=(1-(a['bass_att']*0.4)); a['beat']=((Math.abs(above((a['bass']*a['bass_att']), 4.5))>0.00001)?((1-a['beat'])):(a['beat'])); a['q1']=((a['beat']*2)-1); a['amp']=((a['amp']*0.8)+((0.2*((a['bass_att']+a['mid_att'])+a['treb_att']))*0.3)); a['q2']=Math.min(a['amp'], 1); a['trebcap']=((a['trebcap']*0.7)+(0.16*a['treb'])); a['q3']=(a['trebcap']*2); a['monitor']=a['q3'];",
 "pixel_eqs_str": "a['wang']=((((3+a['q3'])*a['x'])+(a['time']*1.7))+(a['bass']*0.1)); a['in']=0; a['in']=(a['in']+(below(Math.abs((a['x']-0.25)), 0.05)*below(Math.abs((a['y']-0.5)), 0.25))); a['in']=below(Math.abs((a['y']-(0.5+((0.5*Math.sin(a['wang']))*a['q2'])))), 0.1); a['in']=bnot(bnot(a['in'])); a['dx']=(0.02*a['in']); a['dy']=(((0.08*Math.cos(a['wang']))*a['q2'])*a['in']); a['dx']=(a['dx']+((bnot(a['in'])*0.005)*a['q1'])); a['dy']=(a['dy']+(((bnot(a['in'])*Math.cos(a['wang']))*-0.01)*a['q1']));",
 "baseVals": {
  "rating": 5,
  "gammaadj": 1,
  "decay": 1,
  "echo_zoom": 0.380217,
  "wave_mode": 6,
  "additivewave": 1,
  "wave_thick": 1,
  "modwavealphabyvolume": 1,
  "invert": 1,
  "wave_a": 4.099998,
  "wave_scale": 0.707737,
  "wave_smoothing": 0.63,
  "wave_mystery": 1,
  "modwavealphastart": 0.71,
  "modwavealphaend": 1.3,
  "warpanimspeed": 100,
  "warpscale": 100,
  "zoomexp": 0.01,
  "cx": 0.02,
  "dx": -1,
  "dy": 1,
  "warp": 0.2092,
  "wave_r": 0.65,
  "wave_g": 0.65,
  "wave_b": 0.65,
  "ob_size": 0,
  "ob_a": 1,
  "ib_size": 0,
  "ib_r": 0,
  "ib_g": 0,
  "ib_b": 0,
  "mv_x": 64,
  "mv_y": 28.7999,
  "mv_l": 2,
  "mv_r": 0,
  "mv_g": 0,
  "mv_a": 0.6
 },
 "warp": "",
 "comp": ""
}