{
 "shapes": [
  {
   "baseVals": {
    "enabled": 0
   }
  },
  {
   "baseVals": {
    "enabled": 0
   }
  },
  {
   "baseVals": {
    "enabled": 0
   }
  },
  {
   "baseVals": {
    "enabled": 0
   }
  }
 ],
 "waves": [
  {
   "baseVals": {
    "enabled": 0
   }
  },
  {
   "baseVals": {
    "enabled": 0
   }
  },
  {
   "baseVals": {
    "enabled": 0
   }
  },
  {
   "baseVals": {
    "enabled": 0
   }
  }
 ],
 "init_eqs_str": "a['rad2'] = 0; a['y3'] = 0; a['z2'] = 0; a['y1'] = 0; a['runtreb'] = 0; a['xs'] = 0; a['x1'] = 0; a['vt'] = 0; a['q1'] = 0; a['vb'] = 0; a['q9'] = 0; a['nc'] = 0; a['z3'] = 0; a['zs'] = 0; a['x3'] = 0; a['ys'] = 0; a['q11'] = 0; a['q10'] = 0; a['atime'] = 0; a['q4'] = 0; a['instance'] = 0; a['p2'] = 0; a['x2'] = 0; a['runbass'] = 0; a['p1'] = 0; a['y2'] = 0; a['runmids'] = 0; a['size'] = 0; a['q2'] = 0; a['p3'] = 0; a['z1'] = 0; a['q3'] = 0; a['vvm'] = 0; a['vvb'] = 0; a['vm'] = 0; a['p5'] = 0; a['vvt'] = 0; a['q8'] = 0;",
 "frame_eqs_str": "a['vb']=((a['vb']*0.95)+(((1-a['vb'])*pow(Math.abs((a['bass']-a['bass_att'])), 2))*0.02)); a['vvb']=((a['vvb']*0.95)+(((1-a['vvb'])*a['vb'])*0.01)); a['vm']=((a['vm']*0.95)+(((1-a['vm'])*pow(Math.abs((a['mid']-a['mid_att'])), 2))*0.02)); a['vvm']=((a['vvm']*0.95)+(((1-a['vvm'])*a['vm'])*0.01)); a['vt']=((a['vt']*0.95)+(((1-a['vt'])*pow(Math.abs((a['treb']-a['treb_att'])), 2))*0.02)); a['vvt']=((a['vvt']*0.95)+(((1-a['vvt'])*a['vt'])*0.01)); a['vvb']=Math.min(1, Math.max(0, a['vvb'])); a['vvm']=Math.min(1, Math.max(0, a['vvm'])); a['vvt']=Math.min(1, Math.max(0, a['vvt'])); a['runbass']=(a['runbass']+a['vvb']); a['runmids']=(a['runmids']+a['vvm']); a['runtreb']=(a['runtreb']+a['vvt']); a['atime']=(((a['runtreb']+a['runmids'])+a['runbass'])*1.85); a['q8']=((Math.sin((a['atime']-(((0*4)*Math.asin(-1))*0.33333333333333)))+1)*0.4); a['q9']=((Math.sin((a['atime']-(((1*4)*Math.asin(-1))*0.33333333333333)))+1)*0.4); a['q10']=((Math.sin((a['atime']-(((2*4)*Math.asin(-1))*0.33333333333333)))+1)*0.4); a['q11']=a['atime']; a['q1']=(((a['vvt']+a['vvm'])+a['vvb'])*100); a['q2']=(((a['vvt']+a['vvm'])+a['vvb'])*100); a['q3']=(((a['vvt']+a['vvm'])+a['vvb'])*100); a['mv_r']=a['q8']; a['mv_g']=a['q9']; a['mv_b']=a['q10']; a['mv_l']=0.2;",
 "pixel_eqs_str": "a['p1']=div(a['q11'],5); a['p2']=div(a['q11'],6); a['rad2']=(0.005+div(a['bass'],100)); a['instance']=a['rad']; a['p5']=div(a['q1'],70); a['size']=0.5; a['nc']=Math.sin((div(a['ang'],a['rad'])+a['q11'])); a['xs']=(Math.sin(div((6.28*mod(a['instance'],a['nc'])),a['nc']))*Math.sin(div((3.14*Math.floor(div(a['instance'],a['nc']))),a['nc']))); a['ys']=(Math.cos(div((6.28*mod(a['instance'],a['nc'])),a['nc']))*Math.sin(div((3.14*Math.floor(div(a['instance'],a['nc']))),a['nc']))); a['zs']=Math.cos(div((3.14*Math.floor(div(a['instance'],a['nc']))),a['nc'])); a['y1']=((a['ys']*Math.cos(a['p1']))-(a['zs']*Math.sin(a['p1']))); a['z1']=((a['ys']*Math.sin(a['p1']))+(a['zs']*Math.cos(a['p1']))); a['x1']=((a['z1']*Math.sin(a['p2']))+(a['xs']*Math.cos(a['p2']))); a['z2']=((a['z1']*Math.cos(a['p2']))-(a['xs']*Math.sin(a['p2']))); a['x2']=((a['x1']*Math.cos(a['p3']))-(a['y1']*Math.sin(a['p3']))); a['y2']=((a['y1']*Math.cos(a['p3']))+(a['x1']*Math.sin(a['p3']))); a['x3']=(a['x2']+a['q4']); a['y3']=a['y2']; a['z3']=(a['z2']+a['p5']); a['dx']=(Math.sin(a['time'])*0.2); a['dy']=(Math.cos(a['time'])*0.2);",
 "baseVals": {
  "rating": 3,
  "gammaadj": 1,
  "decay": 0.001,
  "echo_zoom": 0.5,
  "wrap": 0,
  "wave_a": 0,
  "modwavealphastart": 1,
  "modwavealphaend": 1,
  "cx": 0,
  "cy": 0,
  "warp": 0.01,
  "wave_r": 0,
  "wave_g": 0,
  "wave_b": 0,
  "wave_x": 0,
  "wave_y": 0,
  "ob_size": 0,
  "ib_size": 0,
  "mv_x": 64,
  "mv_y": 48,
  "mv_l": 0.05,
  "mv_g": 0,
  "mv_b": 0.2,
  "b1x": 0,
  "b2x": 0,
  "b3x": 0,
  "b1ed": 0
 },
 "warp": "",
 "comp": ""
}