{
 "shapes": [
  {
   "baseVals": {
    "enabled": 1,
    "sides": 5,
    "textured": 1,
    "rad": 0.387,
    "tex_zoom": 1.69447,
    "g": 1,
    "b": 1,
    "r2": 0.8,
    "b2": 1,
    "border_a": 0
   },
   "init_eqs_str": " ",
   "frame_eqs_str": ""
  },
  {
   "baseVals": {
    "enabled": 1,
    "sides": 5,
    "additive": 1,
    "textured": 1,
    "x": 0.61,
    "y": 0.41,
    "rad": 0.4817,
    "ang": 1.00531,
    "tex_zoom": 1.10462,
    "g": 1,
    "b": 1,
    "a": 0.4,
    "r2": 0.4,
    "g2": 0.6,
    "b2": 1,
    "border_a": 0
   },
   "init_eqs_str": "a['flip'] = 0; a['q7'] = 0; a['vol'] = 0; a['flip']=1;",
   "frame_eqs_str": "a['flip']=-a['flip']; a['x']=(((Math.sin(a['q7'])*0.2)*a['flip'])+0.5); a['y']=(((Math.cos(a['q7'])*0.2)*1.3)+0.5); a['ang']=(-a['time']*0.5); a['vol']=(((a['bass']+a['mid'])+a['treb'])*0.25); a['vol']=(a['vol']*a['vol']); a['a']=(a['a']*Math.min(a['vol'], 1));"
  },
  {
   "baseVals": {
    "enabled": 1,
    "sides": 5,
    "thickoutline": 1,
    "textured": 1,
    "rad": 0.28999,
    "tex_zoom": 2.59926,
    "g": 1,
    "b": 1,
    "r2": 1,
    "g2": 0.5,
    "b2": 0.7,
    "border_a": 0
   },
   "init_eqs_str": "a['q8'] = 0; a['q7'] = 0; a['sang'] = 0; a['cang'] = 0; a['xn'] = 0; a['yn'] = 0; ",
   "frame_eqs_str": "a['x']=(Math.sin((a['q8']*2))*0.2); a['y']=(Math.cos((a['q8']*2))*0.2); a['x']=(a['x']+0.2); a['ang']=(a['q7']*2); a['sang']=Math.sin(a['ang']); a['cang']=Math.cos(a['ang']); a['xn']=((a['x']*a['sang'])+(a['y']*a['cang'])); a['yn']=((a['x']*a['cang'])-(a['y']*a['sang'])); a['x']=(a['xn']+0.3); a['y']=((a['yn']*1.3)+0.5); a['ang']=(-a['time']*2);"
  },
  {
   "baseVals": {
    "enabled": 1,
    "sides": 15,
    "additive": 1,
    "thickoutline": 1,
    "rad": 0.21948,
    "tex_zoom": 1.00815,
    "g": 0.6,
    "b": 0.5,
    "g2": 0.6,
    "b2": 1,
    "border_a": 0
   },
   "init_eqs_str": "a['vol'] = 0; ",
   "frame_eqs_str": "a['vol']=(((a['bass']+a['mid'])+a['treb'])*0.25); a['vol']=(a['vol']*a['vol']); a['a']=Math.min(a['vol'], 1);"
  }
 ],
 "waves": [
  {
   "baseVals": {
    "enabled": 0
   }
  },
  {
   "baseVals": {
    "enabled": 0
   }
  },
  {
   "baseVals": {
    "enabled": 0
   }
  },
  {
   "baseVals": {
    "enabled": 0
   }
  }
 ],
 "init_eqs_str": "a['rd'] = 0; a['q4'] = 0; a['q5'] = 0; a['vol'] = 0; a['musictime'] = 0; a['zoom']=1; a['xpos']=0; a['ypos']=0;",
 "frame_eqs_str": "a['decay']=1; a['vol']=(((a['bass']+a['mid'])+a['treb'])*0.55); a['vol']=a['vol']; a['mv_r']=(0.5+(0.4*Math.sin((a['time']*1.324)))); a['mv_g']=(0.5+(0.4*Math.cos((a['time']*1.371)))); a['zoom']=0.7; a['musictime']=((a['musictime']+(a['vol']*1.5))-1); a['q4']=0.5; a['q5']=0.5; a['dx']=(Math.sin((a['musictime']*0.1))*0.05); a['dy']=(Math.cos((a['musictime']*0.069))*0.04);",
 "pixel_eqs_str": "a['rd']=sqrt((sqr((((a['x']-0.5)-a['q4'])*1.7))+sqr((((a['y']-0.5)+a['q5'])*1.2)))); a['cx']=(0.5+a['q4']); a['cy']=(0.5-a['q5']); a['zoom']=(div(a['rd'],a['rd'])-0.05); a['rot']=(div(a['rd'],a['rd'])+Math.sin(div(a['time'],5)));",
 "baseVals": {
  "rating": 2,
  "gammaadj": 1,
  "decay": 0.94,
  "echo_zoom": 1,
  "echo_orient": 1,
  "wave_mode": 2,
  "wave_dots": 1,
  "wave_brighten": 0,
  "darken": 1,
  "wave_a": 0.001,
  "wave_scale": 0.012,
  "wave_smoothing": 0.9,
  "warpscale": 1.331,
  "zoom": 13.29089,
  "dx": -0.28,
  "dy": -0.32,
  "warp": 0.01,
  "wave_r": 0.5,
  "wave_g": 0.4,
  "wave_b": 0.3,
  "ob_size": 0,
  "ob_a": 1,
  "ib_size": 0.015,
  "ib_r": 0.01,
  "ib_g": 0,
  "ib_b": 0,
  "ib_a": 1,
  "mv_x": 64,
  "mv_y": 48,
  "mv_l": 5,
  "mv_r": 0,
  "mv_g": 0,
  "mv_b": 0,
  "mv_a": 0
 },
 "warp": "",
 "comp": ""
}