{
 "shapes": [
  {
   "baseVals": {
    "enabled": 1,
    "sides": 5,
    "textured": 1,
    "rad": 0.387,
    "tex_zoom": 1.69447,
    "g": 1,
    "b": 1,
    "r2": 0.8,
    "b2": 1,
    "border_a": 0
   },
   "init_eqs_str": " ",
   "frame_eqs_str": ""
  },
  {
   "baseVals": {
    "enabled": 1,
    "sides": 5,
    "additive": 1,
    "textured": 1,
    "x": 0.61,
    "y": 0.41,
    "rad": 0.4817,
    "ang": 1.00531,
    "tex_zoom": 1.10462,
    "g": 1,
    "b": 1,
    "a": 0.4,
    "r2": 0.4,
    "g2": 0.6,
    "b2": 1,
    "border_a": 0
   },
   "init_eqs_str": "a['flip'] = 0; a['q7'] = 0; a['vol'] = 0; a['flip']=1;",
   "frame_eqs_str": "a['flip']=-a['flip']; a['x']=(((Math.sin(a['q7'])*0.2)*a['flip'])+0.5); a['y']=(((Math.cos(a['q7'])*0.2)*1.3)+0.5); a['ang']=(-a['time']*0.5); a['vol']=(((a['bass']+a['mid'])+a['treb'])*0.25); a['vol']=(a['vol']*a['vol']); a['a']=(a['a']*Math.min(a['vol'], 1));"
  },
  {
   "baseVals": {
    "enabled": 1,
    "sides": 5,
    "textured": 1,
    "rad": 0.28999,
    "tex_zoom": 2.59927,
    "g": 1,
    "b": 1,
    "r2": 1,
    "g2": 0.5,
    "b2": 0.7,
    "border_a": 0
   },
   "init_eqs_str": "a['q8'] = 0; a['q7'] = 0; a['sang'] = 0; a['cang'] = 0; a['xn'] = 0; a['yn'] = 0; ",
   "frame_eqs_str": "a['x']=(Math.sin((a['q8']*2))*0.2); a['y']=(Math.cos((a['q8']*2))*0.2); a['x']=(a['x']+0.2); a['ang']=(a['q7']*1); a['sang']=Math.sin(a['ang']); a['cang']=Math.cos(a['ang']); a['xn']=((a['x']*a['sang'])+(a['y']*a['cang'])); a['yn']=((a['x']*a['cang'])-(a['y']*a['sang'])); a['x']=(a['xn']+0.5); a['y']=((a['yn']*1.3)+0.5); a['ang']=(-a['time']*2);"
  },
  {
   "baseVals": {
    "enabled": 1,
    "sides": 15,
    "additive": 1,
    "rad": 0.17987,
    "g": 0.6,
    "b": 0.5,
    "g2": 0.6,
    "b2": 1,
    "border_a": 0
   },
   "init_eqs_str": "a['vol'] = 0; ",
   "frame_eqs_str": "a['vol']=(((a['bass']+a['mid'])+a['treb'])*0.25); a['vol']=(a['vol']*a['vol']); a['a']=Math.min(a['vol'], 1);"
  }
 ],
 "waves": [
  {
   "baseVals": {
    "enabled": 0
   }
  },
  {
   "baseVals": {
    "enabled": 0
   }
  },
  {
   "baseVals": {
    "enabled": 0
   }
  },
  {
   "baseVals": {
    "enabled": 0
   }
  }
 ],
 "init_eqs_str": "a['xpos'] = 0; a['yamptarg'] = 0; a['y_pos'] = 0; a['ydir'] = 0; a['meanbass_att'] = 0; a['q1'] = 0; a['myx'] = 0; a['myy'] = 0; a['lastbeat'] = 0; a['beatrate'] = 0; a['peakbass_att'] = 0; a['xamptarg'] = 0; a['xamp'] = 0; a['xspeed'] = 0; a['ypos'] = 0; a['movement'] = 0; a['att'] = 0; a['volume'] = 0; a['beat'] = 0; a['q2'] = 0; a['yamp'] = 0; a['q3'] = 0; a['xdir'] = 0; a['q8'] = 0; a['yspeed'] = 0;",
 "frame_eqs_str": "a['warp']=0; a['volume']=(0.3*((a['bass']+a['mid'])+a['att'])); a['xamptarg']=((Math.abs(equal(mod(a['frame'],15), 0))>0.00001)?(Math.min(((0.25*a['volume'])*a['bass_att']), 0.5)):(a['xamptarg'])); a['xamp']=(a['xamp']+(0.5*(a['xamptarg']-a['xamp']))); a['xdir']=((Math.abs(above(Math.abs(a['xpos']), a['xamp']))>0.00001)?(-sign(a['xpos'])):(((Math.abs(below(Math.abs(a['xspeed']), 0.1))>0.00001)?(((2*above(a['xpos'], 0))-1)):(a['xdir'])))); a['xspeed']=(((a['xspeed']+(a['xdir']*a['xamp']))-a['xpos'])-((a['xspeed']*0.055)*below(Math.abs(a['xpos']), a['xamp']))); a['xpos']=(a['xpos']+(0.001*a['xspeed'])); a['yamptarg']=((Math.abs(equal(mod(a['frame'],15), 0))>0.00001)?(Math.min(((0.15*a['volume'])*a['treb_att']), 0.5)):(a['yamptarg'])); a['yamp']=(a['yamp']+(0.5*(a['yamptarg']-a['yamp']))); a['ydir']=((Math.abs(above(Math.abs(a['ypos']), a['yamp']))>0.00001)?(-sign(a['ypos'])):(((Math.abs(below(Math.abs(a['yspeed']), 0.1))>0.00001)?(((2*above(a['ypos'], 0))-1)):(a['ydir'])))); a['yspeed']=(((a['yspeed']+(a['ydir']*a['yamp']))-a['ypos'])-((a['yspeed']*0.055)*below(Math.abs(a['ypos']), a['yamp']))); a['ypos']=(a['ypos']+(0.001*a['yspeed'])); a['beatrate']=(equal(a['beatrate'], 0)+((1-equal(a['beatrate'], 0))*(below(a['volume'], 0.01)+((1-below(a['volume'], 0.01))*a['beatrate'])))); a['lastbeat']=(a['lastbeat']+(equal(a['lastbeat'], 0)*a['time'])); a['meanbass_att']=(0.1*((a['meanbass_att']*9)+a['bass_att'])); a['peakbass_att']=Math.max(a['bass_att'], a['peakbass_att']); a['beat']=((above(a['volume'], 0.8)*below((a['peakbass_att']-a['bass_att']), (0.05*a['peakbass_att'])))*above((a['time']-a['lastbeat']), (0.1+(0.5*(a['beatrate']-0.1))))); a['beatrate']=Math.max(((Math.abs(a['beat'])>0.00001)?(((Math.abs(below((a['time']-a['lastbeat']), (2*a['beatrate'])))>0.00001)?((0.1*(((a['beatrate']*9)+a['time'])-a['lastbeat']))):(a['beatrate']))):(a['beatrate'])), 0.1); a['peakbass_att']=((a['beat']*a['bass_att'])+(((1-a['beat'])*a['peakbass_att'])*((above((a['time']-a['lastbeat']), (2*a['beatrate']))*0.95)+((1-above((a['time']-a['lastbeat']), (2*a['beatrate'])))*0.995)))); a['lastbeat']=((a['beat']*a['time'])+((1-a['beat'])*a['lastbeat'])); a['peakbass_att']=Math.max(a['peakbass_att'], (1.1*a['meanbass_att'])); a['wave_r']=(0.5+(0.499*((0.60*Math.sin((0.980*a['time'])))+(0.40*Math.sin((1.047*a['time'])))))); a['wave_g']=(0.5+(0.499*((0.60*Math.sin((0.835*a['time'])))+(0.40*Math.sin((1.081*a['time'])))))); a['wave_b']=(0.5+(0.499*((0.60*Math.sin((0.814*a['time'])))+(0.40*Math.sin((1.011*a['time'])))))); a['wave_mystery']=(-0.17+(0.03*((0.6*Math.sin((0.637*a['time'])))+(0.4*Math.sin((0.949*a['time'])))))); a['mv_r']=((Math.abs(a['beat'])>0.00001)?(1):(a['ib_r'])); a['mv_b']=((Math.abs(a['beat'])>0.00001)?(a['wave_b']):(a['ib_b'])); a['q3']=a['wave_mystery']; a['q1']=a['wave_x']; a['q2']=(1-a['wave_y']); a['q2']=(a['ypos']+0.5); a['warp']=0; a['ob_r']=(1-a['wave_g']); a['ob_b']=(1-a['wave_r']); a['ob_g']=(1-a['wave_b']); a['monitor']=a['wave_y']; a['movement']=(a['movement']+(0.4*div(((a['bass']+a['bass_att'])+(0.1*pow(((a['bass']+(0.6*a['bass_att']))+(0.2*a['treb_att'])), 3))),a['fps']))); a['movement']=((Math.abs(above(a['movement'], 10000))>0.00001)?(0):(a['movement'])); a['rot']=(1*Math.sin(a['movement'])); a['cx']=a['wave_x']; a['cy']=(a['y_pos']+0.5); a['q8']=a['movement'];",
 "pixel_eqs_str": "a['myy']=(a['x']-a['q1']); a['myx']=((a['y']-a['q2'])+0.1); a['dx']=((3*Math.sin((a['q8']*0.675)))*((2*a['myx'])*a['myy'])); a['dy']=((3*Math.sin((a['q8']*0.675)))*((a['myx']*a['myx'])-(a['myy']*a['myy'])));",
 "baseVals": {
  "rating": 2,
  "gammaadj": 1,
  "decay": 0.94,
  "echo_zoom": 1,
  "echo_orient": 1,
  "wave_mode": 2,
  "wave_dots": 1,
  "wave_brighten": 0,
  "darken": 1,
  "wave_a": 0.001,
  "wave_scale": 0.012,
  "wave_smoothing": 0.9,
  "warpanimspeed": 9.861,
  "warpscale": 16.217,
  "zoomexp": 1.50374,
  "wave_r": 0.5,
  "wave_g": 0.4,
  "wave_b": 0.3,
  "ob_size": 0,
  "ob_r": 1,
  "ob_g": 0.1,
  "ob_a": 1,
  "ib_size": 0,
  "ib_r": 0,
  "ib_g": 0,
  "ib_b": 0,
  "ib_a": 1,
  "mv_x": 64,
  "mv_y": 48,
  "mv_l": 5,
  "mv_r": 0,
  "mv_g": 0,
  "mv_b": 0,
  "mv_a": 0
 },
 "warp": "",
 "comp": ""
}