{
 "shapes": [
  {
   "baseVals": {
    "enabled": 0
   }
  },
  {
   "baseVals": {
    "enabled": 0
   }
  },
  {
   "baseVals": {
    "enabled": 0
   }
  },
  {
   "baseVals": {
    "enabled": 0
   }
  }
 ],
 "waves": [
  {
   "baseVals": {
    "enabled": 0
   }
  },
  {
   "baseVals": {
    "enabled": 0
   }
  },
  {
   "baseVals": {
    "enabled": 0
   }
  },
  {
   "baseVals": {
    "enabled": 0
   }
  }
 ],
 "init_eqs_str": "a['aaa'] = 0;",
 "frame_eqs_str": "a['aaa']=(a['bass_att']-0.72); a['zoom']=(a['zoom']+(0.05*Math.sin((0.3*a['time'])))); a['mv_a']=(a['mv_a']+(0.012*Math.sin((a['time']*1.33)))); a['wave_r']=a['mv_r']; a['wave_g']=a['mv_g']; a['wave_b']=a['mv_b']; a['warp']=(a['warp']+Math.sin(a['time'])); a['rot']=(0.5+(Math.sin(a['time'])*0.33)); a['monitor']=a['warp']; a['cx']=((a['cx']+(Math.sin(a['time'])*0.2))+3); a['cy']=(a['cy']+(Math.sin(a['time'])*0.02)); a['monitor']=a['cy'];",
 "pixel_eqs_str": "",
 "baseVals": {
  "rating": 1,
  "gammaadj": 1.98,
  "decay": 0.5,
  "echo_zoom": 1,
  "echo_alpha": 0.5,
  "echo_orient": 3,
  "wave_mode": 5,
  "additivewave": 1,
  "modwavealphabyvolume": 1,
  "wave_brighten": 0,
  "darken": 1,
  "wave_a": 0.008,
  "wave_scale": 0.01,
  "wave_smoothing": 0.54,
  "wave_mystery": -0.3,
  "modwavealphastart": 0.39,
  "modwavealphaend": 0.66,
  "warpanimspeed": 1.22,
  "warpscale": 7.98,
  "zoom": 1.0065,
  "cx": 0.53,
  "dx": 1,
  "warp": 6.16591,
  "sx": 100,
  "sy": 79.68974,
  "wave_r": 0,
  "wave_x": 0.49,
  "wave_y": 0.51,
  "ob_size": 0,
  "ob_r": 0.2,
  "ob_g": 0.8,
  "ob_b": 0.8,
  "ib_size": 0,
  "ib_r": 0,
  "ib_g": 1,
  "ib_b": 1,
  "mv_x": 64,
  "mv_y": 45.12,
  "mv_l": 4.5,
  "mv_r": 0.93,
  "mv_b": 0.3,
  "mv_a": 0.11,
  "b1ed": 0
 },
 "warp": "",
 "comp": ""
}