{
 "shapes": [
  {
   "baseVals": {
    "enabled": 0
   }
  },
  {
   "baseVals": {
    "enabled": 0
   }
  },
  {
   "baseVals": {
    "enabled": 0
   }
  },
  {
   "baseVals": {
    "enabled": 0
   }
  }
 ],
 "waves": [
  {
   "baseVals": {
    "enabled": 1,
    "thick": 1,
    "additive": 1,
    "r": 0.1,
    "b": 0.7
   },
   "init_eqs_str": "a['n'] = 0; a['yq'] = 0; a['xp'] = 0; a['xs'] = 0; a['yp'] = 0; a['q1'] = 0; a['xq'] = 0; a['flip'] = 0; a['ys'] = 0; a['zq'] = 0; a['phs'] = 0; a['ang'] = 0; a['tm'] = 0; a['zp'] = 0; ",
   "frame_eqs_str": "",
   "point_eqs_str": "a['n']=(a['sample']*6.283); a['tm']=a['q1']; a['phs']=(-a['sample']*0.5); a['flip']=(a['flip']+1); a['flip']=(a['flip']*below(a['flip'], 2)); a['xp']=0; a['yp']=(a['flip']*0.1); a['zp']=0; a['ang']=((Math.sin(((a['tm']*2)+a['phs']))*0.5)+0.5); a['xq']=a['xp']; a['yq']=((a['yp']*Math.sin(a['ang']))+(a['zp']*Math.cos(a['ang']))); a['zq']=((a['yp']*Math.cos(a['ang']))-(a['zp']*Math.sin(a['ang']))); a['ang']=(Math.cos(((a['tm']*2)+a['phs']))*1.5); a['xp']=((a['xq']*Math.sin(a['ang']))+(a['yq']*Math.cos(a['ang']))); a['yp']=((a['xq']*Math.cos(a['ang']))-(a['yq']*Math.sin(a['ang']))); a['zp']=a['zq']; a['zp']=(a['zp']-0.3); a['ang']=(3.14+(Math.sin((((a['tm']*2)+a['phs'])-0.5))*1.5)); a['xq']=a['xp']; a['yq']=((a['yp']*Math.sin(a['ang']))+(a['zp']*Math.cos(a['ang']))); a['zq']=((a['yp']*Math.cos(a['ang']))-(a['zp']*Math.sin(a['ang']))); a['ang']=(-1.0+Math.cos((((a['tm']*3)+0.5)+a['phs']))); a['xp']=((a['xq']*Math.sin(a['ang']))+(a['yq']*Math.cos(a['ang']))); a['yp']=((a['xq']*Math.cos(a['ang']))-(a['yq']*Math.sin(a['ang']))); a['zp']=a['zq']; a['zp']=(a['zp']-0.35); a['ang']=((Math.cos(((a['tm']*2)+a['phs']))*0.75)-1.05); a['xq']=((a['xp']*Math.sin(a['ang']))+(a['zp']*Math.cos(a['ang']))); a['yq']=a['yp']; a['zq']=((a['xp']*Math.cos(a['ang']))-(a['zp']*Math.sin(a['ang']))); a['ang']=((Math.cos((a['tm']+a['phs']))*0.5)-0.5); a['xp']=a['xq']; a['yp']=((a['yq']*Math.cos(a['ang']))-(a['zq']*Math.sin(a['ang']))); a['zp']=((a['yq']*Math.sin(a['ang']))+(a['zq']*Math.cos(a['ang']))); a['zp']=(a['zp']+2); a['xs']=div(a['xp'],a['zp']); a['ys']=div(a['yp'],a['zp']); a['x']=(a['xs']+0.5); a['y']=((a['ys']*1.3)+0.5); a['a']=((1-a['sample'])*0.03);"
  },
  {
   "baseVals": {
    "enabled": 1,
    "thick": 1,
    "additive": 1,
    "r": 0.2,
    "b": 0.6
   },
   "init_eqs_str": "a['n'] = 0; a['yq'] = 0; a['xp'] = 0; a['xs'] = 0; a['yp'] = 0; a['q1'] = 0; a['xq'] = 0; a['flip'] = 0; a['ys'] = 0; a['zq'] = 0; a['phs'] = 0; a['ang'] = 0; a['tm'] = 0; a['zp'] = 0; ",
   "frame_eqs_str": "",
   "point_eqs_str": "a['n']=(a['sample']*6.283); a['tm']=a['q1']; a['phs']=(-a['sample']*0.5); a['flip']=(a['flip']+1); a['flip']=(a['flip']*below(a['flip'], 2)); a['xp']=0; a['yp']=(a['flip']*0.1); a['zp']=0; a['ang']=((Math.sin(((a['tm']*2)+a['phs']))*0.5)+0.5); a['xq']=a['xp']; a['yq']=((a['yp']*Math.sin(a['ang']))+(a['zp']*Math.cos(a['ang']))); a['zq']=((a['yp']*Math.cos(a['ang']))-(a['zp']*Math.sin(a['ang']))); a['ang']=(Math.cos(((a['tm']*2)+a['phs']))*1.5); a['xp']=((a['xq']*Math.sin(a['ang']))+(a['yq']*Math.cos(a['ang']))); a['yp']=((a['xq']*Math.cos(a['ang']))-(a['yq']*Math.sin(a['ang']))); a['zp']=a['zq']; a['zp']=(a['zp']-0.3); a['ang']=(3.14+(Math.sin((((a['tm']*2)+a['phs'])+0.5))*1.5)); a['xq']=a['xp']; a['yq']=((a['yp']*Math.sin(a['ang']))+(a['zp']*Math.cos(a['ang']))); a['zq']=((a['yp']*Math.cos(a['ang']))-(a['zp']*Math.sin(a['ang']))); a['ang']=(-1.0+Math.cos((((a['tm']*3)+0.5)+a['phs']))); a['xp']=((a['xq']*Math.sin(a['ang']))+(a['yq']*Math.cos(a['ang']))); a['yp']=((a['xq']*Math.cos(a['ang']))-(a['yq']*Math.sin(a['ang']))); a['zp']=a['zq']; a['zp']=(a['zp']-0.35); a['ang']=((Math.cos(((a['tm']*2)+a['phs']))*0.75)-1.05); a['xq']=((a['xp']*Math.sin(a['ang']))+(a['zp']*Math.cos(a['ang']))); a['yq']=a['yp']; a['zq']=((a['xp']*Math.cos(a['ang']))-(a['zp']*Math.sin(a['ang']))); a['ang']=((Math.cos((a['tm']+a['phs']))*0.5)-0.5); a['xp']=a['xq']; a['yp']=((a['yq']*Math.cos(a['ang']))-(a['zq']*Math.sin(a['ang']))); a['zp']=((a['yq']*Math.sin(a['ang']))+(a['zq']*Math.cos(a['ang']))); a['zp']=(a['zp']+2); a['xs']=div(a['xp'],a['zp']); a['ys']=div(a['yp'],a['zp']); a['x']=(-a['xs']+0.5); a['y']=((a['ys']*1.3)+0.5); a['a']=((1-a['sample'])*0.03);"
  },
  {
   "baseVals": {
    "enabled": 1,
    "thick": 1,
    "additive": 1,
    "g": 0.6,
    "b": 0.1
   },
   "init_eqs_str": "a['n'] = 0; a['yq'] = 0; a['xp'] = 0; a['xs'] = 0; a['yp'] = 0; a['q1'] = 0; a['xq'] = 0; a['flip'] = 0; a['ys'] = 0; a['zq'] = 0; a['phs'] = 0; a['ang'] = 0; a['tm'] = 0; a['zp'] = 0; ",
   "frame_eqs_str": "",
   "point_eqs_str": "a['n']=(a['sample']*6.283); a['tm']=a['q1']; a['phs']=(-a['sample']*0.5); a['flip']=(a['flip']+1); a['flip']=(a['flip']*below(a['flip'], 2)); a['xp']=0; a['yp']=(a['flip']*0.1); a['zp']=0; a['ang']=(((Math.sin((((a['tm']*2)+a['phs'])-2))*0.5)+0.5)+2); a['xq']=a['xp']; a['yq']=((a['yp']*Math.sin(a['ang']))+(a['zp']*Math.cos(a['ang']))); a['zq']=((a['yp']*Math.cos(a['ang']))-(a['zp']*Math.sin(a['ang']))); a['ang']=(Math.cos((((a['tm']*2)+a['phs'])-2))*1.5); a['xp']=((a['xq']*Math.sin(a['ang']))+(a['yq']*Math.cos(a['ang']))); a['yp']=((a['xq']*Math.cos(a['ang']))-(a['yq']*Math.sin(a['ang']))); a['zp']=a['zq']; a['zp']=(a['zp']-0.3); a['ang']=(3.14+(Math.sin((((a['tm']*2)+a['phs'])-0.5))*1.5)); a['xq']=a['xp']; a['yq']=((a['yp']*Math.sin(a['ang']))+(a['zp']*Math.cos(a['ang']))); a['zq']=((a['yp']*Math.cos(a['ang']))-(a['zp']*Math.sin(a['ang']))); a['ang']=(-1.0+Math.cos(((((a['tm']*3)+0.5)+a['phs'])+0.5))); a['xp']=((a['xq']*Math.sin(a['ang']))+(a['yq']*Math.cos(a['ang']))); a['yp']=((a['xq']*Math.cos(a['ang']))-(a['yq']*Math.sin(a['ang']))); a['zp']=a['zq']; a['zp']=(a['zp']-0.35); a['ang']=((Math.cos(((a['tm']*2)+a['phs']))*0.75)-1.05); a['xq']=((a['xp']*Math.sin(a['ang']))+(a['zp']*Math.cos(a['ang']))); a['yq']=a['yp']; a['zq']=((a['xp']*Math.cos(a['ang']))-(a['zp']*Math.sin(a['ang']))); a['ang']=((Math.cos((a['tm']+a['phs']))*0.5)-0.5); a['xp']=a['xq']; a['yp']=((a['yq']*Math.cos(a['ang']))-(a['zq']*Math.sin(a['ang']))); a['zp']=((a['yq']*Math.sin(a['ang']))+(a['zq']*Math.cos(a['ang']))); a['zp']=(a['zp']+2); a['xs']=div(a['xp'],a['zp']); a['ys']=div(a['yp'],a['zp']); a['x']=(a['xs']+0.5); a['y']=((a['ys']*1.3)+0.5); a['a']=((1-a['sample'])*0.05);"
  },
  {
   "baseVals": {
    "enabled": 1,
    "thick": 1,
    "additive": 1,
    "g": 0.3,
    "b": 0.1
   },
   "init_eqs_str": "a['n'] = 0; a['yq'] = 0; a['xp'] = 0; a['xs'] = 0; a['yp'] = 0; a['q1'] = 0; a['xq'] = 0; a['flip'] = 0; a['ys'] = 0; a['zq'] = 0; a['phs'] = 0; a['ang'] = 0; a['tm'] = 0; a['zp'] = 0; ",
   "frame_eqs_str": "",
   "point_eqs_str": "a['n']=(a['sample']*6.283); a['tm']=a['q1']; a['phs']=(-a['sample']*0.5); a['flip']=(a['flip']+1); a['flip']=(a['flip']*below(a['flip'], 2)); a['xp']=0; a['yp']=(a['flip']*0.1); a['zp']=0; a['ang']=(((Math.sin((((a['tm']*2)+a['phs'])-2))*0.5)+0.5)+2); a['xq']=a['xp']; a['yq']=((a['yp']*Math.sin(a['ang']))+(a['zp']*Math.cos(a['ang']))); a['zq']=((a['yp']*Math.cos(a['ang']))-(a['zp']*Math.sin(a['ang']))); a['ang']=(Math.cos((((a['tm']*2)+a['phs'])-2))*1.5); a['xp']=((a['xq']*Math.sin(a['ang']))+(a['yq']*Math.cos(a['ang']))); a['yp']=((a['xq']*Math.cos(a['ang']))-(a['yq']*Math.sin(a['ang']))); a['zp']=a['zq']; a['zp']=(a['zp']-0.3); a['ang']=(3.14+(Math.sin((((a['tm']*2)+a['phs'])-0.5))*1.5)); a['xq']=a['xp']; a['yq']=((a['yp']*Math.sin(a['ang']))+(a['zp']*Math.cos(a['ang']))); a['zq']=((a['yp']*Math.cos(a['ang']))-(a['zp']*Math.sin(a['ang']))); a['ang']=(-1.0+Math.cos((((a['tm']*3)+0.5)+a['phs']))); a['xp']=((a['xq']*Math.sin(a['ang']))+(a['yq']*Math.cos(a['ang']))); a['yp']=((a['xq']*Math.cos(a['ang']))-(a['yq']*Math.sin(a['ang']))); a['zp']=a['zq']; a['zp']=(a['zp']-0.35); a['ang']=((Math.cos(((a['tm']*2)+a['phs']))*0.75)-1.05); a['xq']=((a['xp']*Math.sin(a['ang']))+(a['zp']*Math.cos(a['ang']))); a['yq']=a['yp']; a['zq']=((a['xp']*Math.cos(a['ang']))-(a['zp']*Math.sin(a['ang']))); a['ang']=((Math.cos((a['tm']+a['phs']))*0.5)-0.5); a['xp']=a['xq']; a['yp']=((a['yq']*Math.cos(a['ang']))-(a['zq']*Math.sin(a['ang']))); a['zp']=((a['yq']*Math.sin(a['ang']))+(a['zq']*Math.cos(a['ang']))); a['zp']=(a['zp']+2); a['xs']=div(a['xp'],a['zp']); a['ys']=div(a['yp'],a['zp']); a['x']=(-a['xs']+0.5); a['y']=((a['ys']*1.3)+0.5); a['a']=((1-a['sample'])*0.05);"
  }
 ],
 "init_eqs_str": "a['tic'] = 0; a['vt'] = 0; a['q6'] = 0; a['bt'] = 0; a['q1'] = 0; a['q5'] = 0; a['rc'] = 0; a['mid_avg'] = 0; a['tt'] = 0; a['tin'] = 0; a['bass_avg'] = 0; a['pi'] = 0; a['vav'] = 0; a['an'] = 0; a['q4'] = 0; a['rd'] = 0; a['oy'] = 0; a['mt'] = 0; a['mod'] = 0; a['ra'] = 0; a['treb_avg'] = 0; a['vol'] = 0; a['num'] = 0; a['re'] = 0; a['q2'] = 0; a['seg'] = 0; a['q3'] = 0; a['q7'] = 0; a['anga'] = 0; a['rb'] = 0; a['radi'] = 0; a['ox'] = 0;",
 "frame_eqs_str": "a['warp']=0; a['tic']=Math.min((a['time']-a['tin']), 0.1); a['tin']=a['time']; a['vol']=(((a['bass_att']+a['treb_att'])+a['mid_att'])*0.333333); a['ra']=(div(1,a['tic'])*0.25); a['treb_avg']=(a['tic']*((a['treb_avg']*(div(1,a['tic'])-a['ra']))+(a['ra']*a['treb']))); a['mid_avg']=(a['tic']*((a['mid_avg']*(div(1,a['tic'])-a['ra']))+(a['ra']*a['mid']))); a['bass_avg']=(a['tic']*((a['bass_avg']*(div(1,a['tic'])-a['ra']))+(a['ra']*a['bass']))); a['vav']=(a['tic']*((a['vav']*(div(1,a['tic'])-a['ra']))+((a['ra']*((a['bass']+a['treb'])+a['mid']))*0.33333))); a['tt']=(a['tt']+(a['tic']*a['treb'])); a['mt']=(a['mt']+(a['tic']*a['mid'])); a['bt']=(a['bt']+(a['tic']*a['bass'])); a['vt']=(a['vt']+(a['tic']*a['vav'])); a['q1']=(a['tt']*3); a['q2']=(a['mt']*3); a['q3']=(a['bt']*3); a['q4']=a['vt']; a['rb']=((Math.abs(a['rb'])>0.00001)?(a['rb']):((0.2+((randint(1001)*0.001)*0.6)))); a['rc']=((Math.abs(a['rc'])>0.00001)?(a['rc']):((0.2+((randint(1001)*0.001)*0.6)))); a['rd']=((Math.abs(a['rd'])>0.00001)?(a['rd']):((0.2+((randint(1001)*0.001)*0.6)))); a['re']=((Math.abs(a['re'])>0.00001)?(a['re']):((0.2+((randint(1001)*0.001)*0.6)))); a['rot']=0.26; a['cx']=((0.3+(0.1*Math.sin((a['vt']*a['re']))))+(0.1*Math.cos((a['vt']*a['rc'])))); a['cy']=((0.5+(0.2*Math.sin((a['vt']*a['rb']))))+(0.1*Math.cos((a['vt']*a['rd'])))); a['q5']=(Math.min(1, (0.5*a['treb_avg']))*0.035); a['q6']=(Math.min(1, (0.5*a['mid_avg']))*0.035); a['q7']=(Math.min(1, (0.5*a['bass_avg']))*0.035);",
 "pixel_eqs_str": "a['num']=8; a['pi']=3.141592654; a['radi']=((a['y']-0.5)*0.75); a['radi']=(a['y']-0.5); a['radi']=pow(((a['radi']*a['radi'])+((a['x']-0.5)*(a['x']-0.5))), 0.5); a['an']=((a['ang']+a['pi'])+a['time']); a['an']=(a['an']-((a['pi']*2)*Math.floor(div(a['an'],(a['pi']*2))))); a['mod']=0.1; a['seg']=(a['ang']+a['pi']); a['seg']=(div(a['seg'],(a['pi']*2))*a['num']); a['seg']=Math.floor(a['seg']); a['seg']=(a['seg']-equal(a['seg'], a['num'])); a['anga']=((a['ang']+a['pi'])-(div((a['pi']*2),a['num'])*a['seg'])); a['anga']=((Math.abs(equal(mod(a['seg'],2), 0))>0.00001)?((div((a['pi']*2),a['num'])-a['anga'])):(a['anga'])); a['anga']=(a['anga']+div(a['pi'],4)); a['ox']=(0.5-(a['radi']*Math.sin(a['anga']))); a['oy']=(0.5+(a['radi']*Math.cos(a['anga']))); a['dx']=(equal(a['seg'], 3)*(a['x']-a['ox'])); a['dy']=(equal(a['seg'], 3)*(a['y']-a['oy'])); a['dx']=(above(a['seg'], 0)*(a['x']-a['ox'])); a['dy']=(above(a['seg'], 0)*(a['y']-a['oy']));",
 "baseVals": {
  "rating": 3,
  "gammaadj": 1,
  "decay": 0.9,
  "echo_zoom": 1.104,
  "echo_alpha": 0.5,
  "wave_mode": 2,
  "wave_dots": 1,
  "wave_brighten": 0,
  "brighten": 1,
  "darken": 1,
  "wave_a": 0.001,
  "wave_scale": 0.012,
  "wave_smoothing": 0.9,
  "warpscale": 1.331,
  "zoom": 0.99951,
  "rot": 0.2599,
  "cx": 0.32,
  "cy": 0.29,
  "warp": 0.01105,
  "wave_r": 0.5,
  "wave_g": 0.4,
  "wave_b": 0.3,
  "ob_size": 0.5,
  "ob_r": 0.01,
  "ib_size": 0.26,
  "mv_x": 3,
  "mv_y": 2,
  "mv_dx": 0.02,
  "mv_dy": -0.02,
  "mv_l": 0.15,
  "mv_r": 0.49,
  "mv_g": 0.48,
  "mv_b": 0.3,
  "mv_a": 0
 },
 "warp": "",
 "comp": ""
}