{
 "shapes": [
  {
   "baseVals": {
    "enabled": 0
   }
  },
  {
   "baseVals": {
    "enabled": 0
   }
  },
  {
   "baseVals": {
    "enabled": 0
   }
  },
  {
   "baseVals": {
    "enabled": 0
   }
  }
 ],
 "waves": [
  {
   "baseVals": {
    "enabled": 1,
    "thick": 1,
    "additive": 1,
    "r": 0.1,
    "b": 0.7
   },
   "init_eqs_str": "a['n'] = 0; a['yq'] = 0; a['xp'] = 0; a['xs'] = 0; a['yp'] = 0; a['q1'] = 0; a['xq'] = 0; a['flip'] = 0; a['ys'] = 0; a['zq'] = 0; a['phs'] = 0; a['ang'] = 0; a['tm'] = 0; a['zp'] = 0; ",
   "frame_eqs_str": "",
   "point_eqs_str": "a['n']=(a['sample']*6.283); a['tm']=a['q1']; a['phs']=(-a['sample']*0.5); a['flip']=(a['flip']+1); a['flip']=(a['flip']*below(a['flip'], 2)); a['xp']=0; a['yp']=(a['flip']*0.1); a['zp']=0; a['ang']=((Math.sin(((a['tm']*2)+a['phs']))*0.5)+0.5); a['xq']=a['xp']; a['yq']=((a['yp']*Math.sin(a['ang']))+(a['zp']*Math.cos(a['ang']))); a['zq']=((a['yp']*Math.cos(a['ang']))-(a['zp']*Math.sin(a['ang']))); a['ang']=(Math.cos(((a['tm']*2)+a['phs']))*1.5); a['xp']=((a['xq']*Math.sin(a['ang']))+(a['yq']*Math.cos(a['ang']))); a['yp']=((a['xq']*Math.cos(a['ang']))-(a['yq']*Math.sin(a['ang']))); a['zp']=a['zq']; a['zp']=(a['zp']-0.3); a['ang']=(3.14+(Math.sin((((a['tm']*2)+a['phs'])-0.5))*1.5)); a['xq']=a['xp']; a['yq']=((a['yp']*Math.sin(a['ang']))+(a['zp']*Math.cos(a['ang']))); a['zq']=((a['yp']*Math.cos(a['ang']))-(a['zp']*Math.sin(a['ang']))); a['ang']=(-1.0+Math.cos((((a['tm']*3)+0.5)+a['phs']))); a['xp']=((a['xq']*Math.sin(a['ang']))+(a['yq']*Math.cos(a['ang']))); a['yp']=((a['xq']*Math.cos(a['ang']))-(a['yq']*Math.sin(a['ang']))); a['zp']=a['zq']; a['zp']=(a['zp']-0.35); a['ang']=((Math.cos(((a['tm']*2)+a['phs']))*0.75)-1.05); a['xq']=((a['xp']*Math.sin(a['ang']))+(a['zp']*Math.cos(a['ang']))); a['yq']=a['yp']; a['zq']=((a['xp']*Math.cos(a['ang']))-(a['zp']*Math.sin(a['ang']))); a['ang']=((Math.cos((a['tm']+a['phs']))*0.5)-0.5); a['xp']=a['xq']; a['yp']=((a['yq']*Math.cos(a['ang']))-(a['zq']*Math.sin(a['ang']))); a['zp']=((a['yq']*Math.sin(a['ang']))+(a['zq']*Math.cos(a['ang']))); a['zp']=(a['zp']+2); a['xs']=div(a['xp'],a['zp']); a['ys']=div(a['yp'],a['zp']); a['x']=(a['xs']+0.5); a['y']=((a['ys']*1.3)+0.5); a['a']=((1-a['sample'])*0.03);"
  },
  {
   "baseVals": {
    "enabled": 1,
    "thick": 1,
    "additive": 1,
    "r": 0.2,
    "b": 0.6
   },
   "init_eqs_str": "a['n'] = 0; a['yq'] = 0; a['xp'] = 0; a['xs'] = 0; a['yp'] = 0; a['q1'] = 0; a['xq'] = 0; a['flip'] = 0; a['ys'] = 0; a['zq'] = 0; a['phs'] = 0; a['ang'] = 0; a['tm'] = 0; a['zp'] = 0; ",
   "frame_eqs_str": "",
   "point_eqs_str": "a['n']=(a['sample']*6.283); a['tm']=a['q1']; a['phs']=(-a['sample']*0.5); a['flip']=(a['flip']+1); a['flip']=(a['flip']*below(a['flip'], 2)); a['xp']=0; a['yp']=(a['flip']*0.1); a['zp']=0; a['ang']=((Math.sin(((a['tm']*2)+a['phs']))*0.5)+0.5); a['xq']=a['xp']; a['yq']=((a['yp']*Math.sin(a['ang']))+(a['zp']*Math.cos(a['ang']))); a['zq']=((a['yp']*Math.cos(a['ang']))-(a['zp']*Math.sin(a['ang']))); a['ang']=(Math.cos(((a['tm']*2)+a['phs']))*1.5); a['xp']=((a['xq']*Math.sin(a['ang']))+(a['yq']*Math.cos(a['ang']))); a['yp']=((a['xq']*Math.cos(a['ang']))-(a['yq']*Math.sin(a['ang']))); a['zp']=a['zq']; a['zp']=(a['zp']-0.3); a['ang']=(3.14+(Math.sin((((a['tm']*2)+a['phs'])+0.5))*1.5)); a['xq']=a['xp']; a['yq']=((a['yp']*Math.sin(a['ang']))+(a['zp']*Math.cos(a['ang']))); a['zq']=((a['yp']*Math.cos(a['ang']))-(a['zp']*Math.sin(a['ang']))); a['ang']=(-1.0+Math.cos((((a['tm']*3)+0.5)+a['phs']))); a['xp']=((a['xq']*Math.sin(a['ang']))+(a['yq']*Math.cos(a['ang']))); a['yp']=((a['xq']*Math.cos(a['ang']))-(a['yq']*Math.sin(a['ang']))); a['zp']=a['zq']; a['zp']=(a['zp']-0.35); a['ang']=((Math.cos(((a['tm']*2)+a['phs']))*0.75)-1.05); a['xq']=((a['xp']*Math.sin(a['ang']))+(a['zp']*Math.cos(a['ang']))); a['yq']=a['yp']; a['zq']=((a['xp']*Math.cos(a['ang']))-(a['zp']*Math.sin(a['ang']))); a['ang']=((Math.cos((a['tm']+a['phs']))*0.5)-0.5); a['xp']=a['xq']; a['yp']=((a['yq']*Math.cos(a['ang']))-(a['zq']*Math.sin(a['ang']))); a['zp']=((a['yq']*Math.sin(a['ang']))+(a['zq']*Math.cos(a['ang']))); a['zp']=(a['zp']+2); a['xs']=div(a['xp'],a['zp']); a['ys']=div(a['yp'],a['zp']); a['x']=(-a['xs']+0.5); a['y']=((a['ys']*1.3)+0.5); a['a']=((1-a['sample'])*0.03);"
  },
  {
   "baseVals": {
    "enabled": 1,
    "thick": 1,
    "additive": 1,
    "g": 0.6,
    "b": 0.1
   },
   "init_eqs_str": "a['n'] = 0; a['yq'] = 0; a['xp'] = 0; a['xs'] = 0; a['yp'] = 0; a['q1'] = 0; a['xq'] = 0; a['flip'] = 0; a['ys'] = 0; a['zq'] = 0; a['phs'] = 0; a['ang'] = 0; a['tm'] = 0; a['zp'] = 0; ",
   "frame_eqs_str": "",
   "point_eqs_str": "a['n']=(a['sample']*6.283); a['tm']=a['q1']; a['phs']=(-a['sample']*0.5); a['flip']=(a['flip']+1); a['flip']=(a['flip']*below(a['flip'], 2)); a['xp']=0; a['yp']=(a['flip']*0.1); a['zp']=0; a['ang']=(((Math.sin((((a['tm']*2)+a['phs'])-2))*0.5)+0.5)+2); a['xq']=a['xp']; a['yq']=((a['yp']*Math.sin(a['ang']))+(a['zp']*Math.cos(a['ang']))); a['zq']=((a['yp']*Math.cos(a['ang']))-(a['zp']*Math.sin(a['ang']))); a['ang']=(Math.cos((((a['tm']*2)+a['phs'])-2))*1.5); a['xp']=((a['xq']*Math.sin(a['ang']))+(a['yq']*Math.cos(a['ang']))); a['yp']=((a['xq']*Math.cos(a['ang']))-(a['yq']*Math.sin(a['ang']))); a['zp']=a['zq']; a['zp']=(a['zp']-0.3); a['ang']=(3.14+(Math.sin((((a['tm']*2)+a['phs'])-0.5))*1.5)); a['xq']=a['xp']; a['yq']=((a['yp']*Math.sin(a['ang']))+(a['zp']*Math.cos(a['ang']))); a['zq']=((a['yp']*Math.cos(a['ang']))-(a['zp']*Math.sin(a['ang']))); a['ang']=(-1.0+Math.cos(((((a['tm']*3)+0.5)+a['phs'])+0.5))); a['xp']=((a['xq']*Math.sin(a['ang']))+(a['yq']*Math.cos(a['ang']))); a['yp']=((a['xq']*Math.cos(a['ang']))-(a['yq']*Math.sin(a['ang']))); a['zp']=a['zq']; a['zp']=(a['zp']-0.35); a['ang']=((Math.cos(((a['tm']*2)+a['phs']))*0.75)-1.05); a['xq']=((a['xp']*Math.sin(a['ang']))+(a['zp']*Math.cos(a['ang']))); a['yq']=a['yp']; a['zq']=((a['xp']*Math.cos(a['ang']))-(a['zp']*Math.sin(a['ang']))); a['ang']=((Math.cos((a['tm']+a['phs']))*0.5)-0.5); a['xp']=a['xq']; a['yp']=((a['yq']*Math.cos(a['ang']))-(a['zq']*Math.sin(a['ang']))); a['zp']=((a['yq']*Math.sin(a['ang']))+(a['zq']*Math.cos(a['ang']))); a['zp']=(a['zp']+2); a['xs']=div(a['xp'],a['zp']); a['ys']=div(a['yp'],a['zp']); a['x']=(a['xs']+0.5); a['y']=((a['ys']*1.3)+0.5); a['a']=((1-a['sample'])*0.05);"
  },
  {
   "baseVals": {
    "enabled": 1,
    "thick": 1,
    "additive": 1,
    "g": 0.3,
    "b": 0.1
   },
   "init_eqs_str": "a['n'] = 0; a['yq'] = 0; a['xp'] = 0; a['xs'] = 0; a['yp'] = 0; a['q1'] = 0; a['xq'] = 0; a['flip'] = 0; a['ys'] = 0; a['zq'] = 0; a['phs'] = 0; a['ang'] = 0; a['tm'] = 0; a['zp'] = 0; ",
   "frame_eqs_str": "",
   "point_eqs_str": "a['n']=(a['sample']*6.283); a['tm']=a['q1']; a['phs']=(-a['sample']*0.5); a['flip']=(a['flip']+1); a['flip']=(a['flip']*below(a['flip'], 2)); a['xp']=0; a['yp']=(a['flip']*0.1); a['zp']=0; a['ang']=(((Math.sin((((a['tm']*2)+a['phs'])-2))*0.5)+0.5)+2); a['xq']=a['xp']; a['yq']=((a['yp']*Math.sin(a['ang']))+(a['zp']*Math.cos(a['ang']))); a['zq']=((a['yp']*Math.cos(a['ang']))-(a['zp']*Math.sin(a['ang']))); a['ang']=(Math.cos((((a['tm']*2)+a['phs'])-2))*1.5); a['xp']=((a['xq']*Math.sin(a['ang']))+(a['yq']*Math.cos(a['ang']))); a['yp']=((a['xq']*Math.cos(a['ang']))-(a['yq']*Math.sin(a['ang']))); a['zp']=a['zq']; a['zp']=(a['zp']-0.3); a['ang']=(3.14+(Math.sin((((a['tm']*2)+a['phs'])-0.5))*1.5)); a['xq']=a['xp']; a['yq']=((a['yp']*Math.sin(a['ang']))+(a['zp']*Math.cos(a['ang']))); a['zq']=((a['yp']*Math.cos(a['ang']))-(a['zp']*Math.sin(a['ang']))); a['ang']=(-1.0+Math.cos((((a['tm']*3)+0.5)+a['phs']))); a['xp']=((a['xq']*Math.sin(a['ang']))+(a['yq']*Math.cos(a['ang']))); a['yp']=((a['xq']*Math.cos(a['ang']))-(a['yq']*Math.sin(a['ang']))); a['zp']=a['zq']; a['zp']=(a['zp']-0.35); a['ang']=((Math.cos(((a['tm']*2)+a['phs']))*0.75)-1.05); a['xq']=((a['xp']*Math.sin(a['ang']))+(a['zp']*Math.cos(a['ang']))); a['yq']=a['yp']; a['zq']=((a['xp']*Math.cos(a['ang']))-(a['zp']*Math.sin(a['ang']))); a['ang']=((Math.cos((a['tm']+a['phs']))*0.5)-0.5); a['xp']=a['xq']; a['yp']=((a['yq']*Math.cos(a['ang']))-(a['zq']*Math.sin(a['ang']))); a['zp']=((a['yq']*Math.sin(a['ang']))+(a['zq']*Math.cos(a['ang']))); a['zp']=(a['zp']+2); a['xs']=div(a['xp'],a['zp']); a['ys']=div(a['yp'],a['zp']); a['x']=(-a['xs']+0.5); a['y']=((a['ys']*1.3)+0.5); a['a']=((1-a['sample'])*0.05);"
  }
 ],
 "init_eqs_str": "a['basstime'] = 0; a['xs'] = 0; a['stickybit'] = 0; a['xpass'] = 0; a['volavg2'] = 0; a['q6'] = 0; a['q1'] = 0; a['q5'] = 0; a['decay_r'] = 0; a['sample1'] = 0; a['difftime'] = 0; a['diff'] = 0; a['decay_b'] = 0; a['edge'] = 0; a['tex_saw'] = 0; a['saw_g'] = 0; a['ys'] = 0; a['q4'] = 0; a['basstime2'] = 0; a['ypass'] = 0; a['volavg'] = 0; a['bit2'] = 0; a['bass_time'] = 0; a['saw_b'] = 0; a['state'] = 0; a['vol'] = 0; a['q2'] = 0; a['q3'] = 0; a['basssum'] = 0; a['decay_g'] = 0; a['q7'] = 0; a['saw_r'] = 0; a['sample2'] = 0; a['zoom_in'] = 0; a['q8'] = 0;",
 "frame_eqs_str": "a['basstime']=(a['basstime']+(a['bass']*0.03)); a['basstime2']=(a['basstime']+(a['bass']*0.03)); a['q1']=a['basstime2']; a['basstime']=((Math.abs(below(a['basstime'], 450))>0.00001)?(450):(a['basstime'])); a['basstime']=((Math.abs(above(a['basstime'], 495))>0.00001)?(450):(a['basstime'])); a['basstime']=(a['basstime']+(a['bass_att']*0.03)); a['vol']=pow(((a['bass']+a['mid'])+a['treb']), 2); a['basssum']=a['vol']; a['stickybit']=mod(a['time'],2); a['volavg']=(a['volavg']+(a['vol']*equal(a['stickybit'], 1))); a['sample1']=(a['sample1']+equal(a['stickybit'], 1)); a['volavg2']=(a['volavg2']+(a['vol']*equal(a['stickybit'], 0))); a['sample2']=(a['sample2']+equal(a['stickybit'], 0)); a['edge']=bnot(equal(a['bit2'], a['stickybit'])); a['volavg']=(a['volavg']-((a['volavg']*a['edge'])*a['stickybit'])); a['volavg2']=(a['volavg2']-((a['volavg2']*a['edge'])*equal(a['stickybit'], 0))); a['sample1']=(a['sample1']-((a['sample1']*a['edge'])*a['stickybit'])); a['sample2']=(a['sample2']-((a['sample2']*a['edge'])*equal(a['stickybit'], 0))); a['diff']=((Math.abs(equal(a['stickybit'], 1))>0.00001)?(div(a['basssum'],div(a['volavg2'],a['sample2']))):(0)); a['diff']=((Math.abs(equal(a['stickybit'], 0))>0.00001)?(div(a['basssum'],div(a['volavg'],a['sample1']))):(a['diff'])); a['q3']=a['diff']; a['bit2']=mod(a['time'],2); a['state']=((Math.abs(above(a['state'], 5))>0.00001)?(0):(a['state'])); a['state']=(a['state']+above(a['diff'], 3)); a['q4']=a['state']; a['difftime']=(a['difftime']+(a['diff']*0.03)); a['q2']=a['difftime']; a['difftime']=((Math.abs(above(a['difftime'], 2000))>0.00001)?(0):(a['difftime'])); a['state']=(a['state']+equal(a['diff'], 3)); a['state']=((Math.abs(above(a['state'], 5))>0.00001)?(0):(a['state'])); a['xs']=0; a['ys']=0; a['xs']=(a['xs']+((equal(0, a['state'])*Math.atan((a['bass_time']*4)))*0.1)); a['ys']=(a['ys']+((equal(0, a['state'])*Math.cos((a['bass_time']*4)))*0.1)); a['xs']=(a['xs']+((equal(1, a['state'])*Math.cos((a['bass_time']*4)))*0.1)); a['ys']=(a['ys']+((equal(1, a['state'])*Math.cos((a['bass_time']*4)))*0.1)); a['xs']=(a['xs']+((equal(2, a['state'])*Math.cos((a['bass_time']*4)))*0.1)); a['ys']=(a['ys']+((equal(2, a['state'])*Math.sin((a['bass_time']*4)))*0.1)); a['xs']=(a['xs']+((equal(3, a['state'])*Math.cos((a['bass_time']*5)))*0.1)); a['ys']=(a['ys']+((equal(3, a['state'])*Math.cos((a['bass_time']*9)))*0.1)); a['xs']=(a['xs']+((equal(4, a['state'])*Math.atan((a['bass_time']*6)))*0.1)); a['ys']=(a['ys']+((equal(4, a['state'])*Math.cos((a['bass_time']*2)))*0.1)); a['xs']=(a['xs']+((equal(5, a['state'])*Math.cos((a['bass_time']*2)))*0.1)); a['ys']=(a['ys']+((equal(5, a['state'])*Math.sin((a['bass_time']*1)))*0.1)); a['xpass']=(a['xs']+a['xpass']); a['ypass']=(a['ys']+a['ypass']); a['q6']=(0.3*Math.sin((a['xpass']*0.5))); a['q7']=(0.3*Math.sin((a['ypass']*0.5))); a['zoom_in']=(a['zoom_in']+above(a['diff'], 4)); a['zoom_in']=((Math.abs(above(a['zoom_in'], 2))>0.00001)?(0):(a['zoom_in'])); a['q5']=a['zoom_in']; a['tex_saw']=(a['tex_saw']-(0.002*a['diff'])); a['tex_saw']=((Math.abs(below(a['tex_saw'], 0.1))>0.00001)?(1):(a['tex_saw'])); a['q8']=a['tex_saw']; a['monitor']=a['tex_saw'];",
 "pixel_eqs_str": "a['zoom']=((1-((equal(a['q5'], 0)*0.1)*a['q3']))+((equal(a['q5'], 1)*0.1)*a['q3'])); a['saw_r']=(a['saw_r']+(0.0001*a['bass'])); a['saw_r']=((Math.abs(above(a['saw_r'], 1))>0.00001)?(0):(a['saw_r'])); a['saw_g']=(a['saw_g']+(0.00012*a['bass'])); a['saw_g']=((Math.abs(above(a['saw_g'], 1))>0.00001)?(0):(a['saw_g'])); a['saw_b']=(a['saw_b']+(0.00011*a['bass'])); a['saw_b']=((Math.abs(above(a['saw_b'], 1))>0.00001)?(0):(a['saw_b'])); a['decay_r']=(5-((a['x']*a['y'])*a['saw_r'])); a['decay_g']=(5-((a['y']*a['x'])*a['saw_g'])); a['decay_b']=(5-((a['x']*a['y'])*a['saw_b'])); a['rot']=4.19; a['zoom']=1;",
 "baseVals": {
  "rating": 3,
  "gammaadj": 1,
  "decay": 0.9,
  "echo_zoom": 1.104,
  "echo_alpha": 0.5,
  "wave_mode": 2,
  "wave_dots": 1,
  "wave_brighten": 0,
  "brighten": 1,
  "darken": 1,
  "wave_a": 0.001,
  "wave_scale": 0.012,
  "wave_smoothing": 0.9,
  "zoom": 0.96,
  "warp": 0.00052,
  "wave_r": 0.5,
  "wave_g": 0.4,
  "wave_b": 0.3,
  "ob_r": 1,
  "ob_g": 1,
  "ob_b": 1,
  "mv_x": 3,
  "mv_y": 2,
  "mv_dx": 0.02,
  "mv_dy": -0.02,
  "mv_l": 0.15,
  "mv_r": 0.49,
  "mv_g": 0.48,
  "mv_b": 0.3,
  "mv_a": 0
 },
 "warp": "",
 "comp": ""
}