{
 "shapes": [
  {
   "baseVals": {
    "enabled": 0
   }
  },
  {
   "baseVals": {
    "enabled": 0
   }
  },
  {
   "baseVals": {
    "enabled": 0
   }
  },
  {
   "baseVals": {
    "enabled": 0
   }
  }
 ],
 "waves": [
  {
   "baseVals": {},
   "init_eqs_str": " ",
   "frame_eqs_str": "",
   "point_eqs_str": ""
  },
  {
   "baseVals": {},
   "init_eqs_str": " ",
   "frame_eqs_str": "",
   "point_eqs_str": ""
  },
  {
   "baseVals": {},
   "init_eqs_str": " ",
   "frame_eqs_str": "",
   "point_eqs_str": ""
  },
  {
   "baseVals": {},
   "init_eqs_str": " ",
   "frame_eqs_str": "",
   "point_eqs_str": ""
  }
 ],
 "init_eqs_str": "",
 "frame_eqs_str": "a['decay']=(a['decay']-(0.01*equal(mod(a['frame'],80), 0)));",
 "pixel_eqs_str": "a['rot']=((a['rot']+0.023)+((0.03*Math.sin(((a['ang']*9)+(a['time']*1.4))))*(a['rad']+0.1)));",
 "baseVals": {
  "gammaadj": 2.7,
  "decay": 0.99,
  "wave_mode": 1,
  "bmotionvectorson": 0,
  "red_blue": 1,
  "wave_a": 6.099997,
  "wave_scale": 3.463341,
  "wave_smoothing": 0.8,
  "wave_mystery": -0.2,
  "warpscale": 4.594974,
  "zoom": 1.024,
  "warp": 0.385945,
  "wave_r": 0.65,
  "wave_g": 0.65,
  "wave_b": 0.65
 },
 "warp": "",
 "comp": ""
}