{
 "shapes": [
  {
   "baseVals": {
    "enabled": 0
   }
  },
  {
   "baseVals": {
    "enabled": 0
   }
  },
  {
   "baseVals": {
    "enabled": 0
   }
  },
  {
   "baseVals": {
    "enabled": 0
   }
  }
 ],
 "waves": [
  {
   "baseVals": {},
   "init_eqs_str": " ",
   "frame_eqs_str": "",
   "point_eqs_str": ""
  },
  {
   "baseVals": {},
   "init_eqs_str": " ",
   "frame_eqs_str": "",
   "point_eqs_str": ""
  },
  {
   "baseVals": {},
   "init_eqs_str": " ",
   "frame_eqs_str": "",
   "point_eqs_str": ""
  },
  {
   "baseVals": {},
   "init_eqs_str": " ",
   "frame_eqs_str": "",
   "point_eqs_str": ""
  }
 ],
 "init_eqs_str": "",
 "frame_eqs_str": "a['zoom']=(a['zoom']+(0.023*((0.60*Math.sin((0.339*a['time'])))+(0.40*Math.sin((0.276*a['time'])))))); a['rot']=(a['rot']+(0.030*((0.60*Math.sin((0.381*a['time'])))+(0.40*Math.sin((0.579*a['time']))))));",
 "pixel_eqs_str": "a['rot']=(a['rot']+((0.04*a['rad'])*Math.cos(((a['ang']*4)+(a['time']*1.9)))));",
 "baseVals": {
  "decay": 0.99,
  "bmotionvectorson": 0,
  "wave_a": 0.5,
  "wave_scale": 71.269997,
  "wave_smoothing": 0.5,
  "warpscale": 2.853,
  "zoomexp": 3.6,
  "zoom": 1.014,
  "rot": -0.02,
  "warp": 0.309,
  "wave_r": 0.6,
  "wave_g": 0.6,
  "wave_b": 0.6,
  "wave_y": 0.47
 },
 "warp": "",
 "comp": ""
}