{
 "shapes": [
  {
   "baseVals": {
    "enabled": 0
   }
  },
  {
   "baseVals": {
    "enabled": 0
   }
  },
  {
   "baseVals": {
    "enabled": 0
   }
  },
  {
   "baseVals": {
    "enabled": 0
   }
  }
 ],
 "waves": [
  {
   "baseVals": {},
   "init_eqs_str": " ",
   "frame_eqs_str": "",
   "point_eqs_str": ""
  },
  {
   "baseVals": {},
   "init_eqs_str": " ",
   "frame_eqs_str": "",
   "point_eqs_str": ""
  },
  {
   "baseVals": {},
   "init_eqs_str": " ",
   "frame_eqs_str": "",
   "point_eqs_str": ""
  },
  {
   "baseVals": {},
   "init_eqs_str": " ",
   "frame_eqs_str": "",
   "point_eqs_str": ""
  }
 ],
 "init_eqs_str": "",
 "frame_eqs_str": "a['zoom']=(a['zoom']+(0.013*((0.60*Math.sin((0.339*a['time'])))+(0.40*Math.sin((0.276*a['time'])))))); a['rot']=(a['rot']+(0.040*((0.60*Math.sin((0.381*a['time'])))+(0.40*Math.sin((0.579*a['time'])))))); a['decay']=(a['decay']-(0.01*below(mod(a['frame'],2), 1)));",
 "pixel_eqs_str": "a['zoom']=(a['zoom']+(0.1*Math.sin(((a['ang']*5)+(a['time']*2.6)))));",
 "baseVals": {
  "gammaadj": 1.5,
  "decay": 0.99,
  "wave_mode": 2,
  "bmotionvectorson": 0,
  "red_blue": 1,
  "wave_a": 3.599998,
  "wave_scale": 2.202,
  "wave_smoothing": 0.7,
  "warpscale": 2.853,
  "zoom": 1.081,
  "warp": 0,
  "wave_r": 0.5,
  "wave_g": 0.5,
  "wave_b": 0.5
 },
 "warp": "",
 "comp": ""
}