{
 "shapes": [
  {
   "baseVals": {
    "enabled": 0
   }
  },
  {
   "baseVals": {
    "enabled": 0
   }
  },
  {
   "baseVals": {
    "enabled": 0
   }
  },
  {
   "baseVals": {
    "enabled": 0
   }
  }
 ],
 "waves": [
  {
   "baseVals": {},
   "init_eqs_str": " ",
   "frame_eqs_str": "",
   "point_eqs_str": ""
  },
  {
   "baseVals": {},
   "init_eqs_str": " ",
   "frame_eqs_str": "",
   "point_eqs_str": ""
  },
  {
   "baseVals": {},
   "init_eqs_str": " ",
   "frame_eqs_str": "",
   "point_eqs_str": ""
  },
  {
   "baseVals": {},
   "init_eqs_str": " ",
   "frame_eqs_str": "",
   "point_eqs_str": ""
  }
 ],
 "init_eqs_str": "",
 "frame_eqs_str": "a['wave_x']=(a['wave_x']+(0.150*((0.60*Math.sin((2.121*a['time'])))+(0.40*Math.sin((1.621*a['time'])))))); a['wave_y']=(a['wave_y']+(0.150*((0.60*Math.sin((1.742*a['time'])))+(0.40*Math.sin((2.322*a['time'])))))); a['sx']=(a['sx']+(0.010*((0.60*Math.sin((0.313*a['time'])))+(0.40*Math.sin((0.383*a['time'])))))); a['sy']=(a['sy']+(0.010*((0.60*Math.sin((0.367*a['time'])))+(0.40*Math.sin((0.272*a['time'])))))); a['decay']=(a['decay']-(0.02*equal(mod(a['frame'],40), 0)));",
 "pixel_eqs_str": "a['rot']=(a['rot']+((a['rad']*0.18)*Math.sin((0.4*a['time']))));",
 "baseVals": {
  "decay": 0.99,
  "echo_zoom": 2.977723,
  "echo_alpha": 0.5,
  "wave_mode": 2,
  "additivewave": 1,
  "wave_dots": 1,
  "bmotionvectorson": 0,
  "wave_a": 4.696239,
  "wave_scale": 1.497458,
  "wave_smoothing": 0.88,
  "warpscale": 2.162176,
  "zoomexp": 1.001,
  "fshader": 1,
  "zoom": 1.03,
  "warp": 1.283409,
  "wave_r": 0.7,
  "wave_g": 0.7,
  "wave_b": 0.7
 },
 "warp": "",
 "comp": ""
}