{
 "shapes": [
  {
   "baseVals": {
    "enabled": 0
   }
  },
  {
   "baseVals": {
    "enabled": 0
   }
  },
  {
   "baseVals": {
    "enabled": 0
   }
  },
  {
   "baseVals": {
    "enabled": 0
   }
  }
 ],
 "waves": [
  {
   "baseVals": {},
   "init_eqs_str": " ",
   "frame_eqs_str": "",
   "point_eqs_str": ""
  },
  {
   "baseVals": {},
   "init_eqs_str": " ",
   "frame_eqs_str": "",
   "point_eqs_str": ""
  },
  {
   "baseVals": {},
   "init_eqs_str": " ",
   "frame_eqs_str": "",
   "point_eqs_str": ""
  },
  {
   "baseVals": {},
   "init_eqs_str": " ",
   "frame_eqs_str": "",
   "point_eqs_str": ""
  }
 ],
 "init_eqs_str": "",
 "frame_eqs_str": "a['wave_y']=1.4; a['decay']=(a['decay']-(0.02*equal(mod(a['frame'],30), 0)));",
 "pixel_eqs_str": "a['dx']=((a['dx']+(((a['x']*2)-1.5)*0.002))+(0.0015*Math.sin((((a['y']*12)-6)+(a['time']*1.03))))); a['dy']=((a['dy']+0.01)+(0.005*Math.sin(((a['y']*36)-18))));",
 "baseVals": {
  "gammaadj": 2.7,
  "decay": 0.99,
  "wave_mode": 6,
  "bmotionvectorson": 0,
  "red_blue": 1,
  "wave_a": 6.099997,
  "wave_scale": 1.490853,
  "wave_smoothing": 0.1,
  "warpscale": 1.331,
  "zoom": 1.004,
  "warp": 0.012485,
  "wave_r": 0.65,
  "wave_g": 0.65,
  "wave_b": 0.65,
  "wave_x": 0.9,
  "wave_y": 1
 },
 "warp": "",
 "comp": ""
}