{
 "shapes": [
  {
   "baseVals": {
    "enabled": 0
   }
  },
  {
   "baseVals": {
    "enabled": 0
   }
  },
  {
   "baseVals": {
    "enabled": 0
   }
  },
  {
   "baseVals": {
    "enabled": 0
   }
  }
 ],
 "waves": [
  {
   "baseVals": {},
   "init_eqs_str": " ",
   "frame_eqs_str": "",
   "point_eqs_str": ""
  },
  {
   "baseVals": {},
   "init_eqs_str": " ",
   "frame_eqs_str": "",
   "point_eqs_str": ""
  },
  {
   "baseVals": {},
   "init_eqs_str": " ",
   "frame_eqs_str": "",
   "point_eqs_str": ""
  },
  {
   "baseVals": {},
   "init_eqs_str": " ",
   "frame_eqs_str": "",
   "point_eqs_str": ""
  }
 ],
 "init_eqs_str": "",
 "frame_eqs_str": "a['wave_r']=(a['wave_r']+(0.100*((0.60*Math.sin((0.933*a['time'])))+(0.40*Math.sin((1.045*a['time'])))))); a['wave_g']=(a['wave_g']+(0.100*((0.60*Math.sin((0.900*a['time'])))+(0.40*Math.sin((0.956*a['time'])))))); a['wave_b']=(a['wave_b']+(0.100*((0.60*Math.sin((0.910*a['time'])))+(0.40*Math.sin((0.920*a['time'])))))); a['zoom']=(a['zoom']+(0.013*((0.60*Math.sin((0.339*a['time'])))+(0.40*Math.sin((0.276*a['time'])))))); a['rot']=(a['rot']+(0.040*((0.60*Math.sin((0.381*a['time'])))+(0.40*Math.sin((0.579*a['time'])))))); a['cx']=(a['cx']+(0.110*((0.60*Math.sin((0.374*a['time'])))+(0.40*Math.sin((0.294*a['time'])))))); a['cy']=(a['cy']+(0.110*((0.60*Math.sin((0.393*a['time'])))+(0.40*Math.sin((0.223*a['time']))))));",
 "pixel_eqs_str": "",
 "baseVals": {
  "echo_alpha": 0.4,
  "wave_mode": 2,
  "bmotionvectorson": 0,
  "red_blue": 1,
  "wave_a": 4.199998,
  "wave_scale": 4.142787,
  "wave_smoothing": 0.7,
  "warpscale": 2.853,
  "zoom": 1.064,
  "warp": 2.282645,
  "wave_r": 0.5,
  "wave_g": 0.5,
  "wave_b": 0.5
 },
 "warp": "",
 "comp": ""
}