{
 "shapes": [
  {
   "baseVals": {
    "enabled": 0
   }
  },
  {
   "baseVals": {
    "enabled": 0
   }
  },
  {
   "baseVals": {
    "enabled": 0
   }
  },
  {
   "baseVals": {
    "enabled": 0
   }
  }
 ],
 "waves": [
  {
   "baseVals": {},
   "init_eqs_str": " ",
   "frame_eqs_str": "",
   "point_eqs_str": ""
  },
  {
   "baseVals": {},
   "init_eqs_str": " ",
   "frame_eqs_str": "",
   "point_eqs_str": ""
  },
  {
   "baseVals": {},
   "init_eqs_str": " ",
   "frame_eqs_str": "",
   "point_eqs_str": ""
  },
  {
   "baseVals": {},
   "init_eqs_str": " ",
   "frame_eqs_str": "",
   "point_eqs_str": ""
  }
 ],
 "init_eqs_str": "",
 "frame_eqs_str": "a['decay']=(a['decay']-(0.01*equal(mod(a['frame'],80), 0)));",
 "pixel_eqs_str": "a['zoom']=(a['zoom']+((0.06*Math.sin((((a['rad']*12)+(a['ang']*3))+(a['time']*-3.4))))*(1-a['rad']))); a['rot']=(a['rot']*(1-a['rad']));",
 "baseVals": {
  "gammaadj": 2.7,
  "decay": 0.99,
  "wave_mode": 1,
  "bmotionvectorson": 0,
  "red_blue": 1,
  "wave_a": 6.899996,
  "wave_scale": 4.750812,
  "wave_smoothing": 0.8,
  "wave_mystery": -0.2,
  "warpscale": 4.594974,
  "zoom": 1.024,
  "rot": 0.0079,
  "warp": 0.385945,
  "wave_r": 0.65,
  "wave_g": 0.65,
  "wave_b": 0.65
 },
 "warp": "",
 "comp": ""
}