{
 "shapes": [
  {
   "baseVals": {
    "enabled": 0
   }
  },
  {
   "baseVals": {
    "enabled": 0
   }
  },
  {
   "baseVals": {
    "enabled": 0
   }
  },
  {
   "baseVals": {
    "enabled": 0
   }
  }
 ],
 "waves": [
  {
   "baseVals": {},
   "init_eqs_str": " ",
   "frame_eqs_str": "",
   "point_eqs_str": ""
  },
  {
   "baseVals": {},
   "init_eqs_str": " ",
   "frame_eqs_str": "",
   "point_eqs_str": ""
  },
  {
   "baseVals": {},
   "init_eqs_str": " ",
   "frame_eqs_str": "",
   "point_eqs_str": ""
  },
  {
   "baseVals": {},
   "init_eqs_str": " ",
   "frame_eqs_str": "",
   "point_eqs_str": ""
  }
 ],
 "init_eqs_str": "",
 "frame_eqs_str": "a['zoom']=(a['zoom']+(0.01*((0.60*Math.sin((0.339*a['time'])))+(0.40*Math.sin((0.276*a['time'])))))); a['rot']=(a['rot']+(0.010*((0.60*Math.sin((0.381*a['time'])))+(0.40*Math.sin((0.579*a['time']))))));",
 "pixel_eqs_str": "a['rot']=(a['rot']+((0.06*Math.sin(((a['time']*-2.3)+(a['rad']*9))))*(1.3-a['rad']))); a['zoom']=(a['zoom']+(0.03*Math.sin(((a['time']*-2.3)+(a['rad']*9)))));",
 "baseVals": {
  "wave_mode": 2,
  "bmotionvectorson": 0,
  "wave_a": 3.3,
  "wave_scale": 1.17,
  "wave_smoothing": 0.5,
  "warpscale": 2.853,
  "zoomexp": 2.1,
  "zoom": 1.025,
  "warp": 0.309,
  "wave_r": 0.8,
  "wave_g": 0.5,
  "wave_b": 0.3
 },
 "warp": "",
 "comp": ""
}