{
 "shapes": [
  {
   "baseVals": {
    "enabled": 0
   }
  },
  {
   "baseVals": {
    "enabled": 0
   }
  },
  {
   "baseVals": {
    "enabled": 0
   }
  },
  {
   "baseVals": {
    "enabled": 0
   }
  }
 ],
 "waves": [
  {
   "baseVals": {},
   "init_eqs_str": " ",
   "frame_eqs_str": "",
   "point_eqs_str": ""
  },
  {
   "baseVals": {},
   "init_eqs_str": " ",
   "frame_eqs_str": "",
   "point_eqs_str": ""
  },
  {
   "baseVals": {},
   "init_eqs_str": " ",
   "frame_eqs_str": "",
   "point_eqs_str": ""
  },
  {
   "baseVals": {},
   "init_eqs_str": " ",
   "frame_eqs_str": "",
   "point_eqs_str": ""
  }
 ],
 "init_eqs_str": "",
 "frame_eqs_str": "a['zoom']=(a['zoom']+(0.033*((0.60*Math.sin((0.339*a['time'])))+(0.40*Math.sin((0.276*a['time'])))))); a['rot']=(a['rot']+(0.040*((0.60*Math.sin((0.381*a['time'])))+(0.40*Math.sin((0.579*a['time'])))))); a['cx']=(a['cx']+(0.110*((0.60*Math.sin((0.374*a['time'])))+(0.40*Math.sin((0.294*a['time'])))))); a['cy']=(a['cy']+(0.110*((0.60*Math.sin((0.393*a['time'])))+(0.40*Math.sin((0.223*a['time']))))));",
 "pixel_eqs_str": "",
 "baseVals": {
  "gammaadj": 0.9,
  "decay": 0.97,
  "wave_mode": 2,
  "additivewave": 1,
  "bmotionvectorson": 0,
  "wave_a": 7.699995,
  "wave_scale": 2.717978,
  "wave_smoothing": 0.9,
  "zoomexp": 1.488,
  "fshader": 1,
  "zoom": 1.104,
  "warp": 0.239,
  "wave_r": 0.65,
  "wave_g": 0.65,
  "wave_b": 0.65
 },
 "warp": "",
 "comp": ""
}