{
 "shapes": [
  {
   "baseVals": {
    "enabled": 0
   }
  },
  {
   "baseVals": {
    "enabled": 0
   }
  },
  {
   "baseVals": {
    "enabled": 0
   }
  },
  {
   "baseVals": {
    "enabled": 0
   }
  }
 ],
 "waves": [
  {
   "baseVals": {},
   "init_eqs_str": " ",
   "frame_eqs_str": "",
   "point_eqs_str": ""
  },
  {
   "baseVals": {},
   "init_eqs_str": " ",
   "frame_eqs_str": "",
   "point_eqs_str": ""
  },
  {
   "baseVals": {},
   "init_eqs_str": " ",
   "frame_eqs_str": "",
   "point_eqs_str": ""
  },
  {
   "baseVals": {},
   "init_eqs_str": " ",
   "frame_eqs_str": "",
   "point_eqs_str": ""
  }
 ],
 "init_eqs_str": "a['q2'] = 0;",
 "frame_eqs_str": "a['zoom']=(a['zoom']+(0.013*((0.60*Math.sin((0.339*a['time'])))+(0.40*Math.sin((0.276*a['time'])))))); a['rot']=(a['rot']+(0.040*((0.60*Math.sin((0.381*a['time'])))+(0.40*Math.sin((0.579*a['time']))))));",
 "pixel_eqs_str": "a['q2']=(0.05+(0.01*Math.sin((a['time']*0.71)))); a['zoom']=(a['zoom']+(a['q2']*Math.sin(((a['rad']*20)+(a['time']*2.5)))));",
 "baseVals": {
  "gammaadj": 1.5,
  "echo_orient": 1,
  "wave_mode": 2,
  "additivewave": 1,
  "bmotionvectorson": 0,
  "wave_a": 9.199998,
  "wave_scale": 3.356196,
  "wave_smoothing": 0.9,
  "warpscale": 2.853,
  "zoom": 1.053,
  "warp": 0,
  "wave_r": 0.99,
  "wave_g": 0.99,
  "wave_b": 0.99
 },
 "warp": "",
 "comp": ""
}