{
 "shapes": [
  {
   "baseVals": {
    "enabled": 0
   }
  },
  {
   "baseVals": {
    "enabled": 0
   }
  },
  {
   "baseVals": {
    "enabled": 0
   }
  },
  {
   "baseVals": {
    "enabled": 0
   }
  }
 ],
 "waves": [
  {
   "baseVals": {},
   "init_eqs_str": " ",
   "frame_eqs_str": "",
   "point_eqs_str": ""
  },
  {
   "baseVals": {},
   "init_eqs_str": " ",
   "frame_eqs_str": "",
   "point_eqs_str": ""
  },
  {
   "baseVals": {},
   "init_eqs_str": " ",
   "frame_eqs_str": "",
   "point_eqs_str": ""
  },
  {
   "baseVals": {},
   "init_eqs_str": " ",
   "frame_eqs_str": "",
   "point_eqs_str": ""
  }
 ],
 "init_eqs_str": "a['bblock'] = 0; a['grid'] = 0; a['q6'] = 0; a['snee'] = 0; a['q1'] = 0; a['q5'] = 0; a['tth'] = 0; a['tblock'] = 0; a['bpulse'] = 0; a['pulse'] = 0; a['mblock'] = 0; a['q4'] = 0; a['snur'] = 0; a['mpulse'] = 0; a['mod_state'] = 0; a['bth'] = 0; a['mres'] = 0; a['tpulse'] = 0; a['tres'] = 0; a['le'] = 0; a['ccl'] = 0; a['q2'] = 0; a['bres'] = 0; a['q3'] = 0; a['mth'] = 0; a['q7'] = 0; a['q8'] = 0;",
 "frame_eqs_str": "a['warp']=0; a['le']=((1+0.5)+(2*Math.sin(a['bass_att']))); a['bpulse']=band(above(a['le'], a['bth']), above((a['le']-a['bth']), a['bblock'])); a['bblock']=(a['le']-a['bth']); a['bth']=((Math.abs(above(a['le'], a['bth']))>0.00001)?(((a['le']+div(114,(a['le']+10)))-7.407)):(((a['bth']+div((a['bth']*0.07),(a['bth']-12)))+((below(a['bth'], 2.7)*0.1)*(2.7-a['bth']))))); a['bth']=((Math.abs(above(a['bth'], 6))>0.00001)?(6):(a['bth'])); a['bres']=((a['bpulse']*Math.sin((a['pulse']+(a['le']*0.5))))+(bnot(a['bpulse'])*a['bres'])); a['le']=((1+0.5)+(2*Math.sin(a['treb_att']))); a['tpulse']=band(above(a['le'], a['tth']), above((a['le']-a['tth']), a['tblock'])); a['tblock']=(a['le']-a['tth']); a['tth']=((Math.abs(above(a['le'], a['tth']))>0.00001)?(((a['le']+div(114,(a['le']+10)))-7.407)):(((a['tth']+div((a['tth']*0.07),(a['tth']-12)))+((below(a['tth'], 2.7)*0.1)*(2.7-a['tth']))))); a['tth']=((Math.abs(above(a['tth'], 6))>0.00001)?(6):(a['tth'])); a['tres']=((a['tpulse']*Math.sin((a['pulse']+(a['le']*0.5))))+(bnot(a['tpulse'])*a['tres'])); a['le']=((1+0.5)+(2*Math.sin(a['mid_att']))); a['mpulse']=band(above(a['le'], a['mth']), above((a['le']-a['mth']), a['mblock'])); a['mblock']=(a['le']-a['mth']); a['mth']=((Math.abs(above(a['le'], a['mth']))>0.00001)?(((a['le']+div(114,(a['le']+10)))-7.407)):(((a['mth']+div((a['mth']*0.07),(a['mth']-12)))+((below(a['mth'], 2.7)*0.1)*(2.7-a['mth']))))); a['mth']=((Math.abs(above(a['mth'], 6))>0.00001)?(6):(a['mth'])); a['mres']=((a['mpulse']*Math.sin((a['pulse']+(a['le']*0.5))))+(bnot(a['mpulse'])*a['mres'])); a['pulse']=((Math.abs(above(Math.abs(a['pulse']), 3.14))>0.00001)?(-3.14):((a['pulse']+(((a['bth']+a['mth'])+a['tth'])*0.003)))); a['q1']=a['bres']; a['q2']=a['tres']; a['q3']=a['mres']; a['q4']=Math.sin(a['pulse']); a['mod_state']=(((above(a['q1'], 0)+above(a['q2'], 0))+above(a['q3'], 0))*(1+above(a['q4'], 0))); a['ccl']=(((a['ccl']+a['tpulse'])+a['mpulse'])-a['bpulse']); a['q5']=Math.cos((a['pulse']*(0.5+(0.1*a['mod_state'])))); a['q6']=Math.sin((a['pulse']*(0.5+pow(0.25, a['mod_state'])))); a['q7']=a['mod_state']; a['q8']=a['ccl']; a['ob_r']=(0.5+(0.5*Math.cos((a['q1']+a['q7'])))); a['ob_g']=(0.5+(0.5*Math.cos(((a['q2']*3.14)+a['q7'])))); a['ob_b']=(0.5+(0.5*Math.cos(((a['q3']*2)+Math.sin((a['time']*0.0816)))))); a['ib_size']=(0.025+(0.02*a['q2'])); a['ob_size']=((0.03+(0.02*a['q3']))-(0.002*a['q7'])); a['wave_r']=(0.5+(0.5*Math.sin(((a['q1']*a['q7'])+(a['time']*2.183))))); a['wave_g']=(0.5+(0.5*Math.sin(((a['q2']*3)+(a['time']*1.211))))); a['wave_b']=(0.5+(0.5*Math.sin((a['q3']+(a['time']*1.541))))); a['decay']=((0.997+(0.0015*a['q3']))+(0.0015*a['q1'])); a['ob_a']=(0.8+(0.2*a['q2']));",
 "pixel_eqs_str": "a['snee']=bnot(((above((Math.sin(a['ang'])-a['x']), 0.5)*above(a['q2'], 0))+(above((a['y']-Math.cos(a['ang'])), 0.5)*above(a['q1'], 0)))); a['snur']=bnot(((below(a['x'], 0.5)*above(a['q3'], 0))+(below(a['y'], 0.5)*below(a['q7'], 4)))); a['grid']=Math.sin((sigmoid(Math.sin(((a['y']*6.28)*a['q2'])), Math.sin(((a['x']*6.28)*a['q6'])))*(10+a['q7']))); a['rot']=(((bnot((above(a['x'], 0.5)+mod((a['y']*10),5)))*Math.cos((a['rad']+((3.14*((Math.abs(above(a['grid'], 0))>0.00001)?(a['snur']):(bnot(a['snur']))))*(0.5+(0.5*Math.sin(((a['rad']*3.14)*a['q1']))))))))*a['q6'])*0.3); a['sx']=(a['sx']-((bor(a['snee'], a['snur'])*Math.cos((a['y']*a['q2'])))*0.05)); a['sy']=(a['sy']-((bor(bnot(a['snee']), a['snur'])*Math.cos((a['x']*a['q1'])))*0.03)); a['cx']=(a['cx']+((Math.sin(((a['x']*3.14)*a['q6']))*a['snur'])*0.45)); a['cy']=(a['cx']+((Math.sin(((a['y']*3.14)*a['q5']))*a['snee'])*0.5)); a['zoom']=((a['zoom']+((0.1*a['snee'])*bnot(a['snur'])))-((0.1*a['snur'])*bnot(a['snee'])));",
 "baseVals": {
  "rating": 2,
  "gammaadj": 1,
  "decay": 1,
  "echo_zoom": 0.9998,
  "echo_alpha": 0.4999,
  "echo_orient": 2,
  "wave_mode": 6,
  "additivewave": 1,
  "wave_thick": 1,
  "wave_brighten": 0,
  "wrap": 0,
  "wave_a": 1.254574,
  "wave_scale": 0.203135,
  "wave_smoothing": 0,
  "zoomexp": 1.008147,
  "zoom": 1.0016,
  "warp": 0.01,
  "wave_r": 0.5,
  "wave_g": 0.5,
  "wave_b": 0.5,
  "ob_size": 0.005,
  "ob_r": 1,
  "ob_a": 1,
  "ib_size": 0.005,
  "ib_r": 0,
  "ib_g": 0,
  "ib_b": 0,
  "ib_a": 0.9,
  "mv_x": 0,
  "mv_y": 0,
  "mv_l": 0.85,
  "mv_r": 0.4999,
  "mv_g": 0.4999,
  "mv_b": 0.4999,
  "mv_a": 0
 },
 "warp": "",
 "comp": ""
}