{
 "shapes": [
  {
   "baseVals": {
    "enabled": 0
   }
  },
  {
   "baseVals": {
    "enabled": 0
   }
  },
  {
   "baseVals": {
    "enabled": 0
   }
  },
  {
   "baseVals": {
    "enabled": 0
   }
  }
 ],
 "waves": [
  {
   "baseVals": {
    "enabled": 0
   }
  },
  {
   "baseVals": {
    "enabled": 0
   }
  },
  {
   "baseVals": {
    "enabled": 0
   }
  },
  {
   "baseVals": {},
   "init_eqs_str": " ",
   "frame_eqs_str": "",
   "point_eqs_str": ""
  }
 ],
 "init_eqs_str": "",
 "frame_eqs_str": "a['wave_r']=(-3+((Math.abs(above(a['bass'], 1.2))>0.00001)?(4):(0))); a['wave_b']=(-3+((Math.abs(above(a['bass'], 1.2))>0.00001)?(4):(0))); a['wave_g']=(1+((Math.abs(above(a['bass'], 1.2))>0.00001)?(4):(0))); a['wave_mystery']=(a['wave_mystery']+((Math.abs(above(a['bass'], 1.2))>0.00001)?(0.3):(0))); a['warp']=0; a['dx']=(a['dx']+((Math.abs(below(a['bass'], 1.2))>0.00001)?(((0.01*a['bass'])*Math.sin((0.15*a['time'])))):(0))); a['dy']=(a['dy']+((Math.abs(below(a['bass'], 1.2))>0.00001)?(((0.01*a['treb'])*Math.cos((0.15*a['time'])))):(0)));",
 "pixel_eqs_str": "",
 "baseVals": {
  "rating": 2,
  "gammaadj": 0.4,
  "decay": 0.91,
  "echo_zoom": 1.157631,
  "echo_alpha": 0.4,
  "wave_mode": 5,
  "additivewave": 1,
  "wave_thick": 1,
  "modwavealphabyvolume": 1,
  "wave_brighten": 0,
  "wrap": 0,
  "solarize": 1,
  "invert": 1,
  "wave_a": 100,
  "wave_scale": 0.598205,
  "wave_smoothing": 0.5,
  "wave_mystery": -0.4,
  "modwavealphastart": 0.5,
  "modwavealphaend": 1,
  "dx": 0.00001,
  "dy": -0.00499,
  "warp": 0.01,
  "ob_size": 0.015,
  "ob_a": 0.005,
  "ib_size": 0.25,
  "mv_x": 0,
  "mv_y": 0,
  "mv_l": 1,
  "mv_a": 0
 },
 "warp": "",
 "comp": ""
}