{
 "shapes": [
  {
   "baseVals": {
    "enabled": 0
   }
  },
  {
   "baseVals": {
    "enabled": 0
   }
  },
  {
   "baseVals": {
    "enabled": 0
   }
  },
  {
   "baseVals": {
    "enabled": 0
   }
  }
 ],
 "waves": [
  {
   "baseVals": {
    "enabled": 0
   }
  },
  {
   "baseVals": {
    "enabled": 0
   }
  },
  {
   "baseVals": {
    "enabled": 0
   }
  },
  {
   "baseVals": {},
   "init_eqs_str": " ",
   "frame_eqs_str": "",
   "point_eqs_str": ""
  }
 ],
 "init_eqs_str": "",
 "frame_eqs_str": "a['wave_b']=(a['wave_b']+(0.5*Math.sin((a['time']*0.52)))); a['wave_r']=(a['wave_r']-(0.3*Math.sin((a['time']*0.12)))); a['wave_g']=Math.floor(randint(10));",
 "pixel_eqs_str": "a['dy']=(((Math.abs(bitand(((0.01*-a['ang'])-a['rad']),(((((a['ang']*Math.sin((a['time']*0.52)))*Math.sin(a['time']))*Math.sin(bitand(a['mid'],(a['time']*0.23))))*a['x'])+((0.01*Math.sin(bitand(a['mid'],(a['time']*0.52))))*Math.sin(bitand(a['mid'],(a['time']*0.53)))))))*Math.sin(bitand(a['bass'],(a['time']*0.53))))+((div(div((0.05*Math.sin(bitand(a['bass'],a['time']))),2),2)*a['x'])*a['y']))+(0.01*Math.sin(bitand(a['bass'],(a['time']*0.62)))));",
 "baseVals": {
  "rating": 3,
  "gammaadj": 0,
  "decay": 1,
  "echo_zoom": 1.006598,
  "echo_alpha": 0.5,
  "echo_orient": 1,
  "wave_mode": 2,
  "additivewave": 1,
  "wave_thick": 1,
  "solarize": 1,
  "wave_a": 4.099998,
  "wave_scale": 0.21231,
  "wave_smoothing": 0.63,
  "modwavealphastart": 0.71,
  "modwavealphaend": 1.3,
  "warpscale": 1.331,
  "zoom": 0.999514,
  "dx": 0.005,
  "dy": 0.015,
  "warp": 0.01,
  "wave_r": 0,
  "wave_g": 0.4,
  "wave_b": 0.5,
  "wave_x": 0.9599,
  "ob_size": 0.5,
  "ob_r": 0.01,
  "ib_size": 0.26,
  "mv_x": 64,
  "mv_y": 1.248,
  "mv_l": 5,
  "mv_b": 0,
  "mv_a": 0
 },
 "warp": "",
 "comp": ""
}