{
 "shapes": [
  {
   "baseVals": {
    "enabled": 0
   }
  },
  {
   "baseVals": {
    "enabled": 0
   }
  },
  {
   "baseVals": {
    "enabled": 0
   }
  },
  {
   "baseVals": {
    "enabled": 0
   }
  }
 ],
 "waves": [
  {
   "baseVals": {},
   "init_eqs_str": " ",
   "frame_eqs_str": "",
   "point_eqs_str": ""
  },
  {
   "baseVals": {},
   "init_eqs_str": " ",
   "frame_eqs_str": "",
   "point_eqs_str": ""
  },
  {
   "baseVals": {},
   "init_eqs_str": " ",
   "frame_eqs_str": "",
   "point_eqs_str": ""
  },
  {
   "baseVals": {},
   "init_eqs_str": " ",
   "frame_eqs_str": "",
   "point_eqs_str": ""
  }
 ],
 "init_eqs_str": "a['oldq4'] = 0; a['counter'] = 0; a['meanbass_att'] = 0; a['counter2'] = 0; a['lastbeat'] = 0; a['beatrate'] = 0; a['peakbass_att'] = 0; a['countertime'] = 0; a['q4'] = 0; a['oldq3'] = 0; a['volume'] = 0; a['beat'] = 0; a['q3'] = 0; a['q3']=0; a['oldq3']=0; a['q4']=0; a['oldq4']=0;",
 "frame_eqs_str": "a['dy']=(a['dy']-0.0035); a['dx']=-0.0005; a['mv_l']=3000; a['mv_r']=(0.5+(0.499*Math.sin((a['time']*1.12)))); a['mv_b']=(0.2+(0.19*Math.cos((a['time']*0.45)))); a['mv_g']=(0.7+(0.23*Math.cos((a['time']*0.367)))); a['wave_g']=(0.6+(0.4*Math.sin((a['time']*0.897)))); a['wave_r']=(0.6+(0.4*Math.sin((a['time']*0.971)))); a['wave_b']=(0.6+(0.4*Math.sin((a['time']*0.797)))); a['mv_x']=8.34; a['warp']=0; a['wave_a']=2; a['volume']=(0.15*(((a['bass_att']+a['bass'])+a['mid'])+a['mid_att'])); a['beatrate']=((Math.abs(equal(a['beatrate'], 0))>0.00001)?(1):(((Math.abs(below(a['volume'], 0.01))>0.00001)?(1):(a['beatrate'])))); a['lastbeat']=((Math.abs(equal(a['lastbeat'], 0))>0.00001)?(a['time']):(a['lastbeat'])); a['meanbass_att']=(0.1*((a['meanbass_att']*9)+a['bass_att'])); a['peakbass_att']=((Math.abs(above(a['bass_att'], a['peakbass_att']))>0.00001)?(a['bass_att']):(a['peakbass_att'])); a['beat']=((Math.abs(above(a['volume'], 0.8))>0.00001)?(((Math.abs(below((a['peakbass_att']-a['bass_att']), (0.05*a['peakbass_att'])))>0.00001)?(((Math.abs(above((a['time']-a['lastbeat']), (0.1+(0.5*(a['beatrate']-0.1)))))>0.00001)?(1):(0))):(0))):(0)); a['beatrate']=Math.max(((Math.abs(a['beat'])>0.00001)?(((Math.abs(below((a['time']-a['lastbeat']), (2*a['beatrate'])))>0.00001)?((0.1*(((a['beatrate']*9)+a['time'])-a['lastbeat']))):(a['beatrate']))):(a['beatrate'])), 0.1); a['peakbass_att']=((Math.abs(equal(a['beat'], 0))>0.00001)?(((Math.abs(above((a['time']-a['lastbeat']), (2*a['beatrate'])))>0.00001)?((a['peakbass_att']*0.95)):((a['peakbass_att']*0.995)))):(a['bass_att'])); a['lastbeat']=((Math.abs(a['beat'])>0.00001)?(a['time']):(a['lastbeat'])); a['countertime']=((Math.abs(a['beat'])>0.00001)?(a['time']):(a['countertime'])); a['counter']=(-1*pow(Math.min(((a['time']-a['countertime'])-3), 0), 3)); a['counter2']=(-1*pow(Math.min(((a['time']-a['countertime'])-2.7), 0), 5)); a['q4']=(a['oldq4']+(0.00045*a['counter2'])); a['oldq4']=a['q4']; a['q3']=(a['oldq3']+(0.001*a['counter'])); a['oldq3']=a['q3']; a['mv_dx']=(a['mv_dx']-(0.03*Math.sin(a['q3']))); a['dx']=(a['dx']+(0.0005*Math.sin(a['q4']))); a['mv_r']=(0.5+(0.5*Math.sin((a['time']*0.924)))); a['mv_b']=(0.5+(0.5*Math.sin((a['time']*1.215)))); a['mv_g']=(0.5+(0.5*Math.sin((a['time']*1.41)))); a['monitor']=a['q4']; a['ib_r']=(0.5+(0.5*Math.cos(a['q4']))); a['ob_b']=(0.5+(0.5*Math.sin(a['q3']))); a['ib_g']=(0.5+(0.5*Math.sin((a['q4']-a['q3']))));",
 "pixel_eqs_str": "",
 "baseVals": {
  "rating": 3,
  "gammaadj": 0.2,
  "decay": 1,
  "echo_zoom": 0.99961,
  "echo_alpha": 0.5,
  "echo_orient": 1,
  "wave_mode": 5,
  "additivewave": 1,
  "wave_thick": 1,
  "modwavealphabyvolume": 1,
  "wave_brighten": 0,
  "wrap": 0,
  "darken_center": 1,
  "brighten": 1,
  "darken": 1,
  "solarize": 1,
  "invert": 1,
  "wave_a": 6.742984,
  "wave_scale": 0.001234,
  "wave_smoothing": 0.63,
  "modwavealphastart": 0.71,
  "modwavealphaend": 1.3,
  "warpanimspeed": 2.448629,
  "warpscale": 67.165291,
  "fshader": 1,
  "zoom": 1.01,
  "rot": -0.002,
  "dx": -0.06,
  "warp": 0.029878,
  "wave_r": 0.65,
  "wave_g": 0.65,
  "wave_b": 0.65,
  "ob_size": 0.005,
  "ob_r": 1,
  "ob_a": 1,
  "ib_size": 0.005,
  "ib_g": 1,
  "ib_a": 0.5,
  "mv_x": 8,
  "mv_y": 9.600006,
  "mv_l": 5
 },
 "warp": "",
 "comp": ""
}