{
 "shapes": [
  {
   "baseVals": {
    "enabled": 0
   }
  },
  {
   "baseVals": {
    "enabled": 0
   }
  },
  {
   "baseVals": {
    "enabled": 0
   }
  },
  {
   "baseVals": {
    "enabled": 0
   }
  }
 ],
 "waves": [
  {
   "baseVals": {},
   "init_eqs_str": " ",
   "frame_eqs_str": "",
   "point_eqs_str": ""
  },
  {
   "baseVals": {},
   "init_eqs_str": " ",
   "frame_eqs_str": "",
   "point_eqs_str": ""
  },
  {
   "baseVals": {},
   "init_eqs_str": " ",
   "frame_eqs_str": "",
   "point_eqs_str": ""
  },
  {
   "baseVals": {},
   "init_eqs_str": " ",
   "frame_eqs_str": "",
   "point_eqs_str": ""
  }
 ],
 "init_eqs_str": "",
 "frame_eqs_str": "a['warp']=0; a['wave_r']=(a['bass_att']*0.5); a['wave_g']=(a['treb_att']*0.5); a['wave_b']=(a['mid_att']*0.5);",
 "pixel_eqs_str": "a['dx']=((Math.abs(above(a['y'], 0.93))>0.00001)?(0.01):(((Math.abs(below(a['y'], 0.01))>0.00001)?(((Math.abs(below(a['x'], 0.3))>0.00001)?(((Math.abs(below(a['y'], 0.5))>0.00001)?(0):(-0.01))):(-0.01))):(-0.001)))); a['dy']=((Math.abs(below(a['x'], 0.05))>0.00001)?(0.01):(((Math.abs(above(a['x'], 0.93))>0.00001)?(-0.01):(-0.001)))); a['zoom']=((Math.abs(above(a['x'], 0.09))>0.00001)?(((Math.abs(below(a['x'], 0.85))>0.00001)?(((Math.abs(above(a['y'], 0.09))>0.00001)?(((Math.abs(below(a['y'], 0.85))>0.00001)?(0.95):(1))):(1))):(1))):(1)); a['dy']=((Math.abs(below(a['y'], 0.5))>0.00001)?(((Math.abs(below(a['x'], 0.3))>0.00001)?(0.01):(a['dy']))):(a['dy'])); a['rot']=((Math.abs(above(a['x'], 0.09))>0.00001)?(((Math.abs(below(a['x'], 0.85))>0.00001)?(((Math.abs(above(a['y'], 0.09))>0.00001)?(((Math.abs(below(a['y'], 0.85))>0.00001)?(Math.sin(((a['rad']*6)+(a['time']*0.444)))):(0))):(0))):(0))):(0));",
 "baseVals": {
  "rating": 2,
  "gammaadj": 0.9,
  "decay": 1,
  "echo_zoom": 1.010137,
  "echo_alpha": 0.5,
  "echo_orient": 3,
  "wave_thick": 1,
  "wave_brighten": 0,
  "wrap": 0,
  "solarize": 1,
  "wave_scale": 0.01,
  "wave_mystery": -0.44,
  "wave_r": 0,
  "wave_g": 0,
  "wave_b": 0,
  "wave_x": 0.03,
  "wave_y": 0.96,
  "mv_a": 0
 },
 "warp": "",
 "comp": ""
}