{
 "shapes": [
  {
   "baseVals": {
    "enabled": 0
   }
  },
  {
   "baseVals": {
    "enabled": 0
   }
  },
  {
   "baseVals": {
    "enabled": 0
   }
  },
  {
   "baseVals": {
    "enabled": 0
   }
  }
 ],
 "waves": [
  {
   "baseVals": {
    "enabled": 0
   }
  },
  {
   "baseVals": {
    "enabled": 0
   }
  },
  {
   "baseVals": {
    "enabled": 0
   }
  },
  {
   "baseVals": {},
   "init_eqs_str": " ",
   "frame_eqs_str": "",
   "point_eqs_str": ""
  }
 ],
 "init_eqs_str": "",
 "frame_eqs_str": "a['warp']=0; a['wave_mystery']=2; a['zoom']=(1.4+(0.15*Math.cos((a['time']*0.42)))); a['rot']=(0.01*Math.sin((1.34*a['time']))); a['dx']=(0.005*Math.sin((a['time']*0.646))); a['dy']=(0.005*Math.sin((a['time']*0.314))); a['cx']=(0.5+(0.05*Math.sin((0.497*a['time'])))); a['cy']=(0.5+(0.05*Math.sin((0.413*a['time']))));",
 "pixel_eqs_str": "",
 "baseVals": {
  "rating": 3,
  "gammaadj": 1.6,
  "decay": 0.99,
  "echo_zoom": 0.683702,
  "echo_alpha": 1,
  "echo_orient": 1,
  "wave_mode": 5,
  "wave_thick": 1,
  "wave_brighten": 0,
  "wrap": 0,
  "brighten": 1,
  "solarize": 1,
  "wave_a": 1.704175,
  "wave_scale": 0.031716,
  "wave_smoothing": 0.63,
  "wave_mystery": -0.8,
  "fshader": 1,
  "zoom": 0.42,
  "rot": 0.1,
  "dx": 0.175,
  "sx": 0.980296,
  "wave_r": 0,
  "wave_g": 0.5,
  "wave_b": 0.5,
  "mv_x": 64,
  "mv_y": 48,
  "mv_l": 0
 },
 "warp": "",
 "comp": ""
}