{
 "shapes": [
  {
   "baseVals": {
    "enabled": 0
   }
  },
  {
   "baseVals": {
    "enabled": 0
   }
  },
  {
   "baseVals": {
    "enabled": 0
   }
  },
  {
   "baseVals": {
    "enabled": 0
   }
  }
 ],
 "waves": [
  {
   "baseVals": {
    "enabled": 0
   }
  },
  {
   "baseVals": {
    "enabled": 0
   }
  },
  {
   "baseVals": {
    "enabled": 0
   }
  },
  {
   "baseVals": {},
   "init_eqs_str": " ",
   "frame_eqs_str": "",
   "point_eqs_str": ""
  }
 ],
 "init_eqs_str": "a['bass_thresh'] = 0; a['vol'] = 0;",
 "frame_eqs_str": "a['wave_r']=((0.5+(0.2*Math.sin(a['time'])))+Math.abs((0.2*Math.sin((a['time']*1.3))))); a['wave_g']=((0.4+(0.3*Math.sin((a['time']*1.1))))+Math.abs((0.2*Math.sin((a['time']*1.5))))); a['wave_b']=((Math.abs(equal(a['bass_thresh'], 2))>0.00001)?(1):(0)); a['mv_x']=((Math.abs(equal(a['bass_thresh'], 2))>0.00001)?((a['mv_x']+2)):(a['mv_x'])); a['mv_r']=((Math.abs(above(a['vol'], 1.7))>0.00001)?(1):((a['mv_r']+(0.6*Math.sin((a['time']*2.4)))))); a['mv_g']=((Math.abs(equal(a['mv_r'], 1))>0.00001)?(0):((a['mv_g']+(0.6*Math.sin((a['time']*2.3)))))); a['mv_b']=((Math.abs(equal(a['mv_r'], 1))>0.00001)?(0):((a['mv_b']+(0.6*Math.sin((a['time']*2.2)))))); a['bass_thresh']=((above(a['bass_att'], a['bass_thresh'])*2)+((1-above(a['bass_att'], a['bass_thresh']))*(((a['bass_thresh']-1.4)*0.85)+1.4))); a['monitor']=a['vol']; a['vol']=div(((a['bass']+a['mid'])+a['treb']),3);",
 "pixel_eqs_str": "a['sy']=((Math.abs(below(a['y'], 0.47))>0.00001)?(((Math.abs(above(a['y'], 0.03))>0.00001)?(div(pow(Math.log((a['ang']*a['time'])), 3),4)):(-4))):(1.1));",
 "baseVals": {
  "rating": 2,
  "decay": 0.975,
  "echo_zoom": 0.984824,
  "echo_alpha": 0.5,
  "wave_mode": 6,
  "wave_dots": 1,
  "wave_thick": 1,
  "modwavealphabyvolume": 1,
  "wave_brighten": 0,
  "wrap": 0,
  "darken_center": 1,
  "invert": 1,
  "wave_a": 100,
  "wave_scale": 0.000136,
  "wave_smoothing": 0,
  "modwavealphastart": 0.71,
  "modwavealphaend": 1.3,
  "warpscale": 1.331,
  "zoom": 0.9995,
  "dx": 0.04,
  "warp": 0.01,
  "wave_r": 0.65,
  "wave_g": 0.65,
  "wave_b": 0.65,
  "wave_x": 0.482,
  "wave_y": 0.1,
  "ob_size": 0.5,
  "ob_r": 0.01,
  "ib_size": 0.26,
  "mv_x": 51.199997,
  "mv_y": 1.248,
  "mv_a": 0.5
 },
 "warp": "",
 "comp": ""
}