{
 "shapes": [
  {
   "baseVals": {
    "enabled": 0
   }
  },
  {
   "baseVals": {
    "enabled": 0
   }
  },
  {
   "baseVals": {
    "enabled": 0
   }
  },
  {
   "baseVals": {
    "enabled": 0
   }
  }
 ],
 "waves": [
  {
   "baseVals": {},
   "init_eqs_str": " ",
   "frame_eqs_str": "",
   "point_eqs_str": ""
  },
  {
   "baseVals": {},
   "init_eqs_str": " ",
   "frame_eqs_str": "",
   "point_eqs_str": ""
  },
  {
   "baseVals": {},
   "init_eqs_str": " ",
   "frame_eqs_str": "",
   "point_eqs_str": ""
  },
  {
   "baseVals": {},
   "init_eqs_str": " ",
   "frame_eqs_str": "",
   "point_eqs_str": ""
  }
 ],
 "init_eqs_str": "",
 "frame_eqs_str": "a['wave_r']=((sqr(Math.sin(div(a['mid'],2)))*0.8)+(Math.sin((a['time']*0.9))*0.2)); a['wave_g']=((sqr(Math.sin(div(a['treb'],2)))*0.8)+(Math.sin((a['time']*1.2))*0.2)); a['wave_b']=((sqr(Math.sin(div(a['bass'],2)))*0.8)+(Math.sin((a['time']*1.07))*0.2)); a['echo_alpha']=below(mod(a['time'],15), 3); a['echo_zoom']=((Math.abs(below(mod(a['time'],30), 15))>0.00001)?(3):(0.333));",
 "pixel_eqs_str": "a['zoom']=((sqr(Math.sin(((a['ang']*4)+(a['time']*2))))*(((a['bass_att']*0.1)+a['rad'])+0.3))+1);",
 "baseVals": {
  "rating": 4,
  "gammaadj": 1,
  "decay": 1,
  "echo_zoom": 0.334862,
  "echo_orient": 2,
  "wave_mode": 2,
  "additivewave": 1,
  "wave_thick": 1,
  "modwavealphabyvolume": 1,
  "darken_center": 1,
  "darken": 1,
  "wave_a": 1.000416,
  "wave_scale": 0.01078,
  "wave_smoothing": 0,
  "wave_mystery": -0.36,
  "modwavealphastart": 1,
  "modwavealphaend": 1,
  "zoomexp": 1.000158,
  "zoom": 1.060223,
  "rot": -0.96,
  "dy": 0.015,
  "warp": 0,
  "wave_r": 0.5,
  "wave_g": 0.5,
  "wave_b": 0.5,
  "ob_size": 0,
  "ob_a": 1,
  "ib_size": 0,
  "ib_a": 1,
  "mv_x": 2.28,
  "mv_y": 2.400007,
  "mv_dy": 0.08,
  "mv_l": 2.5,
  "mv_r": 0,
  "mv_b": 0,
  "mv_a": 0
 },
 "warp": "",
 "comp": ""
}