{
 "shapes": [
  {
   "baseVals": {
    "enabled": 0
   }
  },
  {
   "baseVals": {
    "enabled": 0
   }
  },
  {
   "baseVals": {
    "enabled": 0
   }
  },
  {
   "baseVals": {
    "enabled": 0
   }
  }
 ],
 "waves": [
  {
   "baseVals": {},
   "init_eqs_str": " ",
   "frame_eqs_str": "",
   "point_eqs_str": ""
  },
  {
   "baseVals": {},
   "init_eqs_str": " ",
   "frame_eqs_str": "",
   "point_eqs_str": ""
  },
  {
   "baseVals": {},
   "init_eqs_str": " ",
   "frame_eqs_str": "",
   "point_eqs_str": ""
  },
  {
   "baseVals": {},
   "init_eqs_str": " ",
   "frame_eqs_str": "",
   "point_eqs_str": ""
  }
 ],
 "init_eqs_str": "a['mx'] = 0; a['my'] = 0;",
 "frame_eqs_str": "a['decay']=0.98; a['wave_x']=0.5; a['wave_y']=0.5; a['wave_r']=Math.min(0.7, Math.max(0, (0.2*a['bass']))); a['wave_g']=Math.min(0.7, Math.max(0, (0.2*a['mid']))); a['wave_b']=Math.min(0.7, Math.max(0, (0.2*a['treb']))); a['mv_r']=(0.1+(0.1*Math.sin((a['time']*0.45)))); a['mv_g']=(0.1+(0.1*Math.sin((a['time']*0.32)))); a['mv_dy']=(a['mv_dy']+(0.11*Math.sin((a['time']*5))));",
 "pixel_eqs_str": "a['mx']=(a['x']-0.5); a['my']=(a['y']-0.5); a['zoom']=(a['zoom']-(((above((a['rad']-0.18), 0)*0.05)*a['rad'])*0.9)); a['dx']=((above((a['rad']-((2-a['bass_att'])*0.2)), 0)*0.015)*div(a['mx'],((Math.abs(above(a['rad'], 0))>0.00001)?(a['rad']):(0.1)))); a['dy']=((above((a['rad']-((2-a['bass_att'])*0.2)), 0)*0.015)*div(a['my'],((Math.abs(above(a['rad'], 0))>0.00001)?(a['rad']):(0.1))));",
 "baseVals": {
  "rating": 3,
  "gammaadj": 1.798,
  "decay": 0.9,
  "echo_zoom": 1.010137,
  "echo_alpha": 0.5,
  "echo_orient": 1,
  "wave_mode": 4,
  "additivewave": 1,
  "wave_thick": 1,
  "modwavealphabyvolume": 1,
  "darken_center": 1,
  "invert": 1,
  "wave_a": 1.179297,
  "wave_scale": 0.00004,
  "wave_smoothing": 0.027,
  "warpscale": 2.853,
  "zoom": 0.991829,
  "rot": 0.2,
  "dx": -0.02,
  "dy": -0.006,
  "warp": 0.01,
  "sx": 1.000995,
  "wave_r": 0.77,
  "wave_g": 0.6,
  "wave_b": 0.6,
  "wave_x": 0.42,
  "ob_size": 0,
  "ib_size": 0,
  "mv_x": 64,
  "mv_y": 48,
  "mv_dx": -0.898,
  "mv_dy": -0.927998,
  "mv_l": 5,
  "mv_r": 0,
  "mv_g": 0,
  "mv_b": 0.7,
  "mv_a": 0.57
 },
 "warp": "",
 "comp": ""
}