{
 "shapes": [
  {
   "baseVals": {
    "enabled": 0
   }
  },
  {
   "baseVals": {
    "enabled": 0
   }
  },
  {
   "baseVals": {
    "enabled": 0
   }
  },
  {
   "baseVals": {
    "enabled": 0
   }
  }
 ],
 "waves": [
  {
   "baseVals": {},
   "init_eqs_str": " ",
   "frame_eqs_str": "",
   "point_eqs_str": ""
  },
  {
   "baseVals": {},
   "init_eqs_str": " ",
   "frame_eqs_str": "",
   "point_eqs_str": ""
  },
  {
   "baseVals": {},
   "init_eqs_str": " ",
   "frame_eqs_str": "",
   "point_eqs_str": ""
  },
  {
   "baseVals": {},
   "init_eqs_str": " ",
   "frame_eqs_str": "",
   "point_eqs_str": ""
  }
 ],
 "init_eqs_str": "",
 "frame_eqs_str": "",
 "pixel_eqs_str": "",
 "baseVals": {
  "rating": 3,
  "gammaadj": 1.7,
  "decay": 0.999,
  "echo_zoom": 2.217954,
  "echo_alpha": 0.9,
  "echo_orient": 2,
  "wave_mode": 2,
  "additivewave": 1,
  "wave_dots": 1,
  "modwavealphabyvolume": 1,
  "wave_brighten": 0,
  "solarize": 1,
  "invert": 1,
  "wave_a": 1.0031,
  "wave_scale": 1.004865,
  "wave_smoothing": 0,
  "wave_mystery": -0.06,
  "modwavealphastart": 0.5,
  "modwavealphaend": 0.51,
  "warpanimspeed": 0.999994,
  "warpscale": 0.01,
  "zoomexp": 8.311049,
  "fshader": 1,
  "zoom": 1.035451,
  "warp": 0.01,
  "sx": 1.030301,
  "sy": 0.980296,
  "wave_g": 0.1,
  "wave_b": 0.65,
  "wave_x": 0.44,
  "mv_x": 0,
  "mv_y": 0,
  "mv_a": 0
 },
 "warp": "",
 "comp": ""
}