{
 "shapes": [
  {
   "baseVals": {
    "enabled": 1,
    "sides": 6,
    "thickoutline": 1,
    "x": 0,
    "y": 0,
    "rad": 0.25,
    "ang": 0.7,
    "a2": 0.7,
    "border_r": 0,
    "border_g": 0,
    "border_a": 1
   },
   "init_eqs_str": " ",
   "frame_eqs_str": "a['ang']=(a['time']*1.4); a['x']=((0.5+(0.08*Math.cos((a['time']*1.1))))+(0.03*Math.cos((a['time']*0.7)))); a['y']=((0.5+(0.08*Math.sin((a['time']*1.1))))+(0.03*Math.sin((a['time']*0.7)))); a['r']=(0.5+(0.5*Math.sin(((a['time']*0.713)+1)))); a['g']=(0.5+(0.5*Math.sin(((a['time']*0.563)+2)))); a['b']=(0.5+(0.5*Math.sin(((a['time']*0.654)+5)))); a['r2']=(0.5+(0.5*Math.sin(((a['time']*0.885)+4)))); a['g2']=(0.5+(0.5*Math.sin(((a['time']*0.556)+1)))); a['b2']=(0.5+(0.5*Math.sin(((a['time']*0.638)+3))));"
  },
  {
   "baseVals": {
    "enabled": 0
   }
  },
  {
   "baseVals": {
    "enabled": 0
   }
  },
  {
   "baseVals": {
    "enabled": 0
   }
  }
 ],
 "waves": [
  {
   "baseVals": {
    "enabled": 0
   }
  },
  {
   "baseVals": {
    "enabled": 0
   }
  },
  {
   "baseVals": {
    "enabled": 0
   }
  },
  {
   "baseVals": {},
   "init_eqs_str": " ",
   "frame_eqs_str": "",
   "point_eqs_str": ""
  }
 ],
 "init_eqs_str": "",
 "frame_eqs_str": "a['ob_r']=(a['bass']*a['time']); a['ob_b']=(a['treb']*a['time']); a['ob_g']=(a['mid']*a['time']); a['cx']=(a['cx']-(0.2*Math.sin(a['time']))); a['cy']=(a['cy']+(0.2*Math.cos((a['time']*0.43)))); a['dx']=(a['dx']*Math.sin(above(a['bass'], 1))); a['dy']=(a['dy']*Math.sin(above(a['treb'], 1)));",
 "pixel_eqs_str": "a['rot']=((Math.abs(above(bnot((1*a['bass'])), bnot((1*a['treb']))))>0.00001)?((a['rot']*Math.sin((a['rad']*Math.sin(a['time']))))):((-a['rot']*Math.sin((a['rad']*Math.cos(a['time'])))))); a['rot']=bitand(((a['rot']*Math.sin(((a['rad']*2)*Math.sin(a['time']))))*a['rad']),Math.log((a['rad']*2)));",
 "baseVals": {
  "rating": 3,
  "gammaadj": 0,
  "decay": 0.97,
  "echo_zoom": 0.999608,
  "echo_alpha": 0.5,
  "wave_mode": 4,
  "wave_thick": 1,
  "modwavealphabyvolume": 1,
  "wave_brighten": 0,
  "wave_a": 0.001764,
  "wave_scale": 224357.234375,
  "wave_smoothing": 0.36,
  "wave_mystery": 0.6,
  "modwavealphastart": 0.87,
  "modwavealphaend": 1.2899,
  "warpscale": 0.9996,
  "zoomexp": 0.97039,
  "fshader": 0.3,
  "zoom": 0.646623,
  "rot": -0.2,
  "warp": 0.01,
  "sx": 1.347579,
  "sy": 1.347848,
  "wave_g": 0,
  "wave_x": 0.500001,
  "ob_r": 1,
  "ob_g": 1,
  "ob_b": 0.3,
  "ob_a": 1,
  "ib_size": 0.005,
  "ib_r": 0,
  "ib_g": 0,
  "ib_b": 0,
  "ib_a": 1,
  "mv_x": 0.64,
  "mv_y": 4.8,
  "mv_l": 5,
  "mv_r": 0.7,
  "mv_g": 0.35,
  "mv_b": 0.5,
  "mv_a": 0.2
 },
 "warp": "",
 "comp": ""
}