{
 "shapes": [
  {
   "baseVals": {
    "enabled": 0
   }
  },
  {
   "baseVals": {
    "enabled": 0
   }
  },
  {
   "baseVals": {
    "enabled": 0
   }
  },
  {
   "baseVals": {
    "enabled": 0
   }
  }
 ],
 "waves": [
  {
   "baseVals": {},
   "init_eqs_str": " ",
   "frame_eqs_str": "",
   "point_eqs_str": ""
  },
  {
   "baseVals": {},
   "init_eqs_str": " ",
   "frame_eqs_str": "",
   "point_eqs_str": ""
  },
  {
   "baseVals": {},
   "init_eqs_str": " ",
   "frame_eqs_str": "",
   "point_eqs_str": ""
  },
  {
   "baseVals": {},
   "init_eqs_str": " ",
   "frame_eqs_str": "",
   "point_eqs_str": ""
  }
 ],
 "init_eqs_str": "a['signage'] = 0;",
 "frame_eqs_str": "a['warp']=0; a['sy']=(0.9+(0.07*Math.sin(a['time']))); a['sx']=1.02; a['wave_r']=((a['wave_r']+(0.25*Math.sin((a['time']*444))))+(a['bass']*0.3)); a['wave_g']=((a['wave_g']+(0.25*Math.sin((a['time']*333))))+(a['treb']*0.3)); a['wave_b']=((a['wave_b']+(0.25*Math.sin((a['time']*222))))+(a['mid']*0.3)); a['ib_r']=(a['wave_r']*0.1); a['ib_g']=(a['wave_b']*0.1); a['ib_b']=(a['wave_r']*0.1); a['ib_a']=((0.1+(0.1*Math.sin((a['time']*3))))+(a['bass']*0.1)); a['ib_size']=0.1; a['ob_r']=(a['wave_b']*0.3); a['ob_g']=(a['wave_r']*0.3); a['ob_b']=(a['wave_g']*0.3); a['ob_size']=(0.05+(0.05*Math.sin((a['time']*3)))); a['ob_a']=a['ib_a'];",
 "pixel_eqs_str": "a['zoom']=(a['zoom']-(0.020*Math.sin((0.09*(0.78+a['time']))))); a['signage']=sign(Math.sin((0.7854+(0.5*a['time'])))); a['rot']=(((a['rot']+0.2)+(a['signage']*1.75))+((a['signage']*0.19)*Math.sin(((a['rot']+(a['rad']*0.2))+a['time']))));",
 "baseVals": {
  "rating": 5,
  "gammaadj": 2.090001,
  "decay": 1,
  "echo_zoom": 1.483845,
  "echo_alpha": 0.5,
  "echo_orient": 1,
  "wave_mode": 3,
  "darken_center": 1,
  "darken": 1,
  "wave_scale": 0.123361,
  "wave_smoothing": 0,
  "wave_mystery": 1,
  "zoom": 1.03,
  "wave_r": 0.5,
  "wave_g": 0.5,
  "wave_b": 0.4999,
  "wave_x": 0.6,
  "ib_size": 0.11,
  "ib_a": 0.15,
  "mv_x": 2,
  "mv_y": 2,
  "mv_a": 0
 },
 "warp": "",
 "comp": ""
}