{
 "shapes": [
  {
   "baseVals": {
    "enabled": 0
   }
  },
  {
   "baseVals": {
    "enabled": 0
   }
  },
  {
   "baseVals": {
    "enabled": 0
   }
  },
  {
   "baseVals": {
    "enabled": 0
   }
  }
 ],
 "waves": [
  {
   "baseVals": {},
   "init_eqs_str": " ",
   "frame_eqs_str": "",
   "point_eqs_str": ""
  },
  {
   "baseVals": {},
   "init_eqs_str": " ",
   "frame_eqs_str": "",
   "point_eqs_str": ""
  },
  {
   "baseVals": {},
   "init_eqs_str": " ",
   "frame_eqs_str": "",
   "point_eqs_str": ""
  },
  {
   "baseVals": {},
   "init_eqs_str": " ",
   "frame_eqs_str": "",
   "point_eqs_str": ""
  }
 ],
 "init_eqs_str": "a['wave_mysteyr'] = 0; a['thresh'] = 0; a['dx_r'] = 0; a['dy_r'] = 0;",
 "frame_eqs_str": "a['wave_r']=((a['wave_r']+(0.35*Math.sin((1.4*a['time']))))+(0.15*Math.sin((2.5*a['time'])))); a['wave_g']=((a['wave_g']+(0.34*Math.sin((1.7*a['time']))))+(0.16*Math.sin((2.11*a['time'])))); a['wave_b']=((a['wave_b']+(0.33*Math.sin((1.84*a['time']))))+(0.17*Math.sin((2.3*a['time'])))); a['warp']=0; a['wave_mystery']=((a['wave_mysteyr']+0.12)+(0.12*Math.sin((75*a['time'])))); a['rot']=(a['rot']+(0.01*a['zoom'])); a['thresh']=((above(a['bass_att'], a['thresh'])*2)+((1-above(a['bass_att'], a['thresh']))*(((a['thresh']-1.3)*0.96)+1.3))); a['dx_r']=(((equal(a['thresh'], 2)*0.015)*Math.sin((5*a['time'])))+((1-equal(a['thresh'], 2))*a['dx_r'])); a['dy_r']=(((equal(a['thresh'], 2)*0.015)*Math.sin((6*a['time'])))+((1-equal(a['thresh'], 2))*a['dy_r'])); a['dx']=(a['dx']+(0.3*a['dx_r'])); a['dy']=(a['dy']+(0.3*a['dy_r']));",
 "pixel_eqs_str": "a['zoom']=(a['zoom']+(0.01*above(a['rad'], (0.75*Math.sin((1.75*a['treb'])))))); a['zoom']=(a['zoom']-(0.01*below(a['rad'], (0.75*Math.sin((1.8*a['bass'])))))); a['rot']=(a['rot']+((1.3*Math.sin(a['time']))*((Math.abs(below(a['rad'], (0.5*Math.sin(a['time']))))>0.00001)?((0.2*Math.sin((1.5*a['time'])))):(0))));",
 "baseVals": {
  "rating": 3,
  "gammaadj": 1.8,
  "decay": 0.97,
  "echo_zoom": 1.00966,
  "echo_alpha": 0.4,
  "echo_orient": 2,
  "wave_mode": 4,
  "wave_thick": 1,
  "wave_a": 100,
  "wave_scale": 0.007307,
  "wave_smoothing": 0.5,
  "wave_mystery": -0.4,
  "modwavealphastart": 0.5,
  "modwavealphaend": 1,
  "zoom": 1.02,
  "dx": 0.00001,
  "dy": 0.00001,
  "warp": 0.01,
  "wave_r": 0.5,
  "wave_g": 0.5,
  "wave_b": 0.5,
  "ob_size": 0,
  "ob_a": 1,
  "ib_size": 0,
  "ib_r": 0,
  "ib_g": 0,
  "ib_b": 0,
  "mv_x": 64,
  "mv_y": 48,
  "mv_l": 0,
  "mv_a": 0
 },
 "warp": "",
 "comp": ""
}