{
 "shapes": [
  {
   "baseVals": {
    "enabled": 0
   }
  },
  {
   "baseVals": {
    "enabled": 0
   }
  },
  {
   "baseVals": {
    "enabled": 0
   }
  },
  {
   "baseVals": {
    "enabled": 0
   }
  }
 ],
 "waves": [
  {
   "baseVals": {
    "enabled": 0
   }
  },
  {
   "baseVals": {
    "enabled": 0
   }
  },
  {
   "baseVals": {
    "enabled": 0
   }
  },
  {
   "baseVals": {},
   "init_eqs_str": " ",
   "frame_eqs_str": "",
   "point_eqs_str": ""
  }
 ],
 "init_eqs_str": "",
 "frame_eqs_str": "a['wave_r']=(a['wave_r']+(0.500*((0.60*Math.sin((0.933*a['time'])))+(0.40*Math.sin((1.045*a['time'])))))); a['wave_g']=(a['wave_g']+(0.500*((0.60*Math.sin((0.900*a['time'])))+(0.40*Math.sin((0.956*a['time'])))))); a['wave_b']=(a['wave_b']+(0.500*((0.60*Math.sin((0.910*a['time'])))+(0.40*Math.sin((0.920*a['time'])))))); a['zoom']=Math.max(0.98, Math.min((0.15+(0.8*a['bass_att'])), 0.95)); a['rot']=(a['rot']+(0.040*((0.60*Math.sin((0.381*a['time'])))+(0.40*Math.sin((0.579*a['time']))))));",
 "pixel_eqs_str": "a['zoom']=(a['zoom']+(0.07*Math.sin(((a['rad']*20)+(a['time']*2.5)))));",
 "baseVals": {
  "rating": 3,
  "gammaadj": 0.4,
  "decay": 1,
  "echo_zoom": 21.842733,
  "echo_alpha": 0.8,
  "wave_mode": 4,
  "wave_dots": 1,
  "wave_thick": 1,
  "modwavealphabyvolume": 1,
  "wave_brighten": 0,
  "darken_center": 1,
  "darken": 1,
  "wave_a": 0.298652,
  "wave_scale": 0.00011,
  "wave_smoothing": 0.34,
  "wave_mystery": 0.4,
  "modwavealphastart": 1.75,
  "modwavealphaend": 1.55,
  "warpscale": 1.7347,
  "zoomexp": 1.1864,
  "zoom": 1.883999,
  "rot": 0.4,
  "warp": 0.00092,
  "wave_r": 0.5,
  "wave_g": 0.5,
  "wave_b": 0.5,
  "mv_x": 6,
  "mv_y": 6
 },
 "warp": "",
 "comp": ""
}