{
 "shapes": [
  {
   "baseVals": {
    "enabled": 0
   }
  },
  {
   "baseVals": {
    "enabled": 0
   }
  },
  {
   "baseVals": {
    "enabled": 0
   }
  },
  {
   "baseVals": {
    "enabled": 0
   }
  }
 ],
 "waves": [
  {
   "baseVals": {
    "enabled": 0
   }
  },
  {
   "baseVals": {
    "enabled": 0
   }
  },
  {
   "baseVals": {
    "enabled": 0
   }
  },
  {
   "baseVals": {},
   "init_eqs_str": " ",
   "frame_eqs_str": "",
   "point_eqs_str": ""
  }
 ],
 "init_eqs_str": "a['q1'] = 0;",
 "frame_eqs_str": "a['warp']=0; a['wave_r']=(a['bass_att']*0.3); a['wave_g']=(a['treb_att']*0.3); a['wave_b']=(a['mid_att']*0.3); a['ob_r']=(0.5+(0.5*Math.sin((a['time']*5.12)))); a['ob_b']=(0.5+(0.5*Math.sin((a['time']*6.112)))); a['ob_g']=(0.5+(0.5*Math.sin((a['time']*7.212)))); a['q1']=((a['zoom']+(pow((a['bass']+a['bass_att']), 3)*0.005))-0.02);",
 "pixel_eqs_str": "a['zoom']=(a['q1']+((a['rad']*Math.sin((a['ang']*25)))*0.05));",
 "baseVals": {
  "rating": 3,
  "decay": 1,
  "echo_zoom": 0.999608,
  "echo_alpha": 0.5,
  "wave_mode": 1,
  "wave_thick": 1,
  "wave_brighten": 0,
  "wrap": 0,
  "darken_center": 1,
  "wave_scale": 0.001492,
  "wave_mystery": -0.42,
  "zoom": 0.89,
  "wave_r": 0.5,
  "wave_g": 0.5,
  "wave_b": 0.5,
  "ob_r": 1,
  "ob_a": 0.9,
  "mv_x": 1.28,
  "mv_y": 1.248,
  "mv_dx": -0.06,
  "mv_dy": -0.026,
  "mv_l": 5,
  "mv_a": 0
 },
 "warp": "",
 "comp": ""
}