{
 "shapes": [
  {
   "baseVals": {
    "enabled": 0
   }
  },
  {
   "baseVals": {
    "enabled": 0
   }
  },
  {
   "baseVals": {
    "enabled": 0
   }
  },
  {
   "baseVals": {
    "enabled": 0
   }
  }
 ],
 "waves": [
  {
   "baseVals": {
    "enabled": 0
   }
  },
  {
   "baseVals": {
    "enabled": 0
   }
  },
  {
   "baseVals": {
    "enabled": 0
   }
  },
  {
   "baseVals": {},
   "init_eqs_str": " ",
   "frame_eqs_str": "",
   "point_eqs_str": ""
  }
 ],
 "init_eqs_str": "a['q1'] = 0; a['random'] = 0; a['timer'] = 0; a['changer'] = 0; a['setter'] = 0; a['speed'] = 0; a['changer']=1; a['speed']=1; a['setter']=0; a['timer']=0; a['random']=0;",
 "frame_eqs_str": "a['warp']=0; a['random']=Math.floor(randint(100)); a['timer']=((Math.abs(equal(a['changer'], 1))>0.00001)?(10):((a['timer']-0.1))); a['setter']=((Math.abs(equal(a['changer'], 0))>0.00001)?(((Math.abs(below(a['timer'], 1))>0.00001)?(0):(1))):(1)); a['changer']=((Math.abs(equal(a['setter'], 0))>0.00001)?(((Math.abs(below(a['random'], 20))>0.00001)?(1):(((Math.abs(above(a['random'], 80))>0.00001)?(1):(0))))):(0)); a['speed']=((Math.abs(equal(a['setter'], 0))>0.00001)?(((Math.floor(randint(55))*0.1)-1)):(a['speed'])); a['wave_mystery']=((Math.abs(above(mod(a['frame'],2), 0))>0.00001)?(a['wave_mystery']):((-0.45+(a['bass']*0.05)))); a['wave_x']=((Math.abs(above(mod(a['frame'],2), 0))>0.00001)?(0.5):((0.5+(0.2*Math.sin((a['time']*a['speed'])))))); a['wave_y']=((Math.abs(above(mod(a['frame'],2), 0))>0.00001)?(0.5):((0.5+(0.265*Math.cos((a['time']*a['speed'])))))); a['monitor']=a['timer']; a['wave_r']=((Math.abs(equal(mod(a['frame'],2), 0))>0.00001)?(((0.2+(0.2*Math.sin((a['time']*0.888))))+(a['bass']*0.5))):(1)); a['wave_g']=((Math.abs(equal(mod(a['frame'],2), 0))>0.00001)?(((0.2+(0.2*Math.sin((a['time']*0.777))))+(a['treb']*0.5))):(1)); a['wave_b']=((Math.abs(equal(mod(a['frame'],2), 0))>0.00001)?(((0.2+(0.2*Math.sin(a['time'])))+(a['mid']*0.5))):(1)); a['q1']=a['speed'];",
 "pixel_eqs_str": "a['rot']=((Math.abs(below(a['rad'], 0.35))>0.00001)?((((0.2*a['rad'])*a['q1'])*Math.sin((a['ang']*10)))):(0)); a['zoom']=((Math.abs(below(a['rad'], 0.4))>0.00001)?((a['zoom']-(0.2*a['rad']))):((a['zoom']+((pow(a['rad'], 3)*a['bass'])*0.1))));",
 "baseVals": {
  "rating": 2,
  "gammaadj": 0,
  "decay": 1,
  "echo_zoom": 216.372452,
  "echo_alpha": 0.2,
  "echo_orient": 2,
  "wave_mode": 4,
  "wave_thick": 1,
  "wrap": 0,
  "solarize": 1,
  "invert": 1,
  "wave_a": 1.958904,
  "wave_scale": 0.000003,
  "wave_smoothing": 0.54,
  "wave_mystery": 0.08,
  "zoom": 1.08,
  "wave_r": 0.5,
  "wave_g": 0.5,
  "wave_b": 0.5,
  "ob_size": 0.31,
  "ob_r": 0.3,
  "mv_a": 0
 },
 "warp": "",
 "comp": ""
}