{
 "shapes": [
  {
   "baseVals": {
    "enabled": 0
   }
  },
  {
   "baseVals": {
    "enabled": 0
   }
  },
  {
   "baseVals": {
    "enabled": 0
   }
  },
  {
   "baseVals": {
    "enabled": 0
   }
  }
 ],
 "waves": [
  {
   "baseVals": {},
   "init_eqs_str": " ",
   "frame_eqs_str": "",
   "point_eqs_str": ""
  },
  {
   "baseVals": {},
   "init_eqs_str": " ",
   "frame_eqs_str": "",
   "point_eqs_str": ""
  },
  {
   "baseVals": {},
   "init_eqs_str": " ",
   "frame_eqs_str": "",
   "point_eqs_str": ""
  },
  {
   "baseVals": {},
   "init_eqs_str": " ",
   "frame_eqs_str": "",
   "point_eqs_str": ""
  }
 ],
 "init_eqs_str": "a['dx_residual'] = 0; a['dy_residual'] = 0; a['bass_thresh'] = 0;",
 "frame_eqs_str": "a['dx']=0.0235; a['dy']=0.0235; a['wave_x']=(0.5+(0.1*Math.sin((1*a['time'])))); a['wave_y']=(0.5+(0.1*Math.cos((1*a['time'])))); a['wave_r']=(a['wave_r']+(0.5*Math.sin((5*a['time'])))); a['wave_g']=(1-a['wave_r']); a['wave_b']=(a['wave_b']+(0.3*Math.sin((1.111*a['time'])))); a['mv_r']=a['treb']; a['mv_g']=a['bass']; a['mv_b']=a['mid']; a['mv_a']=(a['bass_att']-div(a['treb_att'],3)); a['cx']=(a['cx']+(0.225*((0.60*Math.sin((0.350*a['time'])))+(0.40*Math.sin((0.350*a['time'])))))); a['cy']=(a['cy']+(0.225*((0.60*Math.sin((0.350*a['time'])))+(0.40*Math.sin((0.350*a['time'])))))); a['decay']=(a['decay']-(0.01*mod(a['frame'],5))); a['dx']=(a['dx']+a['dx_residual']); a['dy']=(a['dy']+a['dy_residual']); a['dx_residual']=(((equal(a['bass_thresh'], 2)*0.016)*Math.sin((a['time']*7)))+((1-equal(a['bass_thresh'], 2))*a['dx_residual'])); a['dy_residual']=(((equal(a['bass_thresh'], 2)*0.012)*Math.sin((a['time']*9)))+((1-equal(a['bass_thresh'], 2))*a['dy_residual'])); a['zoom']=-1; a['rot']=-1;",
 "pixel_eqs_str": "a['rot']=(((a['zoom']+(0.03*Math.sin(((((a['x']*2)-1)*4)+(a['time']*1.63)))))+(0.03*Math.sin(((((a['y']*2)-1)*3)+(a['time']*1.37)))))-(0.1*Math.sin(((a['rad']*0.1)+(a['time']*1.6)))));",
 "baseVals": {
  "rating": 3,
  "gammaadj": 0,
  "decay": 1,
  "echo_zoom": 0.999609,
  "echo_alpha": 0.5,
  "wave_thick": 1,
  "wrap": 0,
  "wave_a": 100,
  "wave_scale": 0.025011,
  "wave_smoothing": 0.9,
  "wave_mystery": -0.54,
  "modwavealphastart": 0.71,
  "modwavealphaend": 1.3,
  "warpscale": 1.331,
  "zoom": 1.059514,
  "rot": 0.1,
  "warp": 0.01,
  "wave_r": 0.5,
  "wave_g": 0.5,
  "wave_b": 0.5,
  "ob_size": 0.005,
  "ob_r": 1,
  "ib_size": 0.005,
  "ib_r": 0,
  "ib_g": 0.5,
  "ib_b": 0,
  "mv_x": 1.28,
  "mv_y": 1.44
 },
 "warp": "",
 "comp": ""
}