{
 "shapes": [
  {
   "baseVals": {
    "enabled": 0
   }
  },
  {
   "baseVals": {
    "enabled": 0
   }
  },
  {
   "baseVals": {
    "enabled": 1,
    "sides": 5,
    "additive": 1,
    "x": 0.9,
    "rad": 0.22613,
    "g": 0.6,
    "g2": 0,
    "border_a": 0
   },
   "init_eqs_str": " ",
   "frame_eqs_str": "a['x']=(0.05+div(randint(900),1000)); a['y']=(0.05+div(randint(900),1000)); a['ang']=div(randint(320),100);"
  },
  {
   "baseVals": {
    "enabled": 0
   }
  }
 ],
 "waves": [
  {
   "baseVals": {
    "enabled": 0
   }
  },
  {
   "baseVals": {
    "enabled": 0
   }
  },
  {
   "baseVals": {
    "enabled": 0
   }
  },
  {
   "baseVals": {
    "enabled": 0
   }
  }
 ],
 "init_eqs_str": "a['index2'] = 0; a['index4'] = 0; a['index'] = 0; a['q22'] = 0; a['q21'] = 0; a['q29'] = 0; a['movex'] = 0; a['q1'] = 0; a['dec_med'] = 0; a['index3'] = 0; a['rott'] = 0; a['is_beat'] = 0; a['q31'] = 0; a['q23'] = 0; a['k1'] = 0; a['q24'] = 0; a['dec_slow'] = 0; a['q4'] = 0; a['q26'] = 0; a['p2'] = 0; a['avg'] = 0; a['movez'] = 0; a['beat'] = 0; a['p1'] = 0; a['peak'] = 0; a['q2'] = 0; a['q27'] = 0; a['q3'] = 0; a['t0'] = 0; a['q32'] = 0; a['q28'] = 0; a['q30'] = 0; a['q20'] = 0; a['p1']=randint(16); a['p2']=a['p1'];",
 "frame_eqs_str": "a['dec_med']=pow(0.96, div(30,a['fps'])); a['dec_slow']=pow(0.99, div(30,a['fps'])); a['beat']=Math.max(Math.max(a['bass'], a['mid']), a['treb']); a['avg']=((a['avg']*a['dec_slow'])+(a['beat']*(1-a['dec_slow']))); a['is_beat']=(above(a['beat'], ((0.4+a['avg'])+a['peak']))*above(a['time'], (a['t0']+0.2))); a['t0']=((a['is_beat']*a['time'])+((1-a['is_beat'])*a['t0'])); a['peak']=((a['is_beat']*a['beat'])+(((1-a['is_beat'])*a['peak'])*a['dec_med'])); a['index']=mod((a['index']+a['is_beat']),8); a['index2']=mod((a['index2']+(a['is_beat']*bnot(a['index']))),4); a['index3']=mod((a['index3']+((a['is_beat']*bnot(a['index']))*bnot(a['index2']))),3); a['q20']=a['avg']; a['q21']=a['beat']; a['q22']=a['peak']; a['q23']=a['index']; a['q24']=a['is_beat']; a['q26']=((a['bass']+a['mid'])+a['treb']); a['k1']=(a['is_beat']*equal(a['index'], 0)); a['p1']=((a['k1']*(a['p1']+1))+((1-a['k1'])*a['p1'])); a['p2']=((a['dec_med']*a['p2'])+((1-a['dec_med'])*a['p1'])); a['rott']=div((a['p2']*3.14159265359),4); a['q27']=(8-a['index']); a['q28']=Math.sin(div(a['time'],7)); a['q29']=a['index4']; a['q1']=Math.cos(a['rott']); a['q2']=Math.sin(a['rott']); a['q3']=-a['q2']; a['q4']=a['q1']; a['mv_a']=(0.5*a['q1']); a['movez']=(a['movez']+div((0.01*30),a['fps'])); a['q29']=a['movez']; a['movex']=(a['movex']+(div((0.003*30),a['fps'])*a['q2'])); a['q30']=a['movex']; a['q31']=sqr(Math.sin(div(a['time'],17))); a['q32']=sqr(Math.cos(div(a['time'],17))); a['zoom']=1.0; a['rot']=0.0; a['dx']=0.0; a['warp']=0.2;",
 "pixel_eqs_str": "",
 "baseVals": {
  "rating": 3,
  "gammaadj": 1.21,
  "decay": 0.97,
  "echo_zoom": 1,
  "echo_alpha": 0.5,
  "wave_mode": 2,
  "additivewave": 1,
  "wave_dots": 1,
  "wave_thick": 1,
  "modwavealphabyvolume": 1,
  "wave_brighten": 0,
  "darken": 1,
  "wave_a": 0.001,
  "wave_scale": 5.552,
  "wave_smoothing": 0.504,
  "wave_mystery": -1,
  "modwavealphastart": 0.71,
  "modwavealphaend": 1.3,
  "warpanimspeed": 1.459,
  "warpscale": 2.007,
  "fshader": 1,
  "zoom": 0.9999,
  "warp": 0.01,
  "sx": 0.9999,
  "wave_g": 0,
  "wave_b": 0,
  "ob_size": 0.11,
  "ib_size": 0.26,
  "mv_x": 64,
  "mv_y": 48,
  "mv_l": 0.85,
  "mv_r": 0.5,
  "mv_g": 0.5,
  "mv_b": 0.5,
  "mv_a": 0
 },
 "warp": "",
 "comp": ""
}