{
 "shapes": [
  {
   "baseVals": {
    "enabled": 0
   }
  },
  {
   "baseVals": {
    "enabled": 1,
    "sides": 36,
    "additive": 1,
    "textured": 1,
    "rad": 0.91974,
    "tex_zoom": 0.9803,
    "r": 0,
    "a": 0,
    "r2": 1,
    "b2": 0.94,
    "a2": 0.06,
    "border_a": 0
   },
   "init_eqs_str": " ",
   "frame_eqs_str": "a['tex_zoom']=(a['tex_zoom']+(Math.sin((a['time']*0.3))*0.2)); a['ang']=(Math.sin((a['time']*0.5))*0.01);"
  },
  {
   "baseVals": {
    "enabled": 0
   }
  },
  {
   "baseVals": {
    "enabled": 0
   }
  }
 ],
 "waves": [
  {
   "baseVals": {
    "enabled": 1,
    "thick": 1,
    "additive": 1,
    "r": 0.06,
    "g": 0.04,
    "b": 0.11
   },
   "init_eqs_str": "a['cang'] = 0; a['n'] = 0; a['yq'] = 0; a['xp'] = 0; a['step1'] = 0; a['pos'] = 0; a['xs'] = 0; a['yp'] = 0; a['t1'] = 0; a['scale'] = 0; a['q1'] = 0; a['points'] = 0; a['t8'] = 0; a['cycle'] = 0; a['xq'] = 0; a['third'] = 0; a['sang'] = 0; a['t3'] = 0; a['ys'] = 0; a['step2'] = 0; a['zq'] = 0; a['black'] = 0; a['ang'] = 0; a['t2'] = 0; a['zp'] = 0; a['q2'] = 0; ",
   "frame_eqs_str": "a['t1']=(a['time']*0.5); a['t2']=(a['time']*0.33); a['t3']=(a['time']*0.23); a['t8']=-1;",
   "point_eqs_str": "a['scale']=(1+a['q1']); a['n']=((a['sample']*6.283)*4); a['third']=div(6.283,3); a['cycle']=Math.floor((a['sample']*4)); a['pos']=a['t8']; a['pos']=((Math.abs(equal(a['pos'], 1))>0.00001)?(-1):((a['pos']+1))); a['pos']=((Math.abs(equal(((a['sample']*4)-a['cycle']), 0))>0.00001)?(0):(a['pos'])); a['t8']=a['pos']; a['points']=equal(a['pos'], 0); a['a']=(equal(a['pos'], 0)*a['q2']); a['xp']=(((Math.sin(a['n'])*0.05)*a['points'])*a['scale']); a['yp']=a['pos']; a['zp']=(((Math.cos(a['n'])*0.05)*a['points'])*a['scale']); a['ang']=(div(3.1415,2)-(above(a['cycle'], 0.99)*a['third'])); a['sang']=Math.sin(a['ang']); a['cang']=Math.cos(a['ang']); a['xq']=((a['xp']*a['sang'])+(a['yp']*a['cang'])); a['yq']=((a['xp']*a['cang'])-(a['yp']*a['sang'])); a['zq']=a['zp']; a['xp']=a['xq']; a['yp']=a['yq']; a['zp']=a['zq']; a['ang']=div(3.1415,2); a['step1']=(equal(a['cycle'], 2)*a['third']); a['step2']=((equal(a['cycle'], 3)*a['third'])*2); a['ang']=((a['ang']+a['step1'])+a['step2']); a['ang']=a['ang']; a['sang']=Math.sin(a['ang']); a['cang']=Math.cos(a['ang']); a['xq']=((a['xp']*a['sang'])+(a['zp']*a['cang'])); a['yq']=a['yp']; a['zq']=((a['xp']*a['cang'])-(a['zp']*a['sang'])); a['xp']=a['xq']; a['yp']=a['yq']; a['zp']=a['zq']; a['ang']=(a['time']*0.23); a['sang']=Math.sin(a['ang']); a['cang']=Math.cos(a['ang']); a['xq']=a['xp']; a['yq']=((a['yp']*a['sang'])+(a['zp']*a['cang'])); a['zq']=((a['yp']*a['cang'])-(a['zp']*a['sang'])); a['xp']=a['xq']; a['yp']=a['yq']; a['zp']=a['zq']; a['ang']=(a['time']*0.6); a['sang']=Math.sin(a['ang']); a['cang']=Math.cos(a['ang']); a['xq']=((a['xp']*a['sang'])+(a['zp']*a['cang'])); a['yq']=a['yp']; a['zq']=((a['xp']*a['cang'])-(a['zp']*a['sang'])); a['xp']=a['xq']; a['yp']=a['yq']; a['zp']=a['zq']; a['zp']=(a['zp']+4.1); a['xs']=(div(a['xp'],a['zp'])+0.5); a['ys']=((div(a['yp'],a['zp'])*1.333)+0.5); a['x']=a['xs']; a['y']=a['ys']; a['black']=(1-equal(a['pos'], 0)); a['r']=(a['r']*a['black']); a['g']=(a['g']*a['black']); a['b']=(a['b']*a['black']);"
  },
  {
   "baseVals": {
    "enabled": 1,
    "additive": 1,
    "r": 0.06,
    "g": 0.04,
    "b": 0.02
   },
   "init_eqs_str": "a['cang'] = 0; a['n'] = 0; a['yq'] = 0; a['xp'] = 0; a['step1'] = 0; a['pos'] = 0; a['xs'] = 0; a['yp'] = 0; a['scale'] = 0; a['q1'] = 0; a['points'] = 0; a['t8'] = 0; a['cycle'] = 0; a['xq'] = 0; a['third'] = 0; a['sang'] = 0; a['ys'] = 0; a['step2'] = 0; a['zq'] = 0; a['ang'] = 0; a['zp'] = 0; a['q2'] = 0; a['q8'] = 0; ",
   "frame_eqs_str": "",
   "point_eqs_str": "a['scale']=(1+a['q1']); a['n']=((a['sample']*6.283)*4); a['third']=div(6.283,3); a['cycle']=Math.floor((a['sample']*4)); a['pos']=a['t8']; a['pos']=((Math.abs(equal(a['pos'], 1))>0.00001)?(-1):((a['pos']+1))); a['pos']=((Math.abs(equal(((a['sample']*4)-a['cycle']), 0))>0.00001)?(0):(a['pos'])); a['t8']=a['pos']; a['points']=equal(a['pos'], 0); a['a']=(equal(a['pos'], 0)*a['q2']); a['xp']=(((Math.sin(a['n'])*0.05)*a['points'])*a['scale']); a['yp']=a['pos']; a['zp']=(((Math.cos(a['n'])*0.05)*a['points'])*a['scale']); a['ang']=(div(3.1415,2)-(above(a['cycle'], 0.99)*a['third'])); a['sang']=Math.sin(a['ang']); a['cang']=Math.cos(a['ang']); a['xq']=((a['xp']*a['sang'])+(a['yp']*a['cang'])); a['yq']=((a['xp']*a['cang'])-(a['yp']*a['sang'])); a['zq']=a['zp']; a['xp']=a['xq']; a['yp']=a['yq']; a['zp']=a['zq']; a['ang']=div(3.1415,2); a['step1']=(equal(a['cycle'], 2)*a['third']); a['step2']=((equal(a['cycle'], 3)*a['third'])*2); a['ang']=((a['ang']+a['step1'])+a['step2']); a['ang']=a['ang']; a['sang']=Math.sin(a['ang']); a['cang']=Math.cos(a['ang']); a['xq']=((a['xp']*a['sang'])+(a['zp']*a['cang'])); a['yq']=a['yp']; a['zq']=((a['xp']*a['cang'])-(a['zp']*a['sang'])); a['xp']=a['xq']; a['yp']=a['yq']; a['zp']=a['zq']; a['yp']=-a['yp']; a['ang']=(a['time']*0.23); a['sang']=Math.sin(a['ang']); a['cang']=Math.cos(a['ang']); a['xq']=a['xp']; a['yq']=((a['yp']*a['sang'])+(a['zp']*a['cang'])); a['zq']=((a['yp']*a['cang'])-(a['zp']*a['sang'])); a['xp']=a['xq']; a['yp']=a['yq']; a['zp']=a['zq']; a['ang']=(a['time']*0.6); a['sang']=Math.sin(a['ang']); a['cang']=Math.cos(a['ang']); a['xq']=((a['xp']*a['sang'])+(a['zp']*a['cang'])); a['yq']=a['yp']; a['zq']=((a['xp']*a['cang'])-(a['zp']*a['sang'])); a['xp']=a['xq']; a['yp']=a['yq']; a['zp']=a['zq']; a['zp']=(a['zp']+4.1); a['xs']=(div(a['xp'],a['zp'])+0.5); a['ys']=((div(a['yp'],a['zp'])*1.333)+0.5); a['x']=a['xs']; a['y']=a['ys']; a['a']=(a['a']*(1-(a['q8']*0.5)));"
  },
  {
   "baseVals": {
    "enabled": 1,
    "additive": 1,
    "r": 0.21,
    "g": 0.12,
    "b": 0.05
   },
   "init_eqs_str": "a['xp'] = 0; a['s'] = 0; a['yp'] = 0; a['t1'] = 0; a['advance'] = 0; a['x_screen'] = 0; a['y_screen'] = 0; a['ag'] = 0; a['zp'] = 0; ",
   "frame_eqs_str": "a['advance']=(a['advance']+0.005); a['advance']=((Math.abs(above(a['advance'], 2))>0.00001)?(0):(a['advance'])); a['t1']=a['advance'];",
   "point_eqs_str": "a['s']=(a['sample']*6.28); a['xp']=(((Math.sin(a['s'])+Math.sin((a['s']*0.34)))+Math.sin((a['s']*24.3)))+Math.sin((a['s']*13.8))); a['xp']=(a['xp']*0.20); a['yp']=(((Math.cos(a['s'])+Math.sin((a['s']*0.24)))+Math.cos((a['s']*17.4)))+Math.sin((a['s']*37.7))); a['yp']=(a['yp']*0.20); a['zp']=(((Math.cos(a['s'])+Math.cos((a['s']*5.24)))+Math.cos((a['s']*47.4)))+Math.cos((a['s']*27.7))); a['zp']=(a['zp']*0.25); a['zp']=((a['zp']+1)-a['t1']); a['zp']=((Math.abs(below(a['zp'], 0))>0.00001)?((a['zp']+2)):(a['zp'])); a['a']=(1-(a['zp']*0.5)); a['zp']=(a['zp']*0.7); a['x_screen']=(div(a['xp'],a['zp'])+0.5); a['y_screen']=((div(a['yp'],a['zp'])*1.333)+0.5); a['x']=a['x_screen']; a['y']=a['y_screen']; a['ag']=Math.atan(div((a['y']-0.5),(a['x']-0.5)));"
  },
  {
   "baseVals": {
    "enabled": 1,
    "usedots": 1,
    "thick": 1,
    "additive": 1,
    "r": 0.61,
    "g": 0.72,
    "b": 0.95
   },
   "init_eqs_str": "a['xp'] = 0; a['s'] = 0; a['yp'] = 0; a['t1'] = 0; a['advance'] = 0; a['sparkle'] = 0; a['x_screen'] = 0; a['y_screen'] = 0; a['ag'] = 0; a['zp'] = 0; ",
   "frame_eqs_str": "a['advance']=(a['advance']+0.008); a['advance']=((Math.abs(above(a['advance'], 2))>0.00001)?(0):(a['advance'])); a['t1']=a['advance'];",
   "point_eqs_str": "a['sparkle']=((Math.sin((((a['sample']*6.283)*3)+(a['time']*5)))*0.5)+0.5); a['s']=(a['sample']*6.28); a['xp']=(((Math.sin(a['s'])+Math.sin((a['s']*0.34)))+Math.sin((a['s']*24.3)))+Math.sin((a['s']*13.8))); a['xp']=(a['xp']*0.20); a['yp']=(((Math.cos(a['s'])+Math.sin((a['s']*0.24)))+Math.cos((a['s']*17.4)))+Math.sin((a['s']*37.7))); a['yp']=(a['yp']*0.20); a['zp']=(((Math.cos(a['s'])+Math.cos((a['s']*5.24)))+Math.cos((a['s']*47.4)))+Math.cos((a['s']*27.7))); a['zp']=(a['zp']*0.25); a['zp']=((a['zp']+1)-a['t1']); a['zp']=((Math.abs(below(a['zp'], 0))>0.00001)?((a['zp']+2)):(a['zp'])); a['a']=(1-(a['zp']*0.5)); a['a']=(a['a']*a['sparkle']); a['zp']=(a['zp']*0.7); a['x_screen']=(div(a['xp'],a['zp'])+0.5); a['y_screen']=((div(a['yp'],a['zp'])*1.333)+0.5); a['x']=a['x_screen']; a['y']=a['y_screen']; a['ag']=Math.atan(div((a['y']-0.5),(a['x']-0.5)));"
  }
 ],
 "init_eqs_str": "a['meanbass_att'] = 0; a['q1'] = 0; a['flip'] = 0; a['lastbeat'] = 0; a['beatrate'] = 0; a['mode'] = 0; a['peakbass_att'] = 0; a['beatcounter'] = 0; a['att'] = 0; a['volume'] = 0; a['beat'] = 0; a['vol'] = 0; a['q7'] = 0; a['mtime'] = 0; a['q8'] = 0; a['mv_x']=64; a['mv_y']=48; a['nut']=0; a['stp']=0; a['stq']=0; a['rtp']=0; a['rtq']=0; a['wvr']=0; a['decay']=0; a['dcsp']=0; a['warp']=0;",
 "frame_eqs_str": "a['volume']=(0.3*((a['bass']+a['mid'])+a['att'])); a['beatrate']=(equal(a['beatrate'], 0)+((1-equal(a['beatrate'], 0))*(below(a['volume'], 0.01)+((1-below(a['volume'], 0.01))*a['beatrate'])))); a['lastbeat']=(a['lastbeat']+(equal(a['lastbeat'], 0)*a['time'])); a['meanbass_att']=(0.1*((a['meanbass_att']*9)+a['bass_att'])); a['peakbass_att']=Math.max(a['bass_att'], a['peakbass_att']); a['beatrate']=Math.max(((Math.abs(a['beat'])>0.00001)?(((Math.abs(below((a['time']-a['lastbeat']), (2*a['beatrate'])))>0.00001)?((0.1*(((a['beatrate']*9)+a['time'])-a['lastbeat']))):(a['beatrate']))):(a['beatrate'])), 0.1); a['peakbass_att']=((a['beat']*a['bass_att'])+(((1-a['beat'])*a['peakbass_att'])*((above((a['time']-a['lastbeat']), (2*a['beatrate']))*0.95)+((1-above((a['time']-a['lastbeat']), (2*a['beatrate'])))*0.995)))); a['lastbeat']=((a['beat']*a['time'])+((1-a['beat'])*a['lastbeat'])); a['peakbass_att']=Math.max(a['peakbass_att'], (1.1*a['meanbass_att'])); a['beat']=((above(a['volume'], 0.8)*below((a['peakbass_att']-a['bass_att']), (0.05*a['peakbass_att'])))*above((a['time']-a['lastbeat']), (0.1+(0.5*(a['beatrate']-0.1))))); a['beatcounter']=(a['beatcounter']+a['beat']); a['mode']=((Math.abs((a['beat']*equal(mod(a['beatcounter'],2), 0)))>0.00001)?((1-a['mode'])):(a['mode'])); a['flip']=((2*a['mode'])-1); a['monitor']=a['flip']; a['q8']=a['flip']; a['q7']=0; a['decay']=0.88; a['zoom']=1.002; a['vol']=(((a['bass_att']+a['mid_att'])+a['treb_att'])*0.25); a['vol']=(a['vol']*a['vol']); a['mtime']=(a['mtime']+((a['vol']*0.1)*a['flip'])); a['q1']=(a['mtime']*0.4); a['warp']=0.3;",
 "pixel_eqs_str": "",
 "baseVals": {
  "rating": 0,
  "gammaadj": 1.21,
  "decay": 0.96,
  "echo_zoom": 0.997,
  "echo_orient": 1,
  "wave_mode": 2,
  "wave_dots": 1,
  "wave_brighten": 0,
  "wrap": 0,
  "darken": 1,
  "wave_a": 0.001,
  "wave_scale": 0.012,
  "wave_smoothing": 0.9,
  "warpanimspeed": 0.037,
  "warpscale": 0.015,
  "warp": 0.033,
  "wave_r": 0.5,
  "wave_g": 0.4,
  "wave_b": 0.3,
  "ob_size": 0,
  "ob_r": 0.11,
  "ob_b": 0.1,
  "ib_size": 0,
  "ib_r": 0,
  "ib_g": 0,
  "ib_b": 0,
  "mv_x": 64,
  "mv_y": 48,
  "mv_l": 5,
  "mv_r": 0,
  "mv_g": 0,
  "mv_b": 0,
  "mv_a": 0
 },
 "warp": "",
 "comp": ""
}