{
 "shapes": [
  {
   "baseVals": {
    "enabled": 1,
    "textured": 1,
    "rad": 1.79142,
    "tex_zoom": 0.56151,
    "g": 1,
    "b": 1,
    "a": 0,
    "r2": 1,
    "g2": 0.7,
    "b2": 1,
    "a2": 1
   },
   "init_eqs_str": " ",
   "frame_eqs_str": "a['tex_ang']=0.01;"
  },
  {
   "baseVals": {
    "enabled": 0
   }
  },
  {
   "baseVals": {
    "enabled": 0
   }
  },
  {
   "baseVals": {
    "enabled": 0
   }
  }
 ],
 "waves": [
  {
   "baseVals": {
    "enabled": 1,
    "usedots": 1,
    "thick": 1,
    "g": 0.3,
    "b": 0.6
   },
   "init_eqs_str": "a['n'] = 0; a['yq'] = 0; a['xp'] = 0; a['yr'] = 0; a['xs'] = 0; a['yp'] = 0; a['xr'] = 0; a['q1'] = 0; a['xq'] = 0; a['flip'] = 0; a['ca'] = 0; a['ys'] = 0; a['sa'] = 0; a['zq'] = 0; a['phs'] = 0; a['ang'] = 0; a['tm'] = 0; a['zp'] = 0; a['zr'] = 0; ",
   "frame_eqs_str": "",
   "point_eqs_str": "a['n']=(a['sample']*6.283); a['phs']=(-a['sample']*0.2); a['tm']=(a['q1']+a['phs']); a['flip']=(a['flip']+1); a['flip']=(a['flip']*below(a['flip'], 2)); a['xp']=0; a['yp']=(((a['flip']*0.1)-0.05)*(1-a['sample'])); a['zp']=0; a['ang']=(a['tm']*50); a['sa']=Math.sin(a['ang']); a['ca']=Math.cos(a['ang']); a['xr']=((a['xp']*a['sa'])+(a['yp']*a['ca'])); a['yr']=((a['xp']*a['ca'])-(a['yp']*a['sa'])); a['zr']=a['zp']; a['xp']=a['xr']; a['yp']=(((a['yr']+0.05)+(((Math.sin(a['tm'])*0.5)+0.5)*0.2))+0.05); a['zp']=a['zr']; a['ang']=((Math.sin((a['tm']*2))*0.5)+0.5); a['xq']=a['xp']; a['sa']=Math.sin(a['ang']); a['ca']=Math.cos(a['ang']); a['yq']=((a['yp']*a['sa'])+(a['zp']*a['ca'])); a['zq']=((a['yp']*a['ca'])-(a['zp']*a['sa'])); a['yq']=a['yp']; a['zq']=a['zp']; a['ang']=(a['tm']*8); a['sa']=Math.sin(a['ang']); a['ca']=Math.cos(a['ang']); a['xp']=((a['xq']*a['sa'])+(a['yq']*a['ca'])); a['yp']=((a['xq']*a['ca'])-(a['yq']*a['sa'])); a['zp']=a['zq']; a['zp']=(a['zp']-0.3); a['ang']=(3.14+(Math.sin(((a['tm']*2)-0.5))*1.5)); a['xq']=a['xp']; a['sa']=Math.sin(a['ang']); a['ca']=Math.cos(a['ang']); a['yq']=((a['yp']*a['sa'])+(a['zp']*a['ca'])); a['zq']=((a['yp']*a['ca'])-(a['zp']*a['sa'])); a['ang']=(-1.0+Math.cos(((a['tm']*3)+0.5))); a['xp']=((a['xq']*a['sa'])+(a['yq']*a['ca'])); a['yp']=((a['xq']*a['ca'])-(a['yq']*a['sa'])); a['zp']=a['zq']; a['zp']=(a['zp']-0.35); a['ang']=((Math.cos((a['tm']*2))*0.75)-1.05); a['sa']=Math.sin(a['ang']); a['ca']=Math.cos(a['ang']); a['xq']=((a['xp']*a['sa'])+(a['zp']*a['ca'])); a['yq']=a['yp']; a['zq']=((a['xp']*a['ca'])-(a['zp']*a['sa'])); a['ang']=((Math.cos(a['tm'])*0.5)-0.5); a['xp']=a['xq']; a['sa']=Math.sin(a['ang']); a['ca']=Math.cos(a['ang']); a['yp']=((a['yq']*a['ca'])-(a['zq']*a['sa'])); a['zp']=((a['yq']*a['sa'])+(a['zq']*a['ca'])); a['zp']=(a['zp']+2); a['xs']=div(a['xp'],a['zp']); a['ys']=div(a['yp'],a['zp']); a['x']=(a['xs']+0.5); a['y']=((a['ys']*1.3)+0.5); a['a']=(1-a['sample']);"
  },
  {
   "baseVals": {
    "enabled": 1,
    "usedots": 1,
    "thick": 1,
    "g": 0.3,
    "b": 0.6
   },
   "init_eqs_str": "a['n'] = 0; a['yq'] = 0; a['xp'] = 0; a['yr'] = 0; a['xs'] = 0; a['yp'] = 0; a['xr'] = 0; a['q1'] = 0; a['xq'] = 0; a['flip'] = 0; a['ca'] = 0; a['ys'] = 0; a['sa'] = 0; a['zq'] = 0; a['phs'] = 0; a['ang'] = 0; a['tm'] = 0; a['zp'] = 0; a['zr'] = 0; ",
   "frame_eqs_str": "",
   "point_eqs_str": "a['n']=(a['sample']*6.283); a['phs']=(-a['sample']*0.2); a['tm']=(a['q1']+a['phs']); a['flip']=(a['flip']+1); a['flip']=(a['flip']*below(a['flip'], 2)); a['xp']=0; a['yp']=(((a['flip']*0.1)-0.05)*(1-a['sample'])); a['zp']=0; a['ang']=(a['tm']*50); a['sa']=Math.sin(a['ang']); a['ca']=Math.cos(a['ang']); a['xr']=((a['xp']*a['sa'])+(a['yp']*a['ca'])); a['yr']=((a['xp']*a['ca'])-(a['yp']*a['sa'])); a['zr']=a['zp']; a['xp']=a['xr']; a['yp']=(((a['yr']+0.05)+(((Math.sin(a['tm'])*0.5)+0.5)*0.2))+0.05); a['yp']=-a['yp']; a['zp']=a['zr']; a['ang']=((Math.sin((a['tm']*2))*0.5)+0.5); a['xq']=a['xp']; a['sa']=Math.sin(a['ang']); a['ca']=Math.cos(a['ang']); a['yq']=((a['yp']*a['sa'])+(a['zp']*a['ca'])); a['zq']=((a['yp']*a['ca'])-(a['zp']*a['sa'])); a['yq']=a['yp']; a['zq']=a['zp']; a['ang']=(a['tm']*8); a['sa']=Math.sin(a['ang']); a['ca']=Math.cos(a['ang']); a['xp']=((a['xq']*a['sa'])+(a['yq']*a['ca'])); a['yp']=((a['xq']*a['ca'])-(a['yq']*a['sa'])); a['zp']=a['zq']; a['zp']=(a['zp']-0.3); a['ang']=(3.14+(Math.sin(((a['tm']*2)-0.5))*1.5)); a['xq']=a['xp']; a['sa']=Math.sin(a['ang']); a['ca']=Math.cos(a['ang']); a['yq']=((a['yp']*a['sa'])+(a['zp']*a['ca'])); a['zq']=((a['yp']*a['ca'])-(a['zp']*a['sa'])); a['ang']=(-1.0+Math.cos(((a['tm']*3)+0.5))); a['xp']=((a['xq']*a['sa'])+(a['yq']*a['ca'])); a['yp']=((a['xq']*a['ca'])-(a['yq']*a['sa'])); a['zp']=a['zq']; a['zp']=(a['zp']-0.35); a['ang']=((Math.cos((a['tm']*2))*0.75)-1.05); a['sa']=Math.sin(a['ang']); a['ca']=Math.cos(a['ang']); a['xq']=((a['xp']*a['sa'])+(a['zp']*a['ca'])); a['yq']=a['yp']; a['zq']=((a['xp']*a['ca'])-(a['zp']*a['sa'])); a['ang']=((Math.cos(a['tm'])*0.5)-0.5); a['xp']=a['xq']; a['sa']=Math.sin(a['ang']); a['ca']=Math.cos(a['ang']); a['yp']=((a['yq']*a['ca'])-(a['zq']*a['sa'])); a['zp']=((a['yq']*a['sa'])+(a['zq']*a['ca'])); a['zp']=(a['zp']+2); a['xs']=div(a['xp'],a['zp']); a['ys']=div(a['yp'],a['zp']); a['x']=(a['xs']+0.5); a['y']=((a['ys']*1.3)+0.5); a['a']=(1-a['sample']);"
  },
  {
   "baseVals": {
    "enabled": 1,
    "usedots": 1,
    "thick": 1,
    "g": 0.72,
    "b": 0.1
   },
   "init_eqs_str": "a['n'] = 0; a['yq'] = 0; a['xp'] = 0; a['yr'] = 0; a['xs'] = 0; a['yp'] = 0; a['xr'] = 0; a['q1'] = 0; a['xq'] = 0; a['flip'] = 0; a['ca'] = 0; a['ys'] = 0; a['sa'] = 0; a['zq'] = 0; a['phs'] = 0; a['ang'] = 0; a['tm'] = 0; a['zp'] = 0; a['zr'] = 0; ",
   "frame_eqs_str": "",
   "point_eqs_str": "a['n']=(a['sample']*6.283); a['phs']=(-a['sample']*0.2); a['tm']=(a['q1']+a['phs']); a['flip']=(a['flip']+1); a['flip']=(a['flip']*below(a['flip'], 2)); a['xp']=0; a['yp']=(((a['flip']*0.05)-0.025)*(1-a['sample'])); a['zp']=0; a['ang']=(a['tm']*50); a['sa']=Math.sin(a['ang']); a['ca']=Math.cos(a['ang']); a['xr']=((a['xp']*a['sa'])+(a['yp']*a['ca'])); a['yr']=((a['xp']*a['ca'])-(a['yp']*a['sa'])); a['zr']=a['zp']; a['xp']=a['xr']; a['yp']=(((a['yr']+0.025)+(((Math.sin(a['tm'])*0.5)+0.5)*0.2))+0.05); a['zp']=a['zr']; a['ang']=((Math.sin((a['tm']*1.9))*0.5)+0.5); a['xq']=a['xp']; a['sa']=Math.sin(a['ang']); a['ca']=Math.cos(a['ang']); a['yq']=((a['yp']*a['sa'])+(a['zp']*a['ca'])); a['zq']=((a['yp']*a['ca'])-(a['zp']*a['sa'])); a['yq']=a['yp']; a['zq']=a['zp']; a['ang']=(a['tm']*8); a['sa']=Math.sin(a['ang']); a['ca']=Math.cos(a['ang']); a['xp']=((a['xq']*a['sa'])+(a['yq']*a['ca'])); a['yp']=((a['xq']*a['ca'])-(a['yq']*a['sa'])); a['zp']=a['zq']; a['zp']=(a['zp']-0.3); a['ang']=(3.14+(Math.sin(((a['tm']*2.3)-0.5))*1.5)); a['xq']=a['xp']; a['sa']=Math.sin(a['ang']); a['ca']=Math.cos(a['ang']); a['yq']=((a['yp']*a['sa'])+(a['zp']*a['ca'])); a['zq']=((a['yp']*a['ca'])-(a['zp']*a['sa'])); a['ang']=(-1.0+Math.cos(((a['tm']*3)+0.5))); a['sa']=Math.sin(a['ang']); a['ca']=Math.cos(a['ang']); a['xp']=((a['xq']*a['sa'])+(a['yq']*a['ca'])); a['yp']=((a['xq']*a['ca'])-(a['yq']*a['sa'])); a['zp']=a['zq']; a['zp']=(a['zp']-0.35); a['ang']=((Math.cos((a['tm']*2))*0.75)-1.05); a['sa']=Math.sin(a['ang']); a['ca']=Math.cos(a['ang']); a['xq']=((a['xp']*a['sa'])+(a['zp']*a['ca'])); a['yq']=a['yp']; a['zq']=((a['xp']*a['ca'])-(a['zp']*a['sa'])); a['ang']=((Math.cos((a['tm']*0.9))*0.5)-0.5); a['xp']=a['xq']; a['sa']=Math.sin(a['ang']); a['ca']=Math.cos(a['ang']); a['yp']=((a['yq']*a['ca'])-(a['zq']*a['sa'])); a['zp']=((a['yq']*a['sa'])+(a['zq']*a['ca'])); a['zp']=(a['zp']+2); a['xs']=div(-a['xp'],a['zp']); a['ys']=div(a['yp'],a['zp']); a['x']=(a['xs']+0.5); a['y']=((a['ys']*1.3)+0.5); a['a']=(1-a['sample']);"
  },
  {
   "baseVals": {
    "enabled": 1,
    "usedots": 1,
    "thick": 1,
    "g": 0.7,
    "b": 0.1
   },
   "init_eqs_str": "a['n'] = 0; a['yq'] = 0; a['xp'] = 0; a['yr'] = 0; a['xs'] = 0; a['yp'] = 0; a['xr'] = 0; a['q1'] = 0; a['xq'] = 0; a['flip'] = 0; a['ca'] = 0; a['ys'] = 0; a['sa'] = 0; a['zq'] = 0; a['phs'] = 0; a['ang'] = 0; a['tm'] = 0; a['zp'] = 0; a['zr'] = 0; ",
   "frame_eqs_str": "",
   "point_eqs_str": "a['n']=(a['sample']*6.283); a['phs']=(-a['sample']*0.2); a['tm']=(a['q1']+a['phs']); a['flip']=(a['flip']+1); a['flip']=(a['flip']*below(a['flip'], 2)); a['xp']=0; a['yp']=(((a['flip']*0.05)-0.025)*(1-a['sample'])); a['zp']=0; a['ang']=(a['tm']*50); a['sa']=Math.sin(a['ang']); a['ca']=Math.cos(a['ang']); a['xr']=((a['xp']*a['sa'])+(a['yp']*a['ca'])); a['yr']=((a['xp']*a['ca'])-(a['yp']*a['sa'])); a['zr']=a['zp']; a['xp']=a['xr']; a['yp']=(((a['yr']+0.025)+(((Math.sin(a['tm'])*0.5)+0.5)*0.2))+0.05); a['yp']=-a['yp']; a['zp']=a['zr']; a['ang']=((Math.sin((a['tm']*1.9))*0.5)+0.5); a['xq']=a['xp']; a['sa']=Math.sin(a['ang']); a['ca']=Math.cos(a['ang']); a['yq']=((a['yp']*a['sa'])+(a['zp']*a['ca'])); a['zq']=((a['yp']*a['ca'])-(a['zp']*a['sa'])); a['yq']=a['yp']; a['zq']=a['zp']; a['ang']=(a['tm']*8); a['sa']=Math.sin(a['ang']); a['ca']=Math.cos(a['ang']); a['xp']=((a['xq']*a['sa'])+(a['yq']*a['ca'])); a['yp']=((a['xq']*a['ca'])-(a['yq']*a['sa'])); a['zp']=a['zq']; a['zp']=(a['zp']-0.3); a['ang']=(3.14+(Math.sin(((a['tm']*2.3)-0.5))*1.5)); a['xq']=a['xp']; a['sa']=Math.sin(a['ang']); a['ca']=Math.cos(a['ang']); a['yq']=((a['yp']*a['sa'])+(a['zp']*a['ca'])); a['zq']=((a['yp']*a['ca'])-(a['zp']*a['sa'])); a['ang']=(-1.0+Math.cos(((a['tm']*3)+0.5))); a['sa']=Math.sin(a['ang']); a['ca']=Math.cos(a['ang']); a['xp']=((a['xq']*a['sa'])+(a['yq']*a['ca'])); a['yp']=((a['xq']*a['ca'])-(a['yq']*a['sa'])); a['zp']=a['zq']; a['zp']=(a['zp']-0.35); a['ang']=((Math.cos((a['tm']*2))*0.75)-1.05); a['sa']=Math.sin(a['ang']); a['ca']=Math.cos(a['ang']); a['xq']=((a['xp']*a['sa'])+(a['zp']*a['ca'])); a['yq']=a['yp']; a['zq']=((a['xp']*a['ca'])-(a['zp']*a['sa'])); a['ang']=((Math.cos((a['tm']*0.9))*0.5)-0.5); a['xp']=a['xq']; a['sa']=Math.sin(a['ang']); a['ca']=Math.cos(a['ang']); a['yp']=((a['yq']*a['ca'])-(a['zq']*a['sa'])); a['zp']=((a['yq']*a['sa'])+(a['zq']*a['ca'])); a['zp']=(a['zp']+2); a['xs']=div(-a['xp'],a['zp']); a['ys']=div(a['yp'],a['zp']); a['x']=(a['xs']+0.5); a['y']=((a['ys']*1.3)+0.5); a['a']=(1-a['sample']);"
  }
 ],
 "init_eqs_str": "a['turn'] = 0; a['turnr'] = 0; a['simp'] = 0;",
 "frame_eqs_str": "a['wave_x']=(((a['wave_x']+(0.12*Math.sin((0.2*a['time']))))-(0.15*Math.cos((0.1*a['time']))))+(0.1*Math.sin((0.2*a['time'])))); a['wave_y']=(((a['wave_y']+(0.1*Math.sin((0.3*a['time']))))-(0.2*Math.sin((0.88*a['time']))))+(0.13*Math.cos((0.7*a['time'])))); a['dx']=(a['dx']+(0.04*Math.sin((1.24*a['time'])))); a['dy']=(a['dy']+(0.04*Math.sin((1.12*a['time'])))); a['wave_r']=((a['wave_r']+(0.35*Math.sin((1.13*a['time']))))+(0.1245*Math.sin((2.34*a['time'])))); a['wave_g']=((a['wave_g']+(0.35*Math.sin((1.23*a['time']))))+(0.12*Math.sin((2.134*a['time'])))); a['wave_b']=((a['wave_b']+(0.35*Math.sin((1.33*a['time']))))+(0.12*Math.sin((2.5*a['time'])))); a['wave_mystery']=(a['wave_mystery']+(0.00*Math.sin(a['time']))); a['turn']=((above(a['bass_att'], a['turn'])*2)+((1-above(a['bass_att'], a['turn']))*(((a['turn']-1.3)*0.96)+1.3))); a['turnr']=(((equal(a['turn'], 2)*0.089)*Math.sin((a['time']*6.6)))+((1-equal(a['turn'], 2))*a['turnr'])); a['simp']=((((a['simp']*0.35)*Math.sin((1.2*a['time'])))-(0.62*Math.sin((0.7*a['time']))))+(1.5*Math.sin(a['turn']))); a['rot']=(a['rot']+(1.05*(((0.25*a['simp'])*10)*a['turnr'])));",
 "pixel_eqs_str": "",
 "baseVals": {
  "rating": 0,
  "gammaadj": 1.28,
  "decay": 0.96,
  "echo_zoom": 0.997,
  "echo_orient": 1,
  "wave_mode": 2,
  "wave_dots": 1,
  "wave_brighten": 0,
  "wrap": 0,
  "darken": 1,
  "wave_a": 0.001,
  "wave_scale": 0.012,
  "wave_smoothing": 0.9,
  "zoomexp": 0.9,
  "warp": 0.01,
  "wave_r": 0.5,
  "wave_g": 0.4,
  "wave_b": 0.3,
  "ob_size": 0.005,
  "ob_r": 0.01,
  "ob_a": 1,
  "ib_size": 0.26,
  "mv_x": 3,
  "mv_y": 2,
  "mv_dx": 0.02,
  "mv_dy": -0.02,
  "mv_l": 0.15,
  "mv_r": 0.49,
  "mv_g": 0.48,
  "mv_b": 0.3,
  "mv_a": 0
 },
 "warp": "",
 "comp": ""
}