{
 "shapes": [
  {
   "baseVals": {
    "enabled": 0
   }
  },
  {
   "baseVals": {
    "enabled": 0
   }
  },
  {
   "baseVals": {
    "enabled": 0
   }
  },
  {
   "baseVals": {
    "enabled": 0
   }
  }
 ],
 "waves": [
  {
   "baseVals": {
    "enabled": 1,
    "thick": 1,
    "additive": 1,
    "r": 0.1,
    "b": 0.7
   },
   "init_eqs_str": "a['n'] = 0; a['yq'] = 0; a['xp'] = 0; a['xs'] = 0; a['yp'] = 0; a['xq'] = 0; a['flip'] = 0; a['ys'] = 0; a['zq'] = 0; a['phs'] = 0; a['ang'] = 0; a['tm'] = 0; a['zp'] = 0; ",
   "frame_eqs_str": "",
   "point_eqs_str": "a['n']=(a['sample']*6.283); a['tm']=(a['time']*2); a['phs']=(-a['sample']*0.5); a['flip']=(a['flip']+1); a['flip']=(a['flip']*below(a['flip'], 2)); a['xp']=0; a['yp']=(a['flip']*0.1); a['zp']=0; a['ang']=((Math.sin(((a['tm']*2)+a['phs']))*0.5)+0.5); a['xq']=a['xp']; a['yq']=((a['yp']*Math.sin(a['ang']))+(a['zp']*Math.cos(a['ang']))); a['zq']=((a['yp']*Math.cos(a['ang']))-(a['zp']*Math.sin(a['ang']))); a['ang']=(Math.cos(((a['tm']*2)+a['phs']))*1.5); a['xp']=((a['xq']*Math.sin(a['ang']))+(a['yq']*Math.cos(a['ang']))); a['yp']=((a['xq']*Math.cos(a['ang']))-(a['yq']*Math.sin(a['ang']))); a['zp']=a['zq']; a['zp']=(a['zp']-0.3); a['ang']=(3.14+(Math.sin((((a['tm']*2)+a['phs'])-0.5))*1.5)); a['xq']=a['xp']; a['yq']=((a['yp']*Math.sin(a['ang']))+(a['zp']*Math.cos(a['ang']))); a['zq']=((a['yp']*Math.cos(a['ang']))-(a['zp']*Math.sin(a['ang']))); a['ang']=(-1.0+Math.cos((((a['tm']*3)+0.5)+a['phs']))); a['xp']=((a['xq']*Math.sin(a['ang']))+(a['yq']*Math.cos(a['ang']))); a['yp']=((a['xq']*Math.cos(a['ang']))-(a['yq']*Math.sin(a['ang']))); a['zp']=a['zq']; a['zp']=(a['zp']-0.35); a['ang']=((Math.cos(((a['tm']*2)+a['phs']))*0.75)-1.05); a['xq']=((a['xp']*Math.sin(a['ang']))+(a['zp']*Math.cos(a['ang']))); a['yq']=a['yp']; a['zq']=((a['xp']*Math.cos(a['ang']))-(a['zp']*Math.sin(a['ang']))); a['ang']=((Math.cos((a['tm']+a['phs']))*0.5)-0.5); a['xp']=a['xq']; a['yp']=((a['yq']*Math.cos(a['ang']))-(a['zq']*Math.sin(a['ang']))); a['zp']=((a['yq']*Math.sin(a['ang']))+(a['zq']*Math.cos(a['ang']))); a['zp']=(a['zp']+2); a['xs']=div(a['xp'],a['zp']); a['ys']=div(a['yp'],a['zp']); a['x']=(a['xs']+0.5); a['y']=((a['ys']*1.3)+0.5); a['a']=((1-a['sample'])*0.03);"
  },
  {
   "baseVals": {
    "enabled": 1,
    "thick": 1,
    "additive": 1,
    "r": 0.2,
    "b": 0.6
   },
   "init_eqs_str": "a['n'] = 0; a['yq'] = 0; a['xp'] = 0; a['xs'] = 0; a['yp'] = 0; a['xq'] = 0; a['flip'] = 0; a['ys'] = 0; a['zq'] = 0; a['phs'] = 0; a['ang'] = 0; a['tm'] = 0; a['zp'] = 0; ",
   "frame_eqs_str": "",
   "point_eqs_str": "a['n']=(a['sample']*6.283); a['tm']=(a['time']*2); a['phs']=(-a['sample']*0.5); a['flip']=(a['flip']+1); a['flip']=(a['flip']*below(a['flip'], 2)); a['xp']=0; a['yp']=(a['flip']*0.1); a['zp']=0; a['ang']=((Math.sin(((a['tm']*2)+a['phs']))*0.5)+0.5); a['xq']=a['xp']; a['yq']=((a['yp']*Math.sin(a['ang']))+(a['zp']*Math.cos(a['ang']))); a['zq']=((a['yp']*Math.cos(a['ang']))-(a['zp']*Math.sin(a['ang']))); a['ang']=(Math.cos(((a['tm']*2)+a['phs']))*1.5); a['xp']=((a['xq']*Math.sin(a['ang']))+(a['yq']*Math.cos(a['ang']))); a['yp']=((a['xq']*Math.cos(a['ang']))-(a['yq']*Math.sin(a['ang']))); a['zp']=a['zq']; a['zp']=(a['zp']-0.3); a['ang']=(3.14+(Math.sin((((a['tm']*2)+a['phs'])+0.5))*1.5)); a['xq']=a['xp']; a['yq']=((a['yp']*Math.sin(a['ang']))+(a['zp']*Math.cos(a['ang']))); a['zq']=((a['yp']*Math.cos(a['ang']))-(a['zp']*Math.sin(a['ang']))); a['ang']=(-1.0+Math.cos((((a['tm']*3)+0.5)+a['phs']))); a['xp']=((a['xq']*Math.sin(a['ang']))+(a['yq']*Math.cos(a['ang']))); a['yp']=((a['xq']*Math.cos(a['ang']))-(a['yq']*Math.sin(a['ang']))); a['zp']=a['zq']; a['zp']=(a['zp']-0.35); a['ang']=((Math.cos(((a['tm']*2)+a['phs']))*0.75)-1.05); a['xq']=((a['xp']*Math.sin(a['ang']))+(a['zp']*Math.cos(a['ang']))); a['yq']=a['yp']; a['zq']=((a['xp']*Math.cos(a['ang']))-(a['zp']*Math.sin(a['ang']))); a['ang']=((Math.cos((a['tm']+a['phs']))*0.5)-0.5); a['xp']=a['xq']; a['yp']=((a['yq']*Math.cos(a['ang']))-(a['zq']*Math.sin(a['ang']))); a['zp']=((a['yq']*Math.sin(a['ang']))+(a['zq']*Math.cos(a['ang']))); a['zp']=(a['zp']+2); a['xs']=div(a['xp'],a['zp']); a['ys']=div(a['yp'],a['zp']); a['x']=(-a['xs']+0.5); a['y']=((a['ys']*1.3)+0.5); a['a']=((1-a['sample'])*0.03);"
  },
  {
   "baseVals": {
    "enabled": 0
   }
  },
  {
   "baseVals": {
    "enabled": 0
   }
  }
 ],
 "init_eqs_str": "a['thresh'] = 0; a['dx_r'] = 0; a['dy_r'] = 0;",
 "frame_eqs_str": "a['warp']=0; a['wave_r']=((a['wave_r']+(0.25*Math.cos((1.12*a['time']))))+(0.2*((0.3*Math.cos((1.28*a['time'])))+(0.317*Math.sin((1.8*a['time'])))))); a['wave_g']=((a['wave_g']+(0.25*Math.cos((1.142*a['time']))))+(0.2*((0.3*Math.cos((1.2*a['time'])))+(0.32*Math.sin((1.623*a['time'])))))); a['wave_b']=((a['wave_b']+(0.25*Math.cos((1.13*a['time']))))+(0.2*((0.4*Math.cos((0.9*a['time'])))+(0.328*Math.sin((1.5245*a['time']))))));",
 "pixel_eqs_str": "a['thresh']=((above(a['bass_att'], a['thresh'])*2)+((1-above(a['bass_att'], a['thresh']))*(((a['thresh']-1.3)*0.96)+1.3))); a['dx_r']=(((equal(a['thresh'], 2)*0.015)*Math.sin((5*a['time'])))+((1-equal(a['thresh'], 2))*a['dx_r'])); a['dy_r']=(((equal(a['thresh'], 2)*0.015)*Math.sin((6*a['time'])))+((1-equal(a['thresh'], 2))*a['dy_r'])); a['cx']=(a['cx']+(8*a['dy_r'])); a['cy']=(a['cy']+(8*a['dx_r'])); a['zoom']=(a['zoom']+(Math.sin((0.05*(1.56*Math.sin(((((0.2*a['time'])*(1.5*Math.cos(((64*a['rad'])*Math.sin((1+a['rad']))))))*24)*a['dy_r'])))))*below(a['bass'], 1.1))); a['rot']=(a['rot']+((3*above(a['bass'], 1.1))*(1+a['rad'])));",
 "baseVals": {
  "rating": 0,
  "gammaadj": 1.28,
  "decay": 0.96,
  "echo_zoom": 0.997,
  "echo_orient": 1,
  "wave_mode": 2,
  "wave_dots": 1,
  "wave_brighten": 0,
  "darken": 1,
  "wave_a": 0.001,
  "wave_scale": 0.012,
  "wave_smoothing": 0.9,
  "zoomexp": 2.98779,
  "dx": 0.00001,
  "dy": 0.00001,
  "warp": 0.01,
  "wave_r": 0.5,
  "wave_g": 0.4,
  "wave_b": 0.3,
  "ob_size": 0.005,
  "ob_a": 1,
  "ib_size": 0.005,
  "ib_r": 0,
  "ib_g": 0,
  "ib_b": 0,
  "ib_a": 1,
  "mv_x": 3,
  "mv_y": 2,
  "mv_dx": 0.02,
  "mv_dy": -0.02,
  "mv_l": 0.15,
  "mv_r": 0.49,
  "mv_g": 0.48,
  "mv_b": 0.3,
  "mv_a": 0
 },
 "warp": "",
 "comp": ""
}