{
 "shapes": [
  {
   "baseVals": {
    "enabled": 0
   }
  },
  {
   "baseVals": {
    "enabled": 0
   }
  },
  {
   "baseVals": {
    "enabled": 0
   }
  },
  {
   "baseVals": {
    "enabled": 0
   }
  }
 ],
 "waves": [
  {
   "baseVals": {
    "enabled": 0
   }
  },
  {
   "baseVals": {
    "enabled": 0
   }
  },
  {
   "baseVals": {
    "enabled": 1,
    "spectrum": 1,
    "thick": 1,
    "additive": 1,
    "smoothing": 1
   },
   "init_eqs_str": "a['yq'] = 0; a['xp'] = 0; a['xs'] = 0; a['rotation1'] = 0; a['yp'] = 0; a['smp'] = 0; a['q1'] = 0; a['error'] = 0; a['xq'] = 0; a['t3'] = 0; a['axs1'] = 0; a['ys'] = 0; a['axs2'] = 0; a['zq'] = 0; a['fly'] = 0; a['tm'] = 0; a['t2'] = 0; a['perspective'] = 0; a['masterspeed'] = 0; a['flx'] = 0; a['zp'] = 0; a['t4'] = 0; a['angy'] = 0; ",
   "frame_eqs_str": "a['tm']=(a['tm']+(a['mid']*0.02)); a['t2']=(Math.sin((a['tm']*1))*0.5); a['t3']=(Math.cos((a['tm']*1))*0.5); a['t4']=(Math.sin(((a['tm']*1)+(a['tm']*0.32)))*0.2);",
   "point_eqs_str": "a['masterspeed']=(604*a['q1']); a['masterspeed']=30; a['rotation1']=(a['time']*0.01); a['tm']=((a['time']*a['masterspeed'])*0.1); a['perspective']=0.7; a['error']=((Math.sin((a['time']*128.5))*8)-7); a['error']=(a['error']*above(a['error'], 0)); a['error']=(a['error']+1); a['error']=1; a['flx']=Math.sin((a['tm']*14)); a['fly']=Math.cos((a['tm']*14)); a['smp']=(a['sample']*6.283); a['xp']=((Math.sin((a['smp']*a['masterspeed']))*0.4)*a['error']); a['yp']=((Math.cos((a['smp']*a['masterspeed']))*0.4)*a['error']); a['zp']=0; a['angy']=(a['time']*39); a['angy']=((a['q1']*100)+(a['sample']*0.3)); a['xq']=((a['xp']*Math.cos(a['angy']))-(a['zp']*Math.sin(a['angy']))); a['zq']=((a['xp']*Math.sin(a['angy']))+(a['zp']*Math.cos(a['angy']))); a['xp']=a['xq']; a['zp']=a['zq']; a['t2']=a['xp']; a['t3']=a['yp']; a['t4']=a['zp']; a['axs1']=(Math.sin((a['time']*0.8))+1.6); a['yq']=((a['yp']*Math.cos(a['axs1']))-(a['zp']*Math.sin(a['axs1']))); a['zq']=((a['yp']*Math.sin(a['axs1']))+(a['zp']*Math.cos(a['axs1']))); a['yp']=a['yq']; a['zp']=a['zq']; a['axs2']=(Math.sin((a['time']*0.40))*2.3); a['xq']=((a['xp']*Math.cos(a['axs2']))-(a['zp']*Math.sin(a['axs2']))); a['zq']=((a['xp']*Math.sin(a['axs2']))+(a['zp']*Math.cos(a['axs2']))); a['xp']=a['xq']; a['zp']=a['zq']; a['yp']=(a['yp']*1.2); a['zp']=(a['zp']+2.1); a['xs']=div(a['xp'],a['zp']); a['ys']=div(a['yp'],a['zp']); a['x']=(a['xs']+0.5); a['y']=(a['ys']+0.5); a['r']=((a['value1']+0.5)*0.03); a['g']=((a['value1']+0.5)*0.04); a['b']=((a['value1']+0.5)*0.10);"
  },
  {
   "baseVals": {
    "enabled": 0
   }
  }
 ],
 "init_eqs_str": "a['thresh'] = 0; a['dx_r'] = 0; a['dy_r'] = 0;",
 "frame_eqs_str": "a['warp']=0; a['wave_r']=((a['wave_r']+(0.25*Math.cos((1.12*a['time']))))+(0.2*((0.3*Math.cos((1.28*a['time'])))+(0.317*Math.sin((1.8*a['time'])))))); a['wave_g']=((a['wave_g']+(0.25*Math.cos((1.142*a['time']))))+(0.2*((0.3*Math.cos((1.2*a['time'])))+(0.32*Math.sin((1.623*a['time'])))))); a['wave_b']=((a['wave_b']+(0.25*Math.cos((1.13*a['time']))))+(0.2*((0.4*Math.cos((0.9*a['time'])))+(0.328*Math.sin((1.5245*a['time']))))));",
 "pixel_eqs_str": "a['thresh']=((above(a['bass_att'], a['thresh'])*2)+((1-above(a['bass_att'], a['thresh']))*(((a['thresh']-1.3)*0.96)+1.3))); a['dx_r']=(((equal(a['thresh'], 2)*0.015)*Math.sin((5*a['time'])))+((1-equal(a['thresh'], 2))*a['dx_r'])); a['dy_r']=(((equal(a['thresh'], 2)*0.015)*Math.sin((6*a['time'])))+((1-equal(a['thresh'], 2))*a['dy_r'])); a['cx']=(a['cx']+(8*a['dy_r'])); a['cy']=(a['cy']+(8*a['dx_r'])); a['zoom']=(a['zoom']+(Math.sin((0.05*(1.56*Math.sin(((((0.2*a['time'])*(1.5*Math.cos(((64*a['rad'])*Math.sin((1+a['rad']))))))*24)*a['dy_r'])))))*below(a['bass'], 1.1))); a['rot']=(a['rot']+((3*above(a['bass'], 1.1))*(1+a['rad'])));",
 "baseVals": {
  "rating": 0,
  "gammaadj": 1.28,
  "decay": 0.96,
  "echo_zoom": 0.997,
  "echo_orient": 1,
  "wave_mode": 7,
  "wave_dots": 1,
  "wave_brighten": 0,
  "darken": 1,
  "wave_a": 0.001,
  "wave_scale": 0.012,
  "wave_smoothing": 0.9,
  "zoomexp": 2.98779,
  "dx": 0.00001,
  "dy": 0.00001,
  "warp": 0.01,
  "wave_r": 0.5,
  "wave_g": 0.4,
  "wave_b": 0.3,
  "ob_size": 0.005,
  "ob_a": 1,
  "ib_size": 0.005,
  "ib_r": 0,
  "ib_g": 0,
  "ib_b": 0,
  "ib_a": 1,
  "mv_x": 24.16,
  "mv_y": 48,
  "mv_l": 0.05,
  "mv_a": 0
 },
 "warp": "",
 "comp": ""
}