{
 "shapes": [
  {
   "baseVals": {
    "enabled": 0
   }
  },
  {
   "baseVals": {
    "enabled": 0
   }
  },
  {
   "baseVals": {
    "enabled": 0
   }
  },
  {
   "baseVals": {
    "enabled": 0
   }
  }
 ],
 "waves": [
  {
   "baseVals": {
    "enabled": 1,
    "spectrum": 1,
    "additive": 1,
    "r": 0,
    "g": 0,
    "b": 0,
    "a": 0.03
   },
   "init_eqs_str": "a['sw'] = 0; a['mx'] = 0; a['q2'] = 0; a['my'] = 0; ",
   "frame_eqs_str": "",
   "point_eqs_str": "a['r']=(0.6+(0.4*Math.sin(a['time']))); a['g']=(0.4+(0.4*Math.sin((a['time']+2.094)))); a['b']=(0.4+(0.4*Math.sin((a['time']+4.188)))); a['sw']=(1-a['sw']); a['mx']=equal(mod(Math.floor(a['q2']),2), 0); a['mx']=Math.abs((a['mx']-(a['q2']-Math.floor(a['q2'])))); a['my']=(0.5+(0.5-a['mx'])); a['x']=(a['mx']+(a['value1']*(1-(2*a['sw'])))); a['y']=(a['my']+(a['value2']*(1-(2*a['sw']))));"
  },
  {
   "baseVals": {
    "enabled": 1,
    "spectrum": 1,
    "additive": 1,
    "r": 0,
    "g": 0,
    "b": 0,
    "a": 0.03
   },
   "init_eqs_str": "a['sw'] = 0; a['mx'] = 0; a['q3'] = 0; a['my'] = 0; ",
   "frame_eqs_str": "",
   "point_eqs_str": "a['g']=(0.6+(0.4*Math.sin(a['time']))); a['b']=(0.4+(0.4*Math.sin((a['time']+2.094)))); a['r']=(0.4+(0.4*Math.sin((a['time']+4.188)))); a['sw']=(1-a['sw']); a['mx']=equal(mod(Math.floor(a['q3']),2), 0); a['mx']=Math.abs((a['mx']-(a['q3']-Math.floor(a['q3'])))); a['my']=(0.5+(0.5-a['mx'])); a['x']=(a['mx']+(a['value1']*(1-(2*a['sw'])))); a['y']=(a['my']+(a['value2']*(1-(2*a['sw']))));"
  },
  {
   "baseVals": {
    "enabled": 1,
    "spectrum": 1,
    "additive": 1,
    "r": 0,
    "g": 0,
    "b": 0,
    "a": 0.03
   },
   "init_eqs_str": "a['sw'] = 0; a['mx'] = 0; a['q4'] = 0; a['my'] = 0; ",
   "frame_eqs_str": "",
   "point_eqs_str": "a['b']=(0.6+(0.4*Math.sin(a['time']))); a['r']=(0.4+(0.4*Math.sin((a['time']+2.094)))); a['g']=(0.4+(0.4*Math.sin((a['time']+4.188)))); a['sw']=(1-a['sw']); a['mx']=equal(mod(Math.floor(a['q4']),2), 0); a['mx']=Math.abs((a['mx']-(a['q4']-Math.floor(a['q4'])))); a['my']=(0.5+(0.5-a['mx'])); a['x']=(a['mx']+(a['value1']*(1-(2*a['sw'])))); a['y']=(a['my']+(a['value2']*(1-(2*a['sw']))));"
  },
  {
   "baseVals": {
    "enabled": 0
   }
  }
 ],
 "init_eqs_str": "a['thresh'] = 0; a['dx_r'] = 0; a['dy_r'] = 0;",
 "frame_eqs_str": "a['warp']=0; a['wave_r']=((a['wave_r']+(0.25*Math.cos((1.12*a['time']))))+(0.2*((0.3*Math.cos((1.28*a['time'])))+(0.317*Math.sin((1.8*a['time'])))))); a['wave_g']=((a['wave_g']+(0.25*Math.cos((1.142*a['time']))))+(0.2*((0.3*Math.cos((1.2*a['time'])))+(0.32*Math.sin((1.623*a['time'])))))); a['wave_b']=((a['wave_b']+(0.25*Math.cos((1.13*a['time']))))+(0.2*((0.4*Math.cos((0.9*a['time'])))+(0.328*Math.sin((1.5245*a['time']))))));",
 "pixel_eqs_str": "a['thresh']=((above(a['bass_att'], a['thresh'])*2)+((1-above(a['bass_att'], a['thresh']))*(((a['thresh']-1.3)*0.96)+1.3))); a['dx_r']=(((equal(a['thresh'], 2)*0.015)*Math.sin((5*a['time'])))+((1-equal(a['thresh'], 2))*a['dx_r'])); a['dy_r']=(((equal(a['thresh'], 2)*0.015)*Math.sin((6*a['time'])))+((1-equal(a['thresh'], 2))*a['dy_r'])); a['cx']=(a['cx']+(8*a['dy_r'])); a['cy']=(a['cy']+(8*a['dx_r'])); a['zoom']=(a['zoom']+(Math.sin((0.05*(1.56*Math.sin(((((0.2*a['time'])*(1.5*Math.cos(((64*a['rad'])*Math.sin((1+a['rad']))))))*24)*a['dy_r'])))))*below(a['bass'], 1.1))); a['rot']=(a['rot']+((3*above(a['bass'], 1.1))*(1+a['rad'])));",
 "baseVals": {
  "rating": 0,
  "gammaadj": 1.28,
  "decay": 0.96,
  "echo_zoom": 0.997,
  "echo_orient": 1,
  "wave_mode": 7,
  "additivewave": 1,
  "modwavealphabyvolume": 1,
  "wave_brighten": 0,
  "darken": 1,
  "wave_a": 0.001,
  "wave_scale": 1.286,
  "wave_smoothing": 0.63,
  "modwavealphastart": 0.71,
  "modwavealphaend": 1.3,
  "zoomexp": 2.98779,
  "dx": 0.00001,
  "dy": 0.00001,
  "warp": 0.01,
  "wave_r": 0.65,
  "wave_g": 0.65,
  "wave_b": 0.65,
  "ob_size": 0.005,
  "ob_a": 1,
  "ib_size": 0.005,
  "ib_r": 0,
  "ib_g": 0,
  "ib_b": 0,
  "ib_a": 1,
  "mv_a": 0
 },
 "warp": "",
 "comp": ""
}