{
 "shapes": [
  {
   "baseVals": {
    "enabled": 1,
    "sides": 79,
    "textured": 1,
    "rad": 0.599579,
    "tex_ang": 6.283185,
    "tex_zoom": 100,
    "b": 1,
    "r2": 1,
    "border_a": 0
   },
   "init_eqs_str": " ",
   "frame_eqs_str": ""
  },
  {
   "baseVals": {
    "enabled": 0
   }
  },
  {
   "baseVals": {
    "enabled": 0
   }
  },
  {
   "baseVals": {
    "enabled": 0
   }
  }
 ],
 "waves": [
  {
   "baseVals": {
    "enabled": 0
   }
  },
  {
   "baseVals": {
    "enabled": 0
   }
  },
  {
   "baseVals": {
    "enabled": 0
   }
  },
  {
   "baseVals": {
    "enabled": 0
   }
  }
 ],
 "init_eqs_str": "",
 "frame_eqs_str": "a['wave_r']=(a['wave_r']+(0.20*((0.60*Math.sin((0.849*a['time'])))+(0.40*Math.sin((1.090*a['time'])))))); a['wave_g']=(a['wave_g']+(0.20*((0.60*Math.sin((0.711*a['time'])))+(0.40*Math.sin((0.982*a['time'])))))); a['wave_b']=(a['wave_b']+(0.20*((0.60*Math.sin((0.737*a['time'])))+(0.40*Math.sin((1.012*a['time'])))))); a['cy']=(a['cy']+(0.030*((0.60*Math.sin((0.393*a['time'])))+(0.40*Math.sin((0.223*a['time'])))))); a['sx']=(a['sx']+(0.010*((0.60*Math.sin((0.313*a['time'])))+(0.40*Math.sin((0.383*a['time'])))))); a['sy']=(a['sy']+(0.010*((0.60*Math.sin((0.367*a['time'])))+(0.40*Math.sin((0.272*a['time']))))));",
 "pixel_eqs_str": "",
 "baseVals": {
  "rating": 5,
  "decay": 0.955,
  "echo_zoom": 0.01,
  "echo_orient": 1,
  "wave_mode": 3,
  "wave_thick": 1,
  "wave_brighten": 0,
  "wrap": 0,
  "darken_center": 1,
  "darken": 1,
  "invert": 1,
  "wave_a": 9.180588,
  "wave_scale": 0.600913,
  "wave_smoothing": 0.72,
  "warpscale": 1.611,
  "zoom": 1.031,
  "dy": -0.018,
  "warp": 0.313,
  "sx": 0.952,
  "wave_r": 0.675,
  "wave_g": 0.55,
  "wave_b": 0.35,
  "wave_y": 0.42,
  "ob_size": 0,
  "mv_x": 33.152,
  "mv_y": 28.799997,
  "mv_dx": 0.006,
  "mv_l": 1,
  "mv_r": 0,
  "mv_g": 0,
  "mv_a": 0
 },
 "warp": "",
 "comp": ""
}