{
 "shapes": [
  {
   "baseVals": {
    "enabled": 0
   }
  },
  {
   "baseVals": {
    "enabled": 0
   }
  },
  {
   "baseVals": {
    "enabled": 0
   }
  },
  {
   "baseVals": {
    "enabled": 0
   }
  }
 ],
 "waves": [
  {
   "baseVals": {
    "enabled": 1,
    "additive": 1,
    "r": 0.1,
    "g": 0.28,
    "a": 0.2
   },
   "init_eqs_str": "a['cang'] = 0; a['n'] = 0; a['yq'] = 0; a['xp'] = 0; a['cc_ad_a'] = 0; a['t5'] = 0; a['xs'] = 0; a['yp'] = 0; a['t1'] = 0; a['cc_int'] = 0; a['q1'] = 0; a['cc_ramp'] = 0; a['cc_b'] = 0; a['xq'] = 0; a['sang'] = 0; a['t3'] = 0; a['bias_i'] = 0; a['ys'] = 0; a['pi'] = 0; a['ang2'] = 0; a['zq'] = 0; a['phs'] = 0; a['cc_ad_b'] = 0; a['ang'] = 0; a['cc_a'] = 0; a['t2'] = 0; a['zp'] = 0; a['bias'] = 0; a['q2'] = 0; a['t4'] = 0; a['cc'] = 0; a['pi2'] = 0; a['t2']=0;",
   "frame_eqs_str": "a['t1']=(a['time']*13); a['t2']=((Math.sin((a['time']*3))*0.5)+0.5); a['t2']=((a['t2']*0.3)+0.1); a['t2']=((a['q2']*0.003)+0.06); a['t3']=a['q1']; a['t4']=div(a['time'],8); a['t5']=((Math.sin(div(a['time'],4))*0.5)+0.5); a['t5']=((a['t5']*17)+1.3);",
   "point_eqs_str": "a['n']=(a['sample']*6.283); a['pi']=3.1415; a['pi2']=6.283; a['phs']=(a['t1']+(a['sample']*9)); a['bias']=a['t5']; a['bias_i']=(a['bias']-1); a['cc']=div(a['phs'],3); a['cc_int']=Math.floor(a['cc']); a['cc_ramp']=(a['cc']-a['cc_int']); a['cc_ad_a']=div(((a['cc_ramp']*a['bias'])-1),a['bias_i']); a['cc_ad_a']=((Math.abs(below(a['cc_ad_a'], 0))>0.00001)?(0):(a['cc_ad_a'])); a['cc_ad_b']=(a['cc_ramp']*a['bias']); a['cc_ad_b']=((Math.abs(above(a['cc_ad_b'], 1))>0.00001)?(1):(a['cc_ad_b'])); a['cc_a']=(a['cc_ad_a']+a['cc_int']); a['cc_b']=(a['cc_ad_b']+a['cc_int']); a['xp']=(a['t2']*above(a['cc_ad_a'], 0)); a['yp']=1; a['zp']=0; a['ang']=((a['cc_a']*6.283)*16); a['sang']=Math.sin(a['ang']); a['cang']=Math.cos(a['ang']); a['xq']=((a['sang']*a['xp'])+(a['cang']*a['zp'])); a['yq']=a['yp']; a['zq']=((a['cang']*a['xp'])-(a['sang']*a['zp'])); a['xp']=a['xq']; a['yp']=a['yq']; a['zp']=a['zq']; a['ang2']=(a['cc_b']+a['t4']); a['sang']=Math.sin(a['ang2']); a['cang']=Math.cos(a['ang2']); a['xq']=a['xp']; a['yq']=((a['sang']*a['yp'])+(a['cang']*a['zp'])); a['zq']=((a['cang']*a['yp'])-(a['sang']*a['zp'])); a['xp']=a['xq']; a['yp']=a['yq']; a['zp']=a['zq']; a['ang2']=((a['cc_b']*3.13)+a['t4']); a['sang']=Math.sin(a['ang2']); a['cang']=Math.cos(a['ang2']); a['xq']=((a['sang']*a['xp'])+(a['cang']*a['yp'])); a['yq']=((a['cang']*a['xp'])-(a['sang']*a['yp'])); a['zq']=a['zp']; a['xp']=a['xq']; a['yp']=a['yq']; a['zp']=a['zq']; a['ang2']=((a['cc_b']*1.43)+a['t4']); a['sang']=Math.sin(a['ang2']); a['cang']=Math.cos(a['ang2']); a['xq']=((a['sang']*a['xp'])+(a['cang']*a['zp'])); a['yq']=a['yp']; a['zq']=((a['cang']*a['xp'])-(a['sang']*a['zp'])); a['xp']=a['xq']; a['yp']=a['yq']; a['zp']=a['zq']; a['zp']=(a['zp']+3.1); a['xs']=(div(a['xp'],a['zp'])+0.5); a['ys']=((div(a['yp'],a['zp'])*1.333)+0.5); a['x']=a['xs']; a['y']=a['ys'];"
  },
  {
   "baseVals": {
    "enabled": 0
   }
  },
  {
   "baseVals": {
    "enabled": 0
   }
  },
  {
   "baseVals": {
    "enabled": 0
   }
  }
 ],
 "init_eqs_str": "",
 "frame_eqs_str": "a['warp']=0; a['wave_r']=(a['wave_r']+(0.2*Math.sin((a['time']*0.111)))); a['wave_g']=(a['wave_g']+(0.2*Math.sin((a['time']*0.344)))); a['wave_b']=(a['wave_b']+(0.2*Math.sin((a['time']*0.222))));",
 "pixel_eqs_str": "a['dx']=((0.003+(a['bass']*0.005))*Math.sin(((pow(a['x'], 2)*a['time'])+a['rad']))); a['dy']=((0.003+(a['treb']*0.005))*Math.sin(((pow(a['y'], 2)*a['time'])+a['rad'])));",
 "baseVals": {
  "rating": 0,
  "decay": 0.96,
  "echo_zoom": 1.007,
  "echo_orient": 1,
  "wave_mode": 2,
  "wave_dots": 1,
  "wave_brighten": 0,
  "wrap": 0,
  "darken": 1,
  "wave_a": 0.001,
  "wave_scale": 0.012,
  "wave_smoothing": 0.9,
  "wave_r": 0.5,
  "wave_g": 0.4,
  "wave_b": 0.3,
  "mv_x": 64,
  "mv_y": 48,
  "mv_l": 5,
  "mv_r": 0,
  "mv_g": 0,
  "mv_b": 0,
  "mv_a": 0
 },
 "warp": "",
 "comp": ""
}