{
 "shapes": [
  {
   "baseVals": {
    "enabled": 0
   }
  },
  {
   "baseVals": {
    "enabled": 0
   }
  },
  {
   "baseVals": {
    "enabled": 0
   }
  },
  {
   "baseVals": {
    "enabled": 0
   }
  }
 ],
 "waves": [
  {
   "baseVals": {
    "enabled": 1,
    "additive": 1,
    "r": 0.1,
    "g": 0.28,
    "a": 0.2
   },
   "init_eqs_str": "a['cang'] = 0; a['n'] = 0; a['yq'] = 0; a['xp'] = 0; a['cc_ad_a'] = 0; a['t5'] = 0; a['xs'] = 0; a['yp'] = 0; a['t1'] = 0; a['cc_int'] = 0; a['q1'] = 0; a['cc_ramp'] = 0; a['cc_b'] = 0; a['xq'] = 0; a['sang'] = 0; a['t3'] = 0; a['bias_i'] = 0; a['ys'] = 0; a['pi'] = 0; a['ang2'] = 0; a['zq'] = 0; a['phs'] = 0; a['cc_ad_b'] = 0; a['ang'] = 0; a['cc_a'] = 0; a['t2'] = 0; a['zp'] = 0; a['bias'] = 0; a['q2'] = 0; a['t4'] = 0; a['cc'] = 0; a['pi2'] = 0; a['t2']=0;",
   "frame_eqs_str": "a['t1']=(a['time']*13); a['t2']=((Math.sin((a['time']*3))*0.5)+0.5); a['t2']=((a['t2']*0.3)+0.1); a['t2']=((a['q2']*0.003)+0.06); a['t3']=a['q1']; a['t4']=div(a['time'],8); a['t5']=((Math.sin(div(a['time'],4))*0.5)+0.5); a['t5']=((a['t5']*17)+1.3);",
   "point_eqs_str": "a['n']=(a['sample']*6.283); a['pi']=3.1415; a['pi2']=6.283; a['phs']=(a['t1']+(a['sample']*9)); a['bias']=a['t5']; a['bias_i']=(a['bias']-1); a['cc']=div(a['phs'],3); a['cc_int']=Math.floor(a['cc']); a['cc_ramp']=(a['cc']-a['cc_int']); a['cc_ad_a']=div(((a['cc_ramp']*a['bias'])-1),a['bias_i']); a['cc_ad_a']=((Math.abs(below(a['cc_ad_a'], 0))>0.00001)?(0):(a['cc_ad_a'])); a['cc_ad_b']=(a['cc_ramp']*a['bias']); a['cc_ad_b']=((Math.abs(above(a['cc_ad_b'], 1))>0.00001)?(1):(a['cc_ad_b'])); a['cc_a']=(a['cc_ad_a']+a['cc_int']); a['cc_b']=(a['cc_ad_b']+a['cc_int']); a['xp']=(a['t2']*above(a['cc_ad_a'], 0)); a['yp']=1; a['zp']=0; a['ang']=((a['cc_a']*6.283)*16); a['sang']=Math.sin(a['ang']); a['cang']=Math.cos(a['ang']); a['xq']=((a['sang']*a['xp'])+(a['cang']*a['zp'])); a['yq']=a['yp']; a['zq']=((a['cang']*a['xp'])-(a['sang']*a['zp'])); a['xp']=a['xq']; a['yp']=a['yq']; a['zp']=a['zq']; a['ang2']=(a['cc_b']+a['t4']); a['sang']=Math.sin(a['ang2']); a['cang']=Math.cos(a['ang2']); a['xq']=a['xp']; a['yq']=((a['sang']*a['yp'])+(a['cang']*a['zp'])); a['zq']=((a['cang']*a['yp'])-(a['sang']*a['zp'])); a['xp']=a['xq']; a['yp']=a['yq']; a['zp']=a['zq']; a['ang2']=((a['cc_b']*3.13)+a['t4']); a['sang']=Math.sin(a['ang2']); a['cang']=Math.cos(a['ang2']); a['xq']=((a['sang']*a['xp'])+(a['cang']*a['yp'])); a['yq']=((a['cang']*a['xp'])-(a['sang']*a['yp'])); a['zq']=a['zp']; a['xp']=a['xq']; a['yp']=a['yq']; a['zp']=a['zq']; a['ang2']=((a['cc_b']*1.43)+a['t4']); a['sang']=Math.sin(a['ang2']); a['cang']=Math.cos(a['ang2']); a['xq']=((a['sang']*a['xp'])+(a['cang']*a['zp'])); a['yq']=a['yp']; a['zq']=((a['cang']*a['xp'])-(a['sang']*a['zp'])); a['xp']=a['xq']; a['yp']=a['yq']; a['zp']=a['zq']; a['zp']=(a['zp']+3.1); a['xs']=(div(a['xp'],a['zp'])+0.5); a['ys']=((div(a['yp'],a['zp'])*1.333)+0.5); a['x']=a['xs']; a['y']=a['ys'];"
  },
  {
   "baseVals": {
    "enabled": 0
   }
  },
  {
   "baseVals": {
    "enabled": 0
   }
  },
  {
   "baseVals": {
    "enabled": 0
   }
  }
 ],
 "init_eqs_str": "a['ysw'] = 0; a['tic'] = 0; a['yseg'] = 0; a['ynum'] = 0; a['vt'] = 0; a['xnum'] = 0; a['xseg'] = 0; a['bt'] = 0; a['q1'] = 0; a['rc'] = 0; a['mid_avg'] = 0; a['xsw'] = 0; a['tt'] = 0; a['tin'] = 0; a['ti'] = 0; a['bass_avg'] = 0; a['pi'] = 0; a['vav'] = 0; a['q4'] = 0; a['rd'] = 0; a['oy'] = 0; a['mt'] = 0; a['ra'] = 0; a['treb_avg'] = 0; a['vol'] = 0; a['re'] = 0; a['q2'] = 0; a['q3'] = 0; a['q7'] = 0; a['rb'] = 0; a['ox'] = 0; a['q8'] = 0;",
 "frame_eqs_str": "a['warp']=0; a['tic']=Math.min((a['time']-a['tin']), 0.1); a['tin']=a['time']; a['vol']=(((a['bass_att']+a['treb_att'])+a['mid_att'])*0.333333); a['ra']=(div(1,a['tic'])*0.25); a['treb_avg']=(a['tic']*((a['treb_avg']*(div(1,a['tic'])-a['ra']))+(a['ra']*a['treb']))); a['mid_avg']=(a['tic']*((a['mid_avg']*(div(1,a['tic'])-a['ra']))+(a['ra']*a['mid']))); a['bass_avg']=(a['tic']*((a['bass_avg']*(div(1,a['tic'])-a['ra']))+(a['ra']*a['bass']))); a['vav']=(a['tic']*((a['vav']*(div(1,a['tic'])-a['ra']))+((a['ra']*((a['bass']+a['treb'])+a['mid']))*0.33333))); a['tt']=(a['tt']+(a['tic']*a['treb'])); a['mt']=(a['mt']+(a['tic']*a['mid'])); a['bt']=(a['bt']+(a['tic']*a['bass'])); a['vt']=(a['vt']+(a['tic']*a['vav'])); a['q1']=(a['tt']*3); a['q2']=(a['mt']*3); a['q3']=(a['bt']*3); a['q4']=a['vt']; a['rb']=((Math.abs(a['rb'])>0.00001)?(a['rb']):((0.2+((randint(1001)*0.001)*0.6)))); a['rc']=((Math.abs(a['rc'])>0.00001)?(a['rc']):((0.2+((randint(1001)*0.001)*0.6)))); a['rd']=((Math.abs(a['rd'])>0.00001)?(a['rd']):((0.2+((randint(1001)*0.001)*0.6)))); a['re']=((Math.abs(a['re'])>0.00001)?(a['re']):((0.2+((randint(1001)*0.001)*0.6)))); a['ti']=(a['vt']*2); a['cx']=((0.3+(0.1*Math.sin((a['ti']*a['re']))))+(0.1*Math.cos((a['ti']*a['rc'])))); a['cy']=((0.5+(0.2*Math.sin((a['ti']*a['rb']))))+(0.1*Math.cos((a['ti']*a['rd'])))); a['q7']=6; a['q8']=2;",
 "pixel_eqs_str": "a['xnum']=a['q7']; a['ynum']=a['q8']; a['pi']=3.141592654; a['xseg']=Math.floor((a['x']*a['xnum'])); a['yseg']=Math.floor((a['y']*a['ynum'])); a['xsw']=equal(mod((a['xseg']+equal(mod(a['yseg'],2), 0)),2), 0); a['ysw']=equal(mod((a['yseg']+1),2), 0); a['ox']=(a['x']-(a['xseg']*div(1,a['xnum']))); a['ox']=((Math.abs(a['xsw'])>0.00001)?((div(1,a['xnum'])-a['ox'])):(a['ox'])); a['oy']=(a['y']-(a['yseg']*div(1,a['ynum']))); a['oy']=((Math.abs(a['ysw'])>0.00001)?((div(1,a['ynum'])-a['oy'])):(a['oy'])); a['dx']=(above((a['xseg']+a['yseg']), 0)*(a['x']-a['ox'])); a['dy']=(above((a['xseg']+a['yseg']), 0)*(a['y']-a['oy'])); a['rot']=(a['rot']*(1-above((a['xseg']+a['yseg']), 0)));",
 "baseVals": {
  "rating": 0,
  "decay": 0.96,
  "echo_zoom": 1.007,
  "echo_orient": 1,
  "wave_mode": 2,
  "wave_dots": 1,
  "wave_brighten": 0,
  "darken": 1,
  "wave_a": 0.001,
  "wave_scale": 0.012,
  "wave_smoothing": 0.9,
  "warpscale": 1.331,
  "zoom": 0.9995,
  "rot": 0.1,
  "cx": 2,
  "cy": 2,
  "warp": 0.01105,
  "wave_r": 0.5,
  "wave_g": 0.4,
  "wave_b": 0.3,
  "ob_size": 0.5,
  "ob_r": 0.01,
  "ib_size": 0.26,
  "mv_x": 64,
  "mv_y": 48,
  "mv_l": 5,
  "mv_r": 0,
  "mv_g": 0,
  "mv_b": 0,
  "mv_a": 0
 },
 "warp": "",
 "comp": ""
}