{
 "shapes": [
  {
   "baseVals": {
    "enabled": 0
   }
  },
  {
   "baseVals": {
    "enabled": 0
   }
  },
  {
   "baseVals": {
    "enabled": 0
   }
  },
  {
   "baseVals": {
    "enabled": 0
   }
  }
 ],
 "waves": [
  {
   "baseVals": {
    "enabled": 1,
    "additive": 1,
    "r": 0.06,
    "g": 0.04,
    "b": 0.11
   },
   "init_eqs_str": "a['cang'] = 0; a['n'] = 0; a['yq'] = 0; a['xp'] = 0; a['step1'] = 0; a['pos'] = 0; a['xs'] = 0; a['yp'] = 0; a['t1'] = 0; a['scale'] = 0; a['q1'] = 0; a['points'] = 0; a['t8'] = 0; a['cycle'] = 0; a['xq'] = 0; a['third'] = 0; a['sang'] = 0; a['t3'] = 0; a['ys'] = 0; a['step2'] = 0; a['zq'] = 0; a['black'] = 0; a['ang'] = 0; a['t2'] = 0; a['zp'] = 0; a['q2'] = 0; ",
   "frame_eqs_str": "a['t1']=(a['time']*0.5); a['t2']=(a['time']*0.33); a['t3']=(a['time']*0.23); a['t8']=-1;",
   "point_eqs_str": "a['scale']=(1+a['q1']); a['n']=((a['sample']*6.283)*4); a['third']=div(6.283,3); a['cycle']=Math.floor((a['sample']*4)); a['pos']=a['t8']; a['pos']=((Math.abs(equal(a['pos'], 1))>0.00001)?(-1):((a['pos']+1))); a['pos']=((Math.abs(equal(((a['sample']*4)-a['cycle']), 0))>0.00001)?(0):(a['pos'])); a['t8']=a['pos']; a['points']=equal(a['pos'], 0); a['a']=(equal(a['pos'], 0)*a['q2']); a['xp']=(((Math.sin(a['n'])*0.05)*a['points'])*a['scale']); a['yp']=a['pos']; a['zp']=(((Math.cos(a['n'])*0.05)*a['points'])*a['scale']); a['ang']=(div(3.1415,2)-(above(a['cycle'], 0.99)*a['third'])); a['sang']=Math.sin(a['ang']); a['cang']=Math.cos(a['ang']); a['xq']=((a['xp']*a['sang'])+(a['yp']*a['cang'])); a['yq']=((a['xp']*a['cang'])-(a['yp']*a['sang'])); a['zq']=a['zp']; a['xp']=a['xq']; a['yp']=a['yq']; a['zp']=a['zq']; a['ang']=div(3.1415,2); a['step1']=(equal(a['cycle'], 2)*a['third']); a['step2']=((equal(a['cycle'], 3)*a['third'])*2); a['ang']=((a['ang']+a['step1'])+a['step2']); a['ang']=a['ang']; a['sang']=Math.sin(a['ang']); a['cang']=Math.cos(a['ang']); a['xq']=((a['xp']*a['sang'])+(a['zp']*a['cang'])); a['yq']=a['yp']; a['zq']=((a['xp']*a['cang'])-(a['zp']*a['sang'])); a['xp']=a['xq']; a['yp']=a['yq']; a['zp']=a['zq']; a['ang']=(a['time']*0.23); a['sang']=Math.sin(a['ang']); a['cang']=Math.cos(a['ang']); a['xq']=a['xp']; a['yq']=((a['yp']*a['sang'])+(a['zp']*a['cang'])); a['zq']=((a['yp']*a['cang'])-(a['zp']*a['sang'])); a['xp']=a['xq']; a['yp']=a['yq']; a['zp']=a['zq']; a['ang']=(a['time']*0.6); a['sang']=Math.sin(a['ang']); a['cang']=Math.cos(a['ang']); a['xq']=((a['xp']*a['sang'])+(a['zp']*a['cang'])); a['yq']=a['yp']; a['zq']=((a['xp']*a['cang'])-(a['zp']*a['sang'])); a['xp']=a['xq']; a['yp']=a['yq']; a['zp']=a['zq']; a['zp']=(a['zp']+4.1); a['xs']=(div(a['xp'],a['zp'])+0.5); a['ys']=((div(a['yp'],a['zp'])*1.333)+0.5); a['x']=a['xs']; a['y']=a['ys']; a['black']=(1-equal(a['pos'], 0)); a['r']=(a['r']*a['black']); a['g']=(a['g']*a['black']); a['b']=(a['b']*a['black']);"
  },
  {
   "baseVals": {
    "enabled": 1,
    "additive": 1,
    "r": 0.06,
    "g": 0.04,
    "b": 0.02
   },
   "init_eqs_str": "a['cang'] = 0; a['n'] = 0; a['yq'] = 0; a['xp'] = 0; a['step1'] = 0; a['pos'] = 0; a['xs'] = 0; a['yp'] = 0; a['scale'] = 0; a['q1'] = 0; a['points'] = 0; a['t8'] = 0; a['cycle'] = 0; a['xq'] = 0; a['third'] = 0; a['sang'] = 0; a['ys'] = 0; a['step2'] = 0; a['zq'] = 0; a['ang'] = 0; a['zp'] = 0; a['q2'] = 0; ",
   "frame_eqs_str": "",
   "point_eqs_str": "a['scale']=(1+a['q1']); a['n']=((a['sample']*6.283)*4); a['third']=div(6.283,3); a['cycle']=Math.floor((a['sample']*4)); a['pos']=a['t8']; a['pos']=((Math.abs(equal(a['pos'], 1))>0.00001)?(-1):((a['pos']+1))); a['pos']=((Math.abs(equal(((a['sample']*4)-a['cycle']), 0))>0.00001)?(0):(a['pos'])); a['t8']=a['pos']; a['points']=equal(a['pos'], 0); a['a']=(equal(a['pos'], 0)*a['q2']); a['xp']=(((Math.sin(a['n'])*0.05)*a['points'])*a['scale']); a['yp']=a['pos']; a['zp']=(((Math.cos(a['n'])*0.05)*a['points'])*a['scale']); a['ang']=(div(3.1415,2)-(above(a['cycle'], 0.99)*a['third'])); a['sang']=Math.sin(a['ang']); a['cang']=Math.cos(a['ang']); a['xq']=((a['xp']*a['sang'])+(a['yp']*a['cang'])); a['yq']=((a['xp']*a['cang'])-(a['yp']*a['sang'])); a['zq']=a['zp']; a['xp']=a['xq']; a['yp']=a['yq']; a['zp']=a['zq']; a['ang']=div(3.1415,2); a['step1']=(equal(a['cycle'], 2)*a['third']); a['step2']=((equal(a['cycle'], 3)*a['third'])*2); a['ang']=((a['ang']+a['step1'])+a['step2']); a['ang']=a['ang']; a['sang']=Math.sin(a['ang']); a['cang']=Math.cos(a['ang']); a['xq']=((a['xp']*a['sang'])+(a['zp']*a['cang'])); a['yq']=a['yp']; a['zq']=((a['xp']*a['cang'])-(a['zp']*a['sang'])); a['xp']=a['xq']; a['yp']=a['yq']; a['zp']=a['zq']; a['yp']=-a['yp']; a['ang']=(a['time']*0.23); a['sang']=Math.sin(a['ang']); a['cang']=Math.cos(a['ang']); a['xq']=a['xp']; a['yq']=((a['yp']*a['sang'])+(a['zp']*a['cang'])); a['zq']=((a['yp']*a['cang'])-(a['zp']*a['sang'])); a['xp']=a['xq']; a['yp']=a['yq']; a['zp']=a['zq']; a['ang']=(a['time']*0.6); a['sang']=Math.sin(a['ang']); a['cang']=Math.cos(a['ang']); a['xq']=((a['xp']*a['sang'])+(a['zp']*a['cang'])); a['yq']=a['yp']; a['zq']=((a['xp']*a['cang'])-(a['zp']*a['sang'])); a['xp']=a['xq']; a['yp']=a['yq']; a['zp']=a['zq']; a['zp']=(a['zp']+4.1); a['xs']=(div(a['xp'],a['zp'])+0.5); a['ys']=((div(a['yp'],a['zp'])*1.333)+0.5); a['x']=a['xs']; a['y']=a['ys'];"
  },
  {
   "baseVals": {
    "enabled": 1,
    "additive": 1,
    "r": 0.21,
    "g": 0.12,
    "b": 0.05
   },
   "init_eqs_str": "a['xp'] = 0; a['s'] = 0; a['yp'] = 0; a['t1'] = 0; a['advance'] = 0; a['x_screen'] = 0; a['y_screen'] = 0; a['ag'] = 0; a['zp'] = 0; ",
   "frame_eqs_str": "a['advance']=(a['advance']+0.005); a['advance']=((Math.abs(above(a['advance'], 2))>0.00001)?(0):(a['advance'])); a['t1']=a['advance'];",
   "point_eqs_str": "a['s']=(a['sample']*6.28); a['xp']=(((Math.sin(a['s'])+Math.sin((a['s']*0.34)))+Math.sin((a['s']*24.3)))+Math.sin((a['s']*13.8))); a['xp']=(a['xp']*0.20); a['yp']=(((Math.cos(a['s'])+Math.sin((a['s']*0.24)))+Math.cos((a['s']*17.4)))+Math.sin((a['s']*37.7))); a['yp']=(a['yp']*0.20); a['zp']=(((Math.cos(a['s'])+Math.cos((a['s']*5.24)))+Math.cos((a['s']*47.4)))+Math.cos((a['s']*27.7))); a['zp']=(a['zp']*0.25); a['zp']=((a['zp']+1)-a['t1']); a['zp']=((Math.abs(below(a['zp'], 0))>0.00001)?((a['zp']+2)):(a['zp'])); a['a']=(1-(a['zp']*0.5)); a['zp']=(a['zp']*0.7); a['x_screen']=(div(a['xp'],a['zp'])+0.5); a['y_screen']=((div(a['yp'],a['zp'])*1.333)+0.5); a['x']=a['x_screen']; a['y']=a['y_screen']; a['ag']=Math.atan(div((a['y']-0.5),(a['x']-0.5)));"
  },
  {
   "baseVals": {
    "enabled": 1,
    "usedots": 1,
    "thick": 1,
    "additive": 1,
    "r": 0.61,
    "g": 0.72,
    "b": 0.95
   },
   "init_eqs_str": "a['xp'] = 0; a['s'] = 0; a['yp'] = 0; a['t1'] = 0; a['advance'] = 0; a['x_screen'] = 0; a['y_screen'] = 0; a['ag'] = 0; a['zp'] = 0; ",
   "frame_eqs_str": "a['advance']=(a['advance']+0.005); a['advance']=((Math.abs(above(a['advance'], 2))>0.00001)?(0):(a['advance'])); a['t1']=a['advance'];",
   "point_eqs_str": "a['s']=(a['sample']*6.28); a['xp']=(((Math.sin(a['s'])+Math.sin((a['s']*0.34)))+Math.sin((a['s']*24.3)))+Math.sin((a['s']*13.8))); a['xp']=(a['xp']*0.20); a['yp']=(((Math.cos(a['s'])+Math.sin((a['s']*0.24)))+Math.cos((a['s']*17.4)))+Math.sin((a['s']*37.7))); a['yp']=(a['yp']*0.20); a['zp']=(((Math.cos(a['s'])+Math.cos((a['s']*5.24)))+Math.cos((a['s']*47.4)))+Math.cos((a['s']*27.7))); a['zp']=(a['zp']*0.25); a['zp']=((a['zp']+1)-a['t1']); a['zp']=((Math.abs(below(a['zp'], 0))>0.00001)?((a['zp']+2)):(a['zp'])); a['a']=(1-(a['zp']*0.5)); a['zp']=(a['zp']*0.7); a['x_screen']=(div(a['xp'],a['zp'])+0.5); a['y_screen']=((div(a['yp'],a['zp'])*1.333)+0.5); a['x']=a['x_screen']; a['y']=a['y_screen']; a['ag']=Math.atan(div((a['y']-0.5),(a['x']-0.5)));"
  }
 ],
 "init_eqs_str": "a['rg2'] = 0; a['decay_rate'] = 0; a['q12'] = 0; a['q13'] = 0; a['q15'] = 0; a['q1'] = 0; a['rg'] = 0; a['q5'] = 0; a['q9'] = 0; a['prev_beat'] = 0; a['is_beat'] = 0; a['q11'] = 0; a['q4'] = 0; a['min_att'] = 0; a['beat'] = 0; a['decay_to'] = 0; a['q2'] = 0; a['q14'] = 0; a['q3'] = 0; a['beat_level'] = 0; a['q7'] = 0; a['q3']=(0.5+((0.6*randint(100))*0.01)); a['q4']=(randint(100)*0.01); a['q5']=(randint(100)*0.01);",
 "frame_eqs_str": "a['wave_r']=(a['wave_r']+(0.200*((0.60*Math.sin((1.517*a['time'])))+(0.40*Math.sin((1.580*a['time'])))))); a['wave_g']=(a['wave_g']+(0.200*((0.60*Math.sin((1.088*a['time'])))+(0.40*Math.sin((1.076*a['time'])))))); a['wave_b']=(a['wave_b']+(0.200*((0.60*Math.sin((1.037*a['time'])))+(0.40*Math.sin((0.922*a['time'])))))); a['rot']=(a['rot']+(0.010*((0.60*Math.sin((0.381*a['time'])))+(0.40*Math.sin((0.579*a['time'])))))); a['zoom']=(a['zoom']+(0.037*((0.38*Math.sin(((0.157*a['time'])+1)))+(0.62*Math.sin(((0.1184*a['time'])+5)))))); a['cx']=(a['cx']+(0.110*((0.60*Math.sin((0.374*a['time'])))+(0.40*Math.sin((0.294*a['time'])))))); a['cy']=(a['cy']+(0.110*((0.60*Math.sin((0.393*a['time'])))+(0.40*Math.sin((0.223*a['time'])))))); a['q1']=Math.cos((1.41*a['time'])); a['q2']=(a['time']+(0.3*Math.sin((a['time']*1.47)))); a['rg']=Math.max((a['rg']*0.77), (0.02+(0.5*Math.min(2, (Math.max(0, (a['mid_att']-1))*1.3))))); a['q9']=(a['rg']*above(a['rg'], (a['rg2']*2))); a['rg2']=Math.max(a['rg'], (a['rg2']*0.8)); a['monitor']=a['q9']; a['q11']=a['aspectx']; a['q12']=a['aspecty']; a['q13']=a['wave_r']; a['q14']=a['wave_g']; a['q15']=a['wave_b']; a['min_att']=2.5; a['decay_to']=0.8; a['decay_rate']=pow(0.9980, a['fps']); a['beat']=div(a['bass'],Math.max(a['min_att'], a['bass_att'])); a['beat']=Math.max(a['beat'], div(a['mid'],Math.max(a['min_att'], a['mid_att']))); a['beat']=Math.max(a['beat'], div(a['treb'],Math.max(a['min_att'], a['treb_att']))); a['beat']=Math.max(a['beat'], (((a['prev_beat']-a['decay_to'])*a['decay_rate'])+a['decay_to'])); a['beat_level']=(((a['beat']-a['prev_beat'])-0.07)*24); a['is_beat']=above(a['beat_level'], 0.5); a['warp']=((a['beat']-a['prev_beat'])*22); a['q7']=(((a['beat']-a['prev_beat'])-0.08)*32); a['prev_beat']=a['beat'];",
 "pixel_eqs_str": "a['dx']=(Math.cos((((((a['x']*a['pixelsx'])*a['aspectx'])*a['q3'])*0.1)+(a['q4']*6.28)))*0.02); a['dy']=(Math.cos((((((a['y']*a['pixelsy'])*a['aspecty'])*a['q3'])*0.1)+(a['q5']*6.28)))*0.02);",
 "baseVals": {
  "rating": 0,
  "gammaadj": 1.14,
  "decay": 0.96,
  "echo_zoom": 1.007,
  "echo_orient": 1,
  "wave_mode": 2,
  "wave_dots": 1,
  "wave_brighten": 0,
  "darken": 1,
  "wave_a": 0.001,
  "wave_scale": 0.012,
  "wave_smoothing": 0.9,
  "warp": 0.1792,
  "wave_r": 0.5,
  "wave_g": 0.4,
  "wave_b": 0.3,
  "mv_x": 64,
  "mv_y": 48,
  "mv_l": 5,
  "mv_r": 0,
  "mv_g": 0,
  "mv_b": 0,
  "mv_a": 0
 },
 "warp": "",
 "comp": ""
}