{
 "shapes": [
  {
   "baseVals": {
    "enabled": 1,
    "sides": 14,
    "textured": 1,
    "rad": 1.08925,
    "g": 0.5,
    "b": 0.4,
    "r2": 0.7,
    "a2": 0.3,
    "border_a": 0
   },
   "init_eqs_str": " ",
   "frame_eqs_str": ""
  },
  {
   "baseVals": {
    "enabled": 0
   }
  },
  {
   "baseVals": {
    "enabled": 0
   }
  },
  {
   "baseVals": {
    "enabled": 0
   }
  }
 ],
 "waves": [
  {
   "baseVals": {
    "enabled": 1
   },
   "init_eqs_str": "a['n'] = 0; a['yq'] = 0; a['xp'] = 0; a['t5'] = 0; a['xs'] = 0; a['yp'] = 0; a['t1'] = 0; a['q1'] = 0; a['cosang'] = 0; a['r1'] = 0; a['g2'] = 0; a['xq'] = 0; a['t3'] = 0; a['flip'] = 0; a['t6'] = 0; a['ys'] = 0; a['zq'] = 0; a['phs'] = 0; a['r2'] = 0; a['ang'] = 0; a['sinang'] = 0; a['tm'] = 0; a['b2'] = 0; a['t2'] = 0; a['zp'] = 0; a['g1'] = 0; a['t4'] = 0; a['b1'] = 0; a['q8'] = 0; ",
   "frame_eqs_str": "a['t1']=((Math.sin(a['time'])*0.5)+0.5); a['t2']=((Math.sin((a['time']+2.1))*0.5)+0.5); a['t3']=((Math.sin((a['time']+4.2))*0.5)+0.5); a['t4']=((Math.sin((a['time']+1.1))*0.5)+0.5); a['t5']=((Math.sin((a['time']+3.1))*0.5)+0.5); a['t6']=((Math.sin((a['time']+5.2))*0.5)+0.5);",
   "point_eqs_str": "a['n']=(a['sample']*6.283); a['phs']=(-a['sample']*0.2); a['tm']=(a['q1']+a['phs']); a['flip']=(a['flip']+1); a['flip']=(a['flip']*below(a['flip'], 2)); a['xp']=0; a['yp']=((a['flip']*0.1)+(((Math.sin(a['tm'])*0.5)+0.5)*0.2)); a['zp']=0; a['ang']=((Math.sin((a['tm']*2))*0.5)+0.5); a['xq']=a['xp']; a['sinang']=Math.sin(a['ang']); a['cosang']=Math.cos(a['ang']); a['yq']=((a['yp']*a['sinang'])+(a['zp']*a['cosang'])); a['zq']=((a['yp']*a['cosang'])-(a['zp']*a['sinang'])); a['yq']=a['yp']; a['zq']=a['zp']; a['ang']=(a['tm']*8); a['sinang']=Math.sin(a['ang']); a['cosang']=Math.cos(a['ang']); a['xp']=((a['xq']*a['sinang'])+(a['yq']*a['cosang'])); a['yp']=((a['xq']*a['cosang'])-(a['yq']*a['sinang'])); a['zp']=a['zq']; a['zp']=(a['zp']-0.3); a['ang']=(3.14+(Math.sin(((a['tm']*2)-0.5))*1.5)); a['sinang']=Math.sin(a['ang']); a['cosang']=Math.cos(a['ang']); a['xq']=a['xp']; a['yq']=((a['yp']*a['sinang'])+(a['zp']*a['cosang'])); a['zq']=((a['yp']*a['cosang'])-(a['zp']*a['sinang'])); a['ang']=(-1.0+Math.cos(((a['tm']*3.1)+0.5))); a['sinang']=Math.sin(a['ang']); a['cosang']=Math.cos(a['ang']); a['xp']=((a['xq']*a['sinang'])+(a['yq']*a['cosang'])); a['yp']=((a['xq']*a['cosang'])-(a['yq']*a['sinang'])); a['zp']=a['zq']; a['zp']=(a['zp']-0.35); a['ang']=((Math.cos((a['tm']*2.3))*1.75)-1.05); a['sinang']=Math.sin(a['ang']); a['cosang']=Math.cos(a['ang']); a['xq']=((a['xp']*a['sinang'])+(a['zp']*a['cosang'])); a['yq']=a['yp']; a['zq']=((a['xp']*a['cosang'])-(a['zp']*a['sinang'])); a['ang']=((Math.cos(a['tm'])*0.5)-0.5); a['sinang']=Math.sin(a['ang']); a['cosang']=Math.cos(a['ang']); a['xp']=a['xq']; a['yp']=((a['yq']*a['cosang'])-(a['zq']*a['sinang'])); a['zp']=((a['yq']*a['sinang'])+(a['zq']*a['cosang'])); a['zp']=(a['zp']+2); a['xs']=div(a['xp'],a['zp']); a['ys']=div(a['yp'],a['zp']); a['x']=(a['xs']+0.5); a['y']=((a['ys']*1.3)+0.5); a['a']=((Math.abs(equal(a['q8'], 1))>0.00001)?((1-a['sample'])):(a['sample'])); a['a']=(a['a']*a['a']); a['b']=(a['b']+(pow((1-a['sample']), 2)*0.3)); a['r1']=a['t1']; a['g1']=a['t2']; a['b1']=a['t3']; a['r2']=a['t4']; a['g2']=a['t5']; a['b2']=a['t6']; a['r']=((a['r1']*a['flip'])+(a['r2']*(1-a['flip']))); a['g']=((a['g1']*a['flip'])+(a['g2']*(1-a['flip']))); a['b']=((a['b1']*a['flip'])+(a['b2']*(1-a['flip'])));"
  },
  {
   "baseVals": {
    "enabled": 1
   },
   "init_eqs_str": "a['n'] = 0; a['yq'] = 0; a['xp'] = 0; a['t5'] = 0; a['xs'] = 0; a['yp'] = 0; a['t1'] = 0; a['q1'] = 0; a['cosang'] = 0; a['r1'] = 0; a['g2'] = 0; a['xq'] = 0; a['t3'] = 0; a['flip'] = 0; a['t6'] = 0; a['ys'] = 0; a['zq'] = 0; a['phs'] = 0; a['r2'] = 0; a['ang'] = 0; a['sinang'] = 0; a['tm'] = 0; a['b2'] = 0; a['t2'] = 0; a['zp'] = 0; a['g1'] = 0; a['t4'] = 0; a['b1'] = 0; a['q8'] = 0; ",
   "frame_eqs_str": "a['t1']=((Math.sin(a['time'])*0.5)+0.5); a['t2']=((Math.sin((a['time']+2.1))*0.5)+0.5); a['t3']=((Math.sin((a['time']+4.2))*0.5)+0.5); a['t4']=((Math.sin((a['time']+1.1))*0.5)+0.5); a['t5']=((Math.sin((a['time']+3.1))*0.5)+0.5); a['t6']=((Math.sin((a['time']+5.2))*0.5)+0.5);",
   "point_eqs_str": "a['n']=(a['sample']*6.283); a['phs']=(-a['sample']*0.2); a['tm']=(a['q1']+a['phs']); a['flip']=(a['flip']+1); a['flip']=(a['flip']*below(a['flip'], 2)); a['xp']=0; a['yp']=(((a['flip']*0.1)+(((Math.sin(a['tm'])*0.5)+0.5)*0.2))+0.1); a['yp']=-a['yp']; a['zp']=0; a['ang']=((Math.sin((a['tm']*2))*0.5)+0.5); a['sinang']=Math.sin(a['ang']); a['cosang']=Math.cos(a['ang']); a['xq']=a['xp']; a['yq']=((a['yp']*a['sinang'])+(a['zp']*a['cosang'])); a['zq']=((a['yp']*a['cosang'])-(a['zp']*a['sinang'])); a['yq']=a['yp']; a['zq']=a['zp']; a['ang']=(a['tm']*8); a['sinang']=Math.sin(a['ang']); a['cosang']=Math.cos(a['ang']); a['xp']=((a['xq']*a['sinang'])+(a['yq']*a['cosang'])); a['yp']=((a['xq']*a['cosang'])-(a['yq']*a['sinang'])); a['zp']=a['zq']; a['zp']=(a['zp']-0.3); a['ang']=(3.14+(Math.sin(((a['tm']*2)-0.5))*1.5)); a['sinang']=Math.sin(a['ang']); a['cosang']=Math.cos(a['ang']); a['xq']=a['xp']; a['yq']=((a['yp']*a['sinang'])+(a['zp']*a['cosang'])); a['zq']=((a['yp']*a['cosang'])-(a['zp']*a['sinang'])); a['ang']=(-1.0+Math.cos(((a['tm']*3.1)+0.5))); a['sinang']=Math.sin(a['ang']); a['cosang']=Math.cos(a['ang']); a['xp']=((a['xq']*a['sinang'])+(a['yq']*a['cosang'])); a['yp']=((a['xq']*a['cosang'])-(a['yq']*a['sinang'])); a['zp']=a['zq']; a['zp']=(a['zp']-0.35); a['ang']=((Math.cos((a['tm']*2.3))*1.75)-1.05); a['sinang']=Math.sin(a['ang']); a['cosang']=Math.cos(a['ang']); a['xq']=((a['xp']*a['sinang'])+(a['zp']*a['cosang'])); a['yq']=a['yp']; a['zq']=((a['xp']*a['cosang'])-(a['zp']*a['sinang'])); a['ang']=((Math.cos(a['tm'])*0.5)-0.5); a['sinang']=Math.sin(a['ang']); a['cosang']=Math.cos(a['ang']); a['xp']=a['xq']; a['yp']=((a['yq']*a['cosang'])-(a['zq']*a['sinang'])); a['zp']=((a['yq']*a['sinang'])+(a['zq']*a['cosang'])); a['zp']=(a['zp']+2); a['xs']=div(a['xp'],a['zp']); a['ys']=div(a['yp'],a['zp']); a['x']=(a['xs']+0.5); a['y']=((a['ys']*1.3)+0.5); a['a']=((Math.abs(equal(a['q8'], 1))>0.00001)?((1-a['sample'])):(a['sample'])); a['a']=(a['a']*a['a']); a['b']=(a['b']+(pow((1-a['sample']), 2)*0.3)); a['r1']=a['t1']; a['g1']=a['t2']; a['b1']=a['t3']; a['r2']=a['t4']; a['g2']=a['t5']; a['b2']=a['t6']; a['r']=((a['r1']*a['flip'])+(a['r2']*(1-a['flip']))); a['g']=((a['g1']*a['flip'])+(a['g2']*(1-a['flip']))); a['b']=((a['b1']*a['flip'])+(a['b2']*(1-a['flip'])));"
  },
  {
   "baseVals": {
    "enabled": 1,
    "usedots": 1,
    "thick": 1,
    "additive": 1
   },
   "init_eqs_str": "a['n'] = 0; a['yq'] = 0; a['xp'] = 0; a['t5'] = 0; a['xs'] = 0; a['yp'] = 0; a['t1'] = 0; a['q1'] = 0; a['cosang'] = 0; a['t8'] = 0; a['xq'] = 0; a['t3'] = 0; a['flip'] = 0; a['t6'] = 0; a['ys'] = 0; a['zq'] = 0; a['phs'] = 0; a['ang'] = 0; a['sinang'] = 0; a['tm'] = 0; a['t2'] = 0; a['zp'] = 0; a['t4'] = 0; a['q8'] = 0; ",
   "frame_eqs_str": "a['t1']=((Math.sin(a['time'])*0.5)+0.5); a['t2']=((Math.sin((a['time']+2.1))*0.5)+0.5); a['t3']=((Math.sin((a['time']+4.2))*0.5)+0.5); a['t4']=((Math.sin((a['time']+1.1))*0.5)+0.5); a['t5']=((Math.sin((a['time']+3.1))*0.5)+0.5); a['t6']=((Math.sin((a['time']+5.2))*0.5)+0.5); a['t8']=Math.floor(((Math.sin((a['time']*2))*2)+3));",
   "point_eqs_str": "a['n']=(a['sample']*6.283); a['phs']=(-a['sample']*0.2); a['tm']=(a['q1']+a['phs']); a['flip']=(a['flip']+1); a['flip']=(a['flip']*below(a['flip'], 2)); a['xp']=0; a['yp']=((a['flip']*0.1)+(((Math.sin(a['tm'])*0.5)+0.5)*0.2)); a['zp']=0; a['ang']=((Math.sin((a['tm']*2))*0.5)+0.5); a['xq']=a['xp']; a['sinang']=Math.sin(a['ang']); a['cosang']=Math.cos(a['ang']); a['yq']=((a['yp']*a['sinang'])+(a['zp']*a['cosang'])); a['zq']=((a['yp']*a['cosang'])-(a['zp']*a['sinang'])); a['yq']=a['yp']; a['zq']=a['zp']; a['ang']=((a['tm']*8)+1); a['sinang']=Math.sin(a['ang']); a['cosang']=Math.cos(a['ang']); a['xp']=((a['xq']*a['sinang'])+(a['yq']*a['cosang'])); a['yp']=((a['xq']*a['cosang'])-(a['yq']*a['sinang'])); a['zp']=a['zq']; a['zp']=(a['zp']-0.3); a['ang']=(3.14+(Math.sin(((a['tm']*2)-0.5))*1.5)); a['sinang']=Math.sin(a['ang']); a['cosang']=Math.cos(a['ang']); a['xq']=a['xp']; a['yq']=((a['yp']*a['sinang'])+(a['zp']*a['cosang'])); a['zq']=((a['yp']*a['cosang'])-(a['zp']*a['sinang'])); a['ang']=(-1.0+Math.cos(((a['tm']*3.1)+0.5))); a['sinang']=Math.sin(a['ang']); a['cosang']=Math.cos(a['ang']); a['xp']=((a['xq']*a['sinang'])+(a['yq']*a['cosang'])); a['yp']=((a['xq']*a['cosang'])-(a['yq']*a['sinang'])); a['zp']=a['zq']; a['zp']=(a['zp']-0.35); a['ang']=((Math.cos((a['tm']*2.3))*1.75)-1.05); a['sinang']=Math.sin(a['ang']); a['cosang']=Math.cos(a['ang']); a['xq']=((a['xp']*a['sinang'])+(a['zp']*a['cosang'])); a['yq']=a['yp']; a['zq']=((a['xp']*a['cosang'])-(a['zp']*a['sinang'])); a['ang']=((Math.cos(a['tm'])*0.5)-0.5); a['sinang']=Math.sin(a['ang']); a['cosang']=Math.cos(a['ang']); a['xp']=a['xq']; a['yp']=((a['yq']*a['cosang'])-(a['zq']*a['sinang'])); a['zp']=((a['yq']*a['sinang'])+(a['zq']*a['cosang'])); a['zp']=(a['zp']+2); a['xs']=div(a['xp'],a['zp']); a['ys']=div(a['yp'],a['zp']); a['x']=(a['xs']+0.5); a['y']=((a['ys']*1.3)+0.5); a['a']=((Math.abs(equal(a['q8'], 1))>0.00001)?((1-a['sample'])):(a['sample'])); a['a']=(a['a']*above(Math.sin(((a['tm']*128)*a['t8'])), 0)); a['r']=a['t4']; a['g']=a['t5']; a['b']=a['t6'];"
  },
  {
   "baseVals": {
    "enabled": 0
   }
  }
 ],
 "init_eqs_str": "a['star'] = 0; a['cys'] = 0; a['meanbass_att'] = 0; a['q1'] = 0; a['var'] = 0; a['flip'] = 0; a['lastbeat'] = 0; a['beatrate'] = 0; a['mode'] = 0; a['peakbass_att'] = 0; a['beatcounter'] = 0; a['zm'] = 0; a['rdd'] = 0; a['att'] = 0; a['ag'] = 0; a['volume'] = 0; a['beat'] = 0; a['vol'] = 0; a['q7'] = 0; a['angadv'] = 0; a['mtime'] = 0; a['q8'] = 0; a['tbr'] = 0; a['mv_x']=64; a['mv_y']=48; a['nut']=0; a['stp']=0; a['stq']=0; a['rtp']=0; a['rtq']=0; a['wvr']=0; a['decay']=0; a['dcsp']=0; a['warp']=0;",
 "frame_eqs_str": "a['zoom']=1; a['volume']=(0.3*((a['bass']+a['mid'])+a['att'])); a['beatrate']=(equal(a['beatrate'], 0)+((1-equal(a['beatrate'], 0))*(below(a['volume'], 0.01)+((1-below(a['volume'], 0.01))*a['beatrate'])))); a['lastbeat']=(a['lastbeat']+(equal(a['lastbeat'], 0)*a['time'])); a['meanbass_att']=(0.1*((a['meanbass_att']*9)+a['bass_att'])); a['peakbass_att']=Math.max(a['bass_att'], a['peakbass_att']); a['beatrate']=Math.max(((Math.abs(a['beat'])>0.00001)?(((Math.abs(below((a['time']-a['lastbeat']), (2*a['beatrate'])))>0.00001)?((0.1*(((a['beatrate']*9)+a['time'])-a['lastbeat']))):(a['beatrate']))):(a['beatrate'])), 0.1); a['peakbass_att']=((a['beat']*a['bass_att'])+(((1-a['beat'])*a['peakbass_att'])*((above((a['time']-a['lastbeat']), (2*a['beatrate']))*0.95)+((1-above((a['time']-a['lastbeat']), (2*a['beatrate'])))*0.995)))); a['lastbeat']=((a['beat']*a['time'])+((1-a['beat'])*a['lastbeat'])); a['peakbass_att']=Math.max(a['peakbass_att'], (1.1*a['meanbass_att'])); a['beat']=((above(a['volume'], 0.8)*below((a['peakbass_att']-a['bass_att']), (0.05*a['peakbass_att'])))*above((a['time']-a['lastbeat']), (0.1+(0.5*(a['beatrate']-0.1))))); a['beatcounter']=(a['beatcounter']+a['beat']); a['mode']=((Math.abs((a['beat']*equal(mod(a['beatcounter'],2), 0)))>0.00001)?((1-a['mode'])):(a['mode'])); a['flip']=((2*a['mode'])-1); a['monitor']=a['flip']; a['q8']=a['flip']; a['angadv']=(a['angadv']+a['beat']); a['angadv']=((Math.abs(above(a['angadv'], 5))>0.00001)?(2):(a['angadv'])); a['q7']=a['angadv']; a['decay']=0.95; a['zoom']=1.002; a['vol']=(((a['bass_att']+a['mid_att'])+a['treb_att'])*0.25); a['vol']=(a['vol']*a['vol']); a['mtime']=(a['mtime']+(((a['vol']*0.1)*a['flip'])*div(37,a['fps']))); a['q1']=(a['mtime']*0.4); a['warp']=0.0; a['cx']=((Math.sin((a['mtime']*0.2))*0.4)+0.5); a['cy']=Math.sin((a['mtime']*0.33)); a['cys']=sign(a['cy']); a['cy']=((a['cy']*a['cy'])*a['cys']); a['cy']=((a['cy']*0.4)+0.5); a['rot']=(Math.sin((a['time']*0.25))*0.31);",
 "pixel_eqs_str": "a['tbr']=(0.7+(a['treb']*0.3)); a['var']=((-2*a['tbr'])*0.75); a['ag']=(Math.atan(div(((a['y']-0.5)-(a['cy']-0.5)),((a['x']-0.5)-(a['cx']-0.5))))*1.75); a['star']=(Math.sin((a['ang']*a['q7']))*a['tbr']); a['rdd']=(Math.max(Math.abs((a['x']-0.5)), Math.abs((a['y']-0.5)))*4); a['zm']=(((1+div(a['rdd'],40))+div(a['var'],40))+(a['star']*0.003)); a['sx']=0.8; a['sy']=a['sx'];",
 "baseVals": {
  "rating": 1,
  "gammaadj": 1.56,
  "decay": 0.96,
  "echo_zoom": 0.997,
  "echo_alpha": 0.5,
  "echo_orient": 1,
  "wave_mode": 5,
  "wave_dots": 1,
  "wave_brighten": 0,
  "brighten": 1,
  "darken": 1,
  "wave_a": 0.009,
  "wave_smoothing": 0,
  "modwavealphastart": 0.5,
  "modwavealphaend": 1,
  "warpanimspeed": 0.037,
  "warpscale": 0.015,
  "warp": 0.033,
  "wave_r": 0.5,
  "wave_g": 0.5,
  "wave_b": 0.5,
  "ob_size": 0.005,
  "ib_size": 0.005,
  "ib_r": 0,
  "ib_g": 1,
  "ib_b": 0,
  "mv_x": 0,
  "mv_y": 0,
  "mv_l": 1,
  "mv_a": 0
 },
 "warp": "",
 "comp": ""
}