{
 "shapes": [
  {
   "baseVals": {
    "enabled": 0
   }
  },
  {
   "baseVals": {
    "enabled": 0
   }
  },
  {
   "baseVals": {
    "enabled": 1,
    "sides": 5,
    "additive": 1,
    "x": 0.9,
    "rad": 0.22613,
    "g": 0.6,
    "g2": 0,
    "border_a": 0
   },
   "init_eqs_str": " ",
   "frame_eqs_str": "a['x']=(0.05+div(randint(900),1000)); a['y']=(0.05+div(randint(900),1000)); a['ang']=div(randint(320),100);"
  },
  {
   "baseVals": {
    "enabled": 0
   }
  }
 ],
 "waves": [
  {
   "baseVals": {
    "enabled": 0
   }
  },
  {
   "baseVals": {
    "enabled": 0
   }
  },
  {
   "baseVals": {
    "enabled": 0
   }
  },
  {
   "baseVals": {
    "enabled": 0
   }
  }
 ],
 "init_eqs_str": "a['redsine'] = 0; a['bluesine'] = 0; a['greenif'] = 0; a['q5'] = 0; a['q4'] = 0; a['redif'] = 0; a['blueif'] = 0; a['vol'] = 0; a['greensine'] = 0; a['decay']=0.1;",
 "frame_eqs_str": "a['sx']=1.000; a['sy']=1.000; a['vol']=(((a['bass']+a['mid'])+a['treb_att'])*0.3333); a['redsine']=(0.5+((0.15*a['bass'])*Math.sin((a['time']*3)))); a['greensine']=(0.5+((0.15*a['mid'])*Math.sin((a['time']*2)))); a['bluesine']=(0.5+((0.15*a['treb'])*Math.sin(a['time']))); a['redif']=((Math.abs(above(a['bass'], 1.2))>0.00001)?(a['redsine']):(((Math.abs(above(a['redif'], 0.95))>0.00001)?(0):((a['redif']*0.85))))); a['greenif']=((Math.abs(above(a['mid'], 1.2))>0.00001)?(a['greensine']):(((Math.abs(above(a['greenif'], 0.95))>0.00001)?(0):((a['greenif']*0.85))))); a['blueif']=((Math.abs(above(a['treb'], 1.2))>0.00001)?(a['bluesine']):(((Math.abs(above(a['blueif'], 0.95))>0.00001)?(0):((a['blueif']*0.85))))); a['q4']=(0.5+((0.05*Math.sin((a['time']*0.52)))*Math.cos((a['time']*0.39)))); a['q5']=(0.5+((0.05*Math.sin((a['time']*0.44)))*Math.cos((a['time']*0.71))));",
 "pixel_eqs_str": "a['zoom']=((a['zoom']+(0.015*a['rad']))+((0.015*a['treb_att'])*a['rad'])); a['sy']=(a['sy']+(0.1*Math.cos((Math.sin(((a['y']*0.05)+a['time']))-((Math.sin(((20*a['x'])+a['time']))*0.5)*a['treb_att']))))); a['sx']=(a['sx']+(0.1*Math.sin((Math.cos(((a['x']*70)+a['time']))+((Math.cos(((a['y']*20)+a['time']))*0.5)*a['treb_att'])))));",
 "baseVals": {
  "rating": 0,
  "gammaadj": 1.84,
  "decay": 0.96,
  "echo_zoom": 1.007,
  "echo_orient": 1,
  "wave_mode": 2,
  "additivewave": 1,
  "wave_dots": 1,
  "wave_thick": 1,
  "modwavealphabyvolume": 1,
  "wave_brighten": 0,
  "darken": 1,
  "wave_a": 0.001,
  "wave_scale": 5.552,
  "wave_smoothing": 0.504,
  "wave_mystery": -1,
  "modwavealphastart": 0.71,
  "modwavealphaend": 1.3,
  "warpanimspeed": 2.599,
  "warpscale": 0.01,
  "zoomexp": 0.9999,
  "zoom": 1.00949,
  "warp": 0.01,
  "sy": 1.0017,
  "wave_g": 0,
  "wave_b": 0,
  "ob_size": 0,
  "ob_r": 1,
  "ob_g": 1,
  "ob_b": 1,
  "ib_size": 0,
  "ib_r": 0,
  "ib_g": 0,
  "ib_b": 0,
  "ib_a": 1,
  "mv_x": 64,
  "mv_y": 48,
  "mv_l": 0.85,
  "mv_r": 0.5,
  "mv_g": 0.5,
  "mv_b": 0.5,
  "mv_a": 0
 },
 "warp": "",
 "comp": ""
}