{
 "shapes": [
  {
   "baseVals": {
    "enabled": 0
   }
  },
  {
   "baseVals": {
    "enabled": 0
   }
  },
  {
   "baseVals": {
    "enabled": 0
   }
  },
  {
   "baseVals": {
    "enabled": 0
   }
  }
 ],
 "waves": [
  {
   "baseVals": {
    "enabled": 1,
    "additive": 1,
    "r": 0.1,
    "g": 0.28,
    "a": 0.2
   },
   "init_eqs_str": "a['cang'] = 0; a['n'] = 0; a['yq'] = 0; a['xp'] = 0; a['cc_ad_a'] = 0; a['t5'] = 0; a['xs'] = 0; a['yp'] = 0; a['t1'] = 0; a['cc_int'] = 0; a['q1'] = 0; a['cc_ramp'] = 0; a['cc_b'] = 0; a['xq'] = 0; a['sang'] = 0; a['t3'] = 0; a['bias_i'] = 0; a['ys'] = 0; a['pi'] = 0; a['ang2'] = 0; a['zq'] = 0; a['phs'] = 0; a['cc_ad_b'] = 0; a['ang'] = 0; a['cc_a'] = 0; a['t2'] = 0; a['zp'] = 0; a['bias'] = 0; a['q2'] = 0; a['t4'] = 0; a['cc'] = 0; a['pi2'] = 0; a['t2']=0;",
   "frame_eqs_str": "a['t1']=(a['time']*13); a['t2']=((Math.sin((a['time']*3))*0.5)+0.5); a['t2']=((a['t2']*0.3)+0.1); a['t2']=((a['q2']*0.003)+0.06); a['t3']=a['q1']; a['t4']=div(a['time'],8); a['t5']=((Math.sin(div(a['time'],4))*0.5)+0.5); a['t5']=((a['t5']*17)+1.3);",
   "point_eqs_str": "a['n']=(a['sample']*6.283); a['pi']=3.1415; a['pi2']=6.283; a['phs']=(a['t1']+(a['sample']*9)); a['bias']=a['t5']; a['bias_i']=(a['bias']-1); a['cc']=div(a['phs'],3); a['cc_int']=Math.floor(a['cc']); a['cc_ramp']=(a['cc']-a['cc_int']); a['cc_ad_a']=div(((a['cc_ramp']*a['bias'])-1),a['bias_i']); a['cc_ad_a']=((Math.abs(below(a['cc_ad_a'], 0))>0.00001)?(0):(a['cc_ad_a'])); a['cc_ad_b']=(a['cc_ramp']*a['bias']); a['cc_ad_b']=((Math.abs(above(a['cc_ad_b'], 1))>0.00001)?(1):(a['cc_ad_b'])); a['cc_a']=(a['cc_ad_a']+a['cc_int']); a['cc_b']=(a['cc_ad_b']+a['cc_int']); a['xp']=(a['t2']*above(a['cc_ad_a'], 0)); a['yp']=1; a['zp']=0; a['ang']=((a['cc_a']*6.283)*16); a['sang']=Math.sin(a['ang']); a['cang']=Math.cos(a['ang']); a['xq']=((a['sang']*a['xp'])+(a['cang']*a['zp'])); a['yq']=a['yp']; a['zq']=((a['cang']*a['xp'])-(a['sang']*a['zp'])); a['xp']=a['xq']; a['yp']=a['yq']; a['zp']=a['zq']; a['ang2']=(a['cc_b']+a['t4']); a['sang']=Math.sin(a['ang2']); a['cang']=Math.cos(a['ang2']); a['xq']=a['xp']; a['yq']=((a['sang']*a['yp'])+(a['cang']*a['zp'])); a['zq']=((a['cang']*a['yp'])-(a['sang']*a['zp'])); a['xp']=a['xq']; a['yp']=a['yq']; a['zp']=a['zq']; a['ang2']=((a['cc_b']*3.13)+a['t4']); a['sang']=Math.sin(a['ang2']); a['cang']=Math.cos(a['ang2']); a['xq']=((a['sang']*a['xp'])+(a['cang']*a['yp'])); a['yq']=((a['cang']*a['xp'])-(a['sang']*a['yp'])); a['zq']=a['zp']; a['xp']=a['xq']; a['yp']=a['yq']; a['zp']=a['zq']; a['ang2']=((a['cc_b']*1.43)+a['t4']); a['sang']=Math.sin(a['ang2']); a['cang']=Math.cos(a['ang2']); a['xq']=((a['sang']*a['xp'])+(a['cang']*a['zp'])); a['yq']=a['yp']; a['zq']=((a['cang']*a['xp'])-(a['sang']*a['zp'])); a['xp']=a['xq']; a['yp']=a['yq']; a['zp']=a['zq']; a['zp']=(a['zp']+3.1); a['xs']=(div(a['xp'],a['zp'])+0.5); a['ys']=((div(a['yp'],a['zp'])*1.333)+0.5); a['x']=a['xs']; a['y']=a['ys'];"
  },
  {
   "baseVals": {
    "enabled": 0
   }
  },
  {
   "baseVals": {
    "enabled": 0
   }
  },
  {
   "baseVals": {
    "enabled": 0
   }
  }
 ],
 "init_eqs_str": "a['redsine'] = 0; a['bluesine'] = 0; a['greenif'] = 0; a['q5'] = 0; a['q4'] = 0; a['redif'] = 0; a['blueif'] = 0; a['vol'] = 0; a['greensine'] = 0; a['decay']=0.1;",
 "frame_eqs_str": "a['sx']=1.000; a['sy']=1.000; a['vol']=(((a['bass']+a['mid'])+a['treb_att'])*0.3333); a['redsine']=(0.5+((0.15*a['bass'])*Math.sin((a['time']*3)))); a['greensine']=(0.5+((0.15*a['mid'])*Math.sin((a['time']*2)))); a['bluesine']=(0.5+((0.15*a['treb'])*Math.sin(a['time']))); a['redif']=((Math.abs(above(a['bass'], 1.2))>0.00001)?(a['redsine']):(((Math.abs(above(a['redif'], 0.95))>0.00001)?(0):((a['redif']*0.85))))); a['greenif']=((Math.abs(above(a['mid'], 1.2))>0.00001)?(a['greensine']):(((Math.abs(above(a['greenif'], 0.95))>0.00001)?(0):((a['greenif']*0.85))))); a['blueif']=((Math.abs(above(a['treb'], 1.2))>0.00001)?(a['bluesine']):(((Math.abs(above(a['blueif'], 0.95))>0.00001)?(0):((a['blueif']*0.85))))); a['q4']=(0.5+((0.05*Math.sin((a['time']*0.52)))*Math.cos((a['time']*0.39)))); a['q5']=(0.5+((0.05*Math.sin((a['time']*0.44)))*Math.cos((a['time']*0.71))));",
 "pixel_eqs_str": "a['zoom']=((a['zoom']+(0.015*a['rad']))+((0.015*a['treb_att'])*a['rad'])); a['sy']=(a['sy']+(0.1*Math.cos((Math.sin(((a['y']*0.05)+a['time']))-((Math.sin(((20*a['x'])+a['time']))*0.5)*a['treb_att']))))); a['sx']=(a['sx']+(0.1*Math.sin((Math.cos(((a['x']*70)+a['time']))+((Math.cos(((a['y']*20)+a['time']))*0.5)*a['treb_att'])))));",
 "baseVals": {
  "rating": 0,
  "gammaadj": 1.84,
  "decay": 0.96,
  "echo_zoom": 1.007,
  "echo_orient": 1,
  "wave_mode": 2,
  "wave_dots": 1,
  "wave_brighten": 0,
  "darken": 1,
  "wave_a": 0.001,
  "wave_scale": 0.012,
  "wave_smoothing": 0.9,
  "warpanimspeed": 2.599,
  "warpscale": 0.01,
  "zoomexp": 0.9999,
  "zoom": 1.00949,
  "warp": 0.01,
  "sy": 1.0017,
  "wave_r": 0.5,
  "wave_g": 0.4,
  "wave_b": 0.3,
  "ob_size": 0,
  "ob_r": 1,
  "ob_g": 1,
  "ob_b": 1,
  "ib_size": 0,
  "ib_r": 0,
  "ib_g": 0,
  "ib_b": 0,
  "ib_a": 1,
  "mv_x": 64,
  "mv_y": 48,
  "mv_l": 5,
  "mv_r": 0,
  "mv_g": 0,
  "mv_b": 0,
  "mv_a": 0
 },
 "warp": "",
 "comp": ""
}