{
 "shapes": [
  {
   "baseVals": {
    "enabled": 1,
    "sides": 3,
    "additive": 1,
    "thickoutline": 1,
    "textured": 1,
    "x": 1,
    "y": 0.59,
    "rad": 1.51261,
    "ang": 3.39292,
    "tex_zoom": 100,
    "g2": 0,
    "border_r": 0,
    "border_g": 0,
    "border_b": 0,
    "border_a": 1
   },
   "init_eqs_str": " ",
   "frame_eqs_str": "a['x']=(((Math.sin(div(a['time'],10))*0.1)+0.5)+(a['treb_att']*0.1));"
  },
  {
   "baseVals": {
    "enabled": 1,
    "sides": 13,
    "textured": 1,
    "rad": 1.46815,
    "ang": 3.07876,
    "tex_zoom": 0.99815,
    "b": 1,
    "g2": 0,
    "border_r": 0.5,
    "border_g": 0.5,
    "border_b": 0.5,
    "border_a": 0
   },
   "init_eqs_str": " ",
   "frame_eqs_str": "a['ang']=(Math.sin(div(a['time'],20))*6.28);"
  },
  {
   "baseVals": {
    "enabled": 0
   }
  },
  {
   "baseVals": {
    "enabled": 1,
    "sides": 23,
    "textured": 1,
    "rad": 0.38316,
    "ang": 3.14159,
    "tex_ang": 4.90089,
    "tex_zoom": 2.23884,
    "g": 1,
    "b": 1,
    "r2": 1,
    "b2": 1,
    "a2": 1,
    "border_r": 0,
    "border_g": 0,
    "border_b": 0,
    "border_a": 0
   },
   "init_eqs_str": "a['var'] = 0; ",
   "frame_eqs_str": "a['ang']=div(a['time'],10); a['var']=above(a['bass_att'], 0.7); a['border_a']=a['var'];"
  }
 ],
 "waves": [
  {
   "baseVals": {
    "enabled": 1,
    "usedots": 1,
    "thick": 1,
    "additive": 1,
    "r": 0,
    "a": 0.06
   },
   "init_eqs_str": "a['s'] = 0; a['xp'] = 0; a['yp'] = 0; a['zp'] = 0; a['t1'] = 0; a['x_screen'] = 0; a['y_screen'] = 0; a['advance'] = 0; ",
   "frame_eqs_str": "a['advance']=(a['advance']+0.005); a['advance']=((Math.abs(above(a['advance'], 2))>0.00001)?(0):(a['advance'])); a['t1']=a['advance'];",
   "point_eqs_str": "a['s']=(a['sample']*6.28); a['xp']=(((Math.sin(a['s'])+Math.sin((a['s']*0.44)))+Math.sin((a['s']*14.3)))+Math.sin((a['s']*12.8))); a['xp']=(a['xp']*0.10); a['yp']=(((Math.cos(a['s'])+Math.sin((a['s']*0.29)))+Math.cos((a['s']*19.4)))+Math.sin((a['s']*37.7))); a['yp']=(a['yp']*0.10); a['zp']=(((Math.cos(a['s'])+Math.cos((a['s']*6.24)))+Math.cos((a['s']*37.4)))+Math.cos((a['s']*29.7))); a['zp']=(a['zp']*0.25); a['zp']=((a['zp']+1)-a['t1']); a['zp']=((Math.abs(below(a['zp'], 0))>0.00001)?((a['zp']+2)):(a['zp'])); a['a']=(1-(a['zp']*0.5)); a['zp']=(a['zp']*0.7); a['x_screen']=(div(a['xp'],a['zp'])+0.5); a['y_screen']=(div(a['yp'],a['zp'])+0.5); a['x']=a['x_screen']; a['y']=a['y_screen']; a['r']=1; a['g']=1; a['b']=1;"
  },
  {
   "baseVals": {
    "enabled": 0
   }
  },
  {
   "baseVals": {
    "enabled": 1,
    "thick": 1,
    "additive": 1,
    "r": 0.7,
    "g": 0
   },
   "init_eqs_str": "a['px'] = 0; a['counter'] = 0; a['t1'] = 0; a['sum'] = 0; a['py'] = 0; a['xtrudx'] = 0; a['t3'] = 0; a['dir'] = 0; a['t'] = 0; a['oy'] = 0; a['ang'] = 0; a['x2'] = 0; a['t2'] = 0; a['l'] = 0; a['y2'] = 0; a['xtrudy'] = 0; a['q2'] = 0; a['q3'] = 0; a['ox'] = 0; ",
   "frame_eqs_str": "a['t1']=a['q3']; a['t2']=a['q2']; a['t3']=(0.3*a['q2']);",
   "point_eqs_str": "a['t']=(a['t1']+(a['t2']*(1-a['sample']))); a['ox']=(0.5+(((0.3+(0.05*a['sample']))*Math.cos(((a['t']+0.65)+(3.1415*Math.sin(((1.7*a['t'])+0.98))))))*Math.sin(((1.32*a['t'])+3.21)))); a['oy']=(0.5+((((0.3+(0.05*a['sample']))*1.25)*Math.sin(((0.78*a['t'])+1.71)))*Math.cos((((0.91*a['t'])+3.09)+(3.1415*Math.sin(((1.49*a['t'])+0.43))))))); a['ang']=Math.atan2((a['py']-a['oy']), (a['px']-a['ox'])); a['l']=Math.tan(a['ang']); a['x2']=(0.5+(((0.3-(0.05*a['sample']))*Math.cos(((a['t']+0.65)+(3.1415*Math.sin(((1.7*a['t'])+0.98))))))*Math.sin(((1.32*a['t'])+3.21)))); a['y2']=(0.5+((((0.3-(0.05*a['sample']))*1.25)*Math.sin(((0.78*a['t'])+1.71)))*Math.cos((((0.91*a['t'])+3.09)+(3.1415*Math.sin(((1.49*a['t'])+0.43))))))); a['sum']=((((((a['l']*a['x2'])-a['y2'])+a['oy'])-(a['l']*a['ox']))*sign(a['ang']))*sign(a['l'])); a['dir']=(-1+(2*above(a['sum'], -0.001))); a['xtrudx']=(((((1-mod(a['counter'],2))*a['t3'])*a['sample'])*Math.cos((a['ang']+(a['dir']*1.5707))))*Math.abs((a['value1']+a['value2']))); a['xtrudy']=(((((1-mod(a['counter'],2))*a['t3'])*a['sample'])*Math.sin((a['ang']+(a['dir']*1.5707))))*Math.abs((a['value1']+a['value2']))); a['x']=(a['ox']+a['xtrudx']); a['y']=(a['oy']+a['xtrudy']); a['px']=a['ox']; a['py']=a['oy']; a['counter']=(a['counter']+1); a['a']=sqr(a['sample']);"
  },
  {
   "baseVals": {
    "enabled": 1,
    "thick": 1,
    "additive": 1,
    "smoothing": 1,
    "g": 0,
    "b": 0.6
   },
   "init_eqs_str": "a['px'] = 0; a['counter'] = 0; a['t1'] = 0; a['sum'] = 0; a['py'] = 0; a['xtrudx'] = 0; a['t3'] = 0; a['dir'] = 0; a['t'] = 0; a['oy'] = 0; a['ang'] = 0; a['x2'] = 0; a['t2'] = 0; a['l'] = 0; a['y2'] = 0; a['xtrudy'] = 0; a['q2'] = 0; a['q3'] = 0; a['ox'] = 0; ",
   "frame_eqs_str": "a['t1']=a['q3']; a['t2']=a['q2']; a['t3']=(0.3*a['q2']);",
   "point_eqs_str": "a['t']=(a['t1']+(a['t2']*(1-a['sample']))); a['ox']=(0.5+(((0.3-(0.05*a['sample']))*Math.cos(((a['t']+0.65)+(3.1415*Math.sin(((1.7*a['t'])+0.98))))))*Math.sin(((1.32*a['t'])+3.21)))); a['oy']=(0.5+((((0.3-(0.05*a['sample']))*1.25)*Math.sin(((0.78*a['t'])+1.71)))*Math.cos((((0.91*a['t'])+3.09)+(3.1415*Math.sin(((1.49*a['t'])+0.43))))))); a['ang']=Math.atan2((a['py']-a['oy']), (a['px']-a['ox'])); a['l']=Math.tan(a['ang']); a['x2']=(0.5+(((0.3+(0.05*a['sample']))*Math.cos(((a['t']+0.65)+(3.1415*Math.sin(((1.7*a['t'])+0.98))))))*Math.sin(((1.32*a['t'])+3.21)))); a['y2']=(0.5+((((0.3+(0.05*a['sample']))*1.25)*Math.sin(((0.78*a['t'])+1.71)))*Math.cos((((0.91*a['t'])+3.09)+(3.1415*Math.sin(((1.49*a['t'])+0.43))))))); a['sum']=((((((a['l']*a['x2'])-a['y2'])+a['oy'])-(a['l']*a['ox']))*sign(a['ang']))*sign(a['l'])); a['dir']=(-1+(2*above(a['sum'], -0.001))); a['xtrudx']=((((mod(a['counter'],2)*a['t3'])*a['sample'])*Math.cos((a['ang']+(a['dir']*1.5707))))*Math.abs((a['value1']+a['value2']))); a['xtrudy']=((((mod(a['counter'],2)*a['t3'])*a['sample'])*Math.sin((a['ang']+(a['dir']*1.5707))))*Math.abs((a['value1']+a['value2']))); a['x']=(a['ox']+a['xtrudx']); a['y']=(a['oy']+a['xtrudy']); a['px']=a['ox']; a['py']=a['oy']; a['counter']=(a['counter']+1); a['a']=sqr(a['sample']);"
  }
 ],
 "init_eqs_str": "a['vol'] = 0; a['mtime'] = 0; a['q1'] = 0; a['dt'] = 0; a['mytime'] = 0; a['contvol'] = 0; a['q2'] = 0; a['q3'] = 0;",
 "frame_eqs_str": "a['decay']=0.999; a['wrap']=Math.sin((a['time']*10)); a['mv_dx']=a['bass']; a['ib_a']=0.005; a['vol']=(((a['bass']+a['mid'])+a['treb'])*0.45); a['vol']=(a['vol']*a['vol']); a['mtime']=(a['mtime']+((a['vol']*0.01)*div(48,a['fps']))); a['q1']=(a['mtime']*0.5); a['dt']=div(1,a['fps']); a['mytime']=(a['mytime']+a['dt']); a['contvol']=Math.min(Math.max(0.5, (((1-(0.5*a['dt']))*a['contvol'])+(((0.5*a['dt'])*((a['bass']+a['mid'])+a['treb']))*0.133))), 2); a['q2']=a['contvol']; a['q3']=a['mytime']; a['echo_zoom']=(1+(a['vol']*0.01)); a['sx']=((-0.019-(Math.sin(a['time'])*0.1))+0.5);",
 "pixel_eqs_str": "a['zoom']=(1.005-div(a['rad'],10)); a['rot']=div(a['rad'],100);",
 "baseVals": {
  "rating": 4,
  "gammaadj": 1,
  "decay": 0.965,
  "echo_zoom": 1.216,
  "echo_alpha": 0.8,
  "echo_orient": 3,
  "wave_mode": 7,
  "additivewave": 1,
  "modwavealphabyvolume": 1,
  "wave_brighten": 0,
  "wrap": 0,
  "darken_center": 1,
  "wave_a": 0.001,
  "wave_scale": 1.157,
  "wave_smoothing": 0.63,
  "modwavealphastart": 0.71,
  "modwavealphaend": 1.3,
  "warpanimspeed": 0.01,
  "warpscale": 1.47,
  "zoomexp": 4.77802,
  "zoom": 0.99816,
  "warp": 0.01,
  "sx": 1.09568,
  "wave_r": 0.65,
  "wave_g": 0.65,
  "wave_b": 0.65,
  "ob_size": 0.005,
  "ob_a": 0.5,
  "ib_size": 0.5,
  "ib_r": 0,
  "ib_g": 0,
  "ib_b": 0,
  "ib_a": 1,
  "mv_x": 1.28,
  "mv_y": 48,
  "mv_dx": 0.4,
  "mv_l": 1,
  "mv_g": 0,
  "mv_a": 0.5
 },
 "warp": "",
 "comp": ""
}