{
 "shapes": [
  {
   "baseVals": {
    "enabled": 1,
    "sides": 100,
    "rad": 0.22167,
    "r": 0.8,
    "b": 1,
    "g2": 0,
    "border_a": 0
   },
   "init_eqs_str": "a['q4'] = 0; a['q5'] = 0; ",
   "frame_eqs_str": "a['x']=(0.5+a['q4']); a['y']=(0.5+a['q5']);"
  },
  {
   "baseVals": {
    "enabled": 0
   }
  },
  {
   "baseVals": {
    "enabled": 0
   }
  },
  {
   "baseVals": {
    "enabled": 0
   }
  }
 ],
 "waves": [
  {
   "baseVals": {
    "enabled": 1,
    "thick": 1,
    "additive": 1
   },
   "init_eqs_str": "a['xp'] = 0; a['y1'] = 0; a['yp'] = 0; a['x1'] = 0; a['scale'] = 0; a['scale1'] = 0; a['q5'] = 0; a['flip'] = 0; a['q4'] = 0; a['scale2'] = 0; a['scale3'] = 0; a['x2'] = 0; a['y2'] = 0; ",
   "frame_eqs_str": "",
   "point_eqs_str": "a['flip']=(a['flip']+1); a['flip']=((Math.abs(above(a['flip'], 1))>0.00001)?(0):(a['flip'])); a['xp']=Math.sin((a['sample']*6.283)); a['yp']=Math.cos((a['sample']*6.283)); a['scale1']=Math.sin(((a['sample']*6.283)*3)); a['scale2']=Math.sin(((a['sample']*6.283)*9)); a['scale3']=Math.sin(((a['sample']*6.283)*5)); a['scale']=((a['scale1']+(a['scale2']*0.7))+(a['scale3']*0.4)); a['scale']=(a['scale']*0.5); a['xp']=(a['xp']*a['scale']); a['yp']=(a['yp']*a['scale']); a['x1']=((a['xp']*0.25)+0.5); a['y1']=(((a['yp']*0.25)*1.333)+0.5); a['x2']=(0.5+a['q4']); a['y2']=(0.5+a['q5']); a['x']=((a['x1']*a['flip'])+(a['x2']*(1-a['flip']))); a['y']=((a['y1']*a['flip'])+(a['y2']*(1-a['flip']))); a['a']=(a['flip']*0.05); a['r']=((Math.sin(a['time'])*0.5)+0.5); a['g']=((Math.sin((a['time']+2.1))*0.5)+0.5); a['b']=((Math.sin((a['time']+4.2))*0.5)+0.5);"
  },
  {
   "baseVals": {
    "enabled": 0
   }
  },
  {
   "baseVals": {
    "enabled": 0
   }
  },
  {
   "baseVals": {
    "enabled": 0
   }
  }
 ],
 "init_eqs_str": "a['d'] = 0; a['y3'] = 0; a['y1'] = 0; a['xx'] = 0; a['s'] = 0; a['x1'] = 0; a['vx3'] = 0; a['q6'] = 0; a['dt'] = 0; a['q1'] = 0; a['q5'] = 0; a['q9'] = 0; a['v'] = 0; a['vx4'] = 0; a['mm'] = 0; a['tt'] = 0; a['grav'] = 0; a['x3'] = 0; a['xx2'] = 0; a['q4'] = 0; a['a'] = 0; a['yy1'] = 0; a['vy4'] = 0; a['dir'] = 0; a['bounce'] = 0; a['x4'] = 0; a['r'] = 0; a['x2'] = 0; a['mx'] = 0; a['mn'] = 0; a['vy2'] = 0; a['y2'] = 0; a['bb'] = 0; a['q2'] = 0; a['spring'] = 0; a['vx2'] = 0; a['q3'] = 0; a['resist'] = 0; a['yy'] = 0; a['y4'] = 0; a['vy3'] = 0; a['xx1'] = 0; a['v2'] = 0; a['q8'] = 0; a['q11']=div(0.5,Math.asin(1));",
 "frame_eqs_str": "a['ib_r']=((Math.sin(((a['time']*1.25)*4))*0.3)+0.7); a['ib_g']=((Math.sin((a['time']*4))*0.3)+0.3); a['ib_b']=((Math.sin((div(a['time'],3)*4))*0.5)+0.5); a['xx1']=((a['xx1']*0.9)+(a['bass']*0.01)); a['xx2']=((a['xx2']*0.9)+(a['treb']*0.01)); a['yy1']=((a['yy1']*0.94)+((a['treb']+a['bass'])*0.0075)); a['x1']=(0.5+((a['xx1']-a['xx2'])*2)); a['y1']=(0.4+a['yy1']); a['x1']=Math.max(0, Math.min(1, a['x1'])); a['y1']=Math.max(0, Math.min(1, a['y1'])); a['spring']=10; a['grav']=0.5; a['resist']=1; a['bounce']=0.75; a['dt']=(0.0002*div(60,a['fps'])); a['vx2']=((a['vx2']*(1-(a['resist']*a['dt'])))+(a['dt']*(((a['x1']+a['x3'])-(2*a['x2']))*a['spring']))); a['vy2']=((a['vy2']*(1-(a['resist']*a['dt'])))+(a['dt']*((((a['y1']+a['y3'])-(2*a['y2']))*a['spring'])-a['grav']))); a['vx3']=((a['vx3']*(1-(a['resist']*a['dt'])))+(a['dt']*(((a['x2']+a['x4'])-(2*a['x3']))*a['spring']))); a['vy3']=((a['vy3']*(1-(a['resist']*a['dt'])))+(a['dt']*((((a['y2']+a['y4'])-(2*a['y3']))*a['spring'])-a['grav']))); a['vx4']=((a['vx4']*(1-(a['resist']*a['dt'])))+(a['dt']*((a['x3']-a['x4'])*a['spring']))); a['vy4']=((a['vy4']*(1-(a['resist']*a['dt'])))+(a['dt']*(((a['y3']-a['y4'])*a['spring'])-a['grav']))); a['x2']=(a['x2']+a['vx2']); a['y2']=(a['y2']+a['vy2']); a['x3']=(a['x3']+a['vx3']); a['y3']=(a['y3']+a['vy3']); a['x4']=(a['x4']+a['vx4']); a['y4']=(a['y4']+a['vy4']); a['vx2']=((Math.abs(above(a['x2'], 0))>0.00001)?(a['vx2']):((Math.abs(a['vx2'])*a['bounce']))); a['vx2']=((Math.abs(below(a['x2'], 1))>0.00001)?(a['vx2']):((-Math.abs(a['vx2'])*a['bounce']))); a['vx3']=((Math.abs(above(a['x3'], 0))>0.00001)?(a['vx3']):((Math.abs(a['vx3'])*a['bounce']))); a['vx3']=((Math.abs(below(a['x3'], 1))>0.00001)?(a['vx3']):((-Math.abs(a['vx3'])*a['bounce']))); a['vx4']=((Math.abs(above(a['x4'], 0))>0.00001)?(a['vx4']):((Math.abs(a['vx4'])*a['bounce']))); a['vx4']=((Math.abs(below(a['x4'], 1))>0.00001)?(a['vx4']):((-Math.abs(a['vx4'])*a['bounce']))); a['vy2']=((Math.abs(above(a['y2'], 0))>0.00001)?(a['vy2']):((Math.abs(a['vy2'])*a['bounce']))); a['vy2']=((Math.abs(below(a['y2'], 1))>0.00001)?(a['vy2']):((-Math.abs(a['vy2'])*a['bounce']))); a['vy3']=((Math.abs(above(a['y3'], 0))>0.00001)?(a['vy3']):((Math.abs(a['vy3'])*a['bounce']))); a['vy3']=((Math.abs(below(a['y3'], 1))>0.00001)?(a['vy3']):((-Math.abs(a['vy3'])*a['bounce']))); a['vy4']=((Math.abs(above(a['y4'], 0))>0.00001)?(a['vy4']):((Math.abs(a['vy4'])*a['bounce']))); a['vy4']=((Math.abs(below(a['y4'], 1))>0.00001)?(a['vy4']):((-Math.abs(a['vy4'])*a['bounce']))); a['q4']=a['x4']; a['q8']=a['y4']; a['q1']=a['aspectx']; a['q2']=a['aspecty']; a['zoom']=1; a['warp']=0; a['bb']=((a['bb']*0.99)+(a['bass']*0.02)); a['mm']=((a['mm']*0.99)+(a['mid']*0.02)); a['tt']=((a['tt']*0.99)+(a['treb']*0.02)); a['mx']=Math.max(Math.max(a['bb'], a['mm']), a['tt']); a['mn']=Math.min(Math.min(a['bb'], a['mm']), a['tt']); a['ob_r']=div((a['bb']-a['mn']),(a['mx']-a['mn'])); a['ob_b']=div((a['mm']-a['mn']),(a['mx']-a['mn'])); a['ob_g']=div((a['tt']-a['mn']),(a['mx']-a['mn'])); a['q6']=Math.atan2(a['vx4'], a['vy4']); a['q5']=sqrt(((a['vx4']*a['vx4'])+(a['vy4']*a['vy4']))); a['a']=((a['a']*0.95)+a['q5']); a['s']=((a['s']*0.9)+a['a']); a['q3']=(a['s']*0.1); a['monitor']=a['s']; a['wave_a']=0; a['q9']=(0.5+(0.5*Math.sin((a['time']*0.1))));",
 "pixel_eqs_str": "a['x']=(0.5+((a['x']-0.5)*a['q1'])); a['y']=(0.5+((a['y']-0.5)*a['q2'])); a['xx']=a['q4']; a['yy']=(1-a['q8']); a['dx']=0; a['dy']=0; a['d']=sqrt((((a['x']-a['xx'])*(a['x']-a['xx']))+((a['y']-a['yy'])*(a['y']-a['yy'])))); a['r']=0.11; a['v']=20; a['v2']=a['q5']; a['dx']=(((a['v']*((Math.sin((a['y']-a['yy']))*(a['d']-a['r']))-((a['x']-a['xx'])*(a['d']-div(a['r'],2)))))+(Math.cos(a['dir'])*a['v2']))*(1.00-sigmoid((a['d']-a['r']), 100))); a['dy']=(((-a['v']*((Math.sin((a['x']-a['xx']))*(a['d']-a['r']))+((a['y']-a['yy'])*(a['d']-div(a['r'],2)))))-(Math.sin(a['dir'])*a['v2']))*(1.00-sigmoid((a['d']-a['r']), 100)));",
 "baseVals": {
  "rating": 1,
  "gammaadj": 1,
  "decay": 1,
  "echo_zoom": 1,
  "echo_alpha": 0.5,
  "echo_orient": 3,
  "additivewave": 1,
  "wave_brighten": 0,
  "wave_a": 0.001,
  "wave_scale": 0.01,
  "wave_smoothing": 0.63,
  "wave_mystery": -1,
  "modwavealphastart": 0.71,
  "modwavealphaend": 1.3,
  "warpscale": 0.107,
  "zoomexp": 0.1584,
  "fshader": 1,
  "warp": 0.01,
  "wave_r": 0.65,
  "wave_g": 0.65,
  "wave_b": 0.65,
  "ob_size": 0,
  "ob_a": 1,
  "ib_r": 0,
  "ib_g": 0,
  "ib_b": 0,
  "ib_a": 1,
  "mv_x": 6.4,
  "mv_y": 43.2,
  "mv_l": 1,
  "mv_g": 0.91,
  "mv_b": 0.71,
  "mv_a": 0
 },
 "warp": "",
 "comp": ""
}