{
 "shapes": [
  {
   "baseVals": {
    "enabled": 1,
    "sides": 100,
    "rad": 0.22167,
    "r": 0.8,
    "b": 1,
    "g2": 0,
    "border_a": 0
   },
   "init_eqs_str": "a['q4'] = 0; a['q5'] = 0; ",
   "frame_eqs_str": "a['x']=(0.5+a['q4']); a['y']=(0.5+a['q5']);"
  },
  {
   "baseVals": {
    "enabled": 0
   }
  },
  {
   "baseVals": {
    "enabled": 0
   }
  },
  {
   "baseVals": {
    "enabled": 0
   }
  }
 ],
 "waves": [
  {
   "baseVals": {
    "enabled": 1,
    "thick": 1,
    "additive": 1
   },
   "init_eqs_str": "a['xp'] = 0; a['y1'] = 0; a['yp'] = 0; a['x1'] = 0; a['scale'] = 0; a['scale1'] = 0; a['q5'] = 0; a['flip'] = 0; a['q4'] = 0; a['scale2'] = 0; a['scale3'] = 0; a['x2'] = 0; a['y2'] = 0; ",
   "frame_eqs_str": "",
   "point_eqs_str": "a['flip']=(a['flip']+1); a['flip']=((Math.abs(above(a['flip'], 1))>0.00001)?(0):(a['flip'])); a['xp']=Math.sin((a['sample']*6.283)); a['yp']=Math.cos((a['sample']*6.283)); a['scale1']=Math.sin(((a['sample']*6.283)*3)); a['scale2']=Math.sin(((a['sample']*6.283)*9)); a['scale3']=Math.sin(((a['sample']*6.283)*5)); a['scale']=((a['scale1']+(a['scale2']*0.7))+(a['scale3']*0.4)); a['scale']=(a['scale']*0.5); a['xp']=(a['xp']*a['scale']); a['yp']=(a['yp']*a['scale']); a['x1']=((a['xp']*0.25)+0.5); a['y1']=(((a['yp']*0.25)*1.333)+0.5); a['x2']=(0.5+a['q4']); a['y2']=(0.5+a['q5']); a['x']=((a['x1']*a['flip'])+(a['x2']*(1-a['flip']))); a['y']=((a['y1']*a['flip'])+(a['y2']*(1-a['flip']))); a['a']=(a['flip']*0.05); a['r']=((Math.sin(a['time'])*0.5)+0.5); a['g']=((Math.sin((a['time']+2.1))*0.5)+0.5); a['b']=((Math.sin((a['time']+4.2))*0.5)+0.5);"
  },
  {
   "baseVals": {
    "enabled": 0
   }
  },
  {
   "baseVals": {
    "enabled": 0
   }
  },
  {
   "baseVals": {
    "enabled": 0
   }
  }
 ],
 "init_eqs_str": "a['beet'] = 0; a['beetcd'] = 0; a['beeta'] = 0; a['cdelay1'] = 0; a['cdelay2'] = 0; a['beetb'] = 0; a['beetc'] = 0; a['bas'] = 0; a['trebtemp'] = 0; a['bass_thresh'] = 0; a['beetab'] = 0; a['counter2'] = 0; a['treb_thresh'] = 0; a['midbeat'] = 0; a['trebb'] = 0; a['trassave'] = 0; a['q4'] = 0; a['basst'] = 0; a['colorcounter'] = 0; a['mtb'] = 0; a['bos'] = 0; a['q2'] = 0; a['counter1'] = 0; a['beetd'] = 0; a['madbeat'] = 0; a['midtb'] = 0; a['basstemp'] = 0; a['trasstemp'] = 0;",
 "frame_eqs_str": "a['wave_a']=0; a['counter1']=((Math.abs(equal(a['counter2'], 1))>0.00001)?(((Math.abs(equal(a['counter1'], 1))>0.00001)?(0):((a['counter1']+0.2)))):(1)); a['counter2']=((Math.abs(equal(a['counter1'], 1))>0.00001)?(((Math.abs(equal(a['counter2'], 1))>0.00001)?(0):((a['counter2']+0.2)))):(1)); a['cdelay1']=((Math.abs(equal(a['cdelay2'], 1))>0.00001)?(1):(((Math.abs(equal(mod(a['colorcounter'],2), 1))>0.00001)?(((Math.abs(equal(a['counter1'], 1))>0.00001)?(2):(0))):(((Math.abs(equal(a['counter2'], 1))>0.00001)?(2):(0)))))); a['cdelay2']=((Math.abs(equal(a['cdelay1'], 2))>0.00001)?(1):(0)); a['colorcounter']=((Math.abs(above(a['colorcounter'], 7))>0.00001)?(0):(((Math.abs(equal(a['cdelay1'], 1))>0.00001)?((a['colorcounter']+1)):(a['colorcounter'])))); a['ob_r']=(0.5*((Math.abs(equal(a['colorcounter'], 1))>0.00001)?(1):(((Math.abs(equal(a['colorcounter'], 2))>0.00001)?(1):(((Math.abs(equal(a['colorcounter'], 3))>0.00001)?(1):(((Math.abs(equal(a['colorcounter'], 4))>0.00001)?(Math.sin((a['counter2']+2.1))):(((Math.abs(equal(a['colorcounter'], 5))>0.00001)?(0):(((Math.abs(equal(a['colorcounter'], 6))>0.00001)?(0):(Math.sin(a['counter1'])))))))))))))); a['ob_g']=(0.5*((Math.abs(equal(a['colorcounter'], 1))>0.00001)?(0):(((Math.abs(equal(a['colorcounter'], 2))>0.00001)?(Math.sin((a['counter2']*0.5))):(((Math.abs(equal(a['colorcounter'], 3))>0.00001)?(Math.sin(((a['counter1']+1.75)*0.4))):(((Math.abs(equal(a['colorcounter'], 4))>0.00001)?(1):(((Math.abs(equal(a['colorcounter'], 5))>0.00001)?(1):(((Math.abs(equal(a['colorcounter'], 6))>0.00001)?(Math.sin((a['counter2']+2))):(0))))))))))))); a['ob_b']=((Math.abs(equal(a['colorcounter'], 1))>0.00001)?(Math.sin((a['counter1']+2.1))):(((Math.abs(equal(a['colorcounter'], 2))>0.00001)?(0):(((Math.abs(equal(a['colorcounter'], 3))>0.00001)?(0):(((Math.abs(equal(a['colorcounter'], 4))>0.00001)?(0):(((Math.abs(equal(a['colorcounter'], 5))>0.00001)?(Math.sin(a['counter1'])):(((Math.abs(equal(a['colorcounter'], 6))>0.00001)?(1):(1)))))))))))); a['ib_r']=(a['ob_r']*1.001); a['ib_g']=(a['ob_g']*1.001); a['ib_b']=(a['ob_b']*1.001); a['decay']=0.9999; a['basstemp']=((a['bass']+a['bass_att'])+a['bass_thresh']); a['trebtemp']=((a['treb']+a['treb_att'])+a['treb_thresh']); a['trasstemp']=Math.max(a['basstemp'], a['trebtemp']); a['trassave']=div(a['trasstemp'],3); a['basst']=Math.max((a['bass']+a['bass_att']), (a['treb']+a['treb_att'])); a['trebb']=Math.min((a['basst']+a['bass_thresh']), (a['basst']+a['treb_thresh'])); a['midbeat']=div(a['trebb'],3); a['midtb']=Math.max((a['midbeat']+a['mid']), (a['midbeat']+a['mid_att'])); a['mtb']=div(a['midtb'],2.25); a['beeta']=div((Math.max(a['treb'], a['bass'])+Math.min(a['treb_att'], a['bass_att'])),2); a['beetb']=div((Math.max(a['mid'], a['beeta'])+Math.min(a['mid_att'], (a['beeta']*0.5))),2); a['beetab']=div((a['beeta']+a['beetb']),2); a['beetc']=div((Math.max(a['mid'], a['treb'])+Math.min(a['mid_att'], a['treb_att'])),2); a['beetd']=div((Math.max(a['bass'], a['beetc'])+Math.min(a['bass_att'], (a['beetc']*0.5))),2); a['beetcd']=div((a['beetc']+a['beetd']),2); a['beet']=div((a['beetab']+a['beetcd']),2); a['madbeat']=div(((a['trassave']+a['mtb'])+a['beet']),3);",
 "pixel_eqs_str": "a['rot']=(a['rot']+(0.05*Math.sin((a['rad']-((a['time']*0.1)+a['bas']))))); a['bas']=(a['bass']*2.5); a['bos']=a['bass']; a['warp']=(((a['bos']+a['bass'])+a['bass'])*0.1); a['cx']=((a['cx']+a['treb'])*0.5); a['q2']=(a['q4']*(a['bass']+0.25)); a['warp']=(a['q4']-a['q2']); a['dx']=(a['dy']+0.01); a['dy']=(a['dx']-0.01); a['basstemp']=((a['bass']+a['bass_att'])+a['bass_thresh']); a['trebtemp']=((a['treb']+a['treb_att'])+a['treb_thresh']); a['trasstemp']=Math.max(a['basstemp'], a['trebtemp']); a['trassave']=div(a['trasstemp'],3); a['basst']=Math.max((a['bass']+a['bass_att']), (a['treb']+a['treb_att'])); a['trebb']=Math.min((a['basst']+a['bass_thresh']), (a['basst']+a['treb_thresh'])); a['midbeat']=div(a['trebb'],3); a['midtb']=Math.max((a['midbeat']+a['mid']), (a['midbeat']+a['mid_att'])); a['mtb']=div(a['midtb'],2.25); a['beeta']=div((Math.max(a['treb'], a['bass'])+Math.min(a['treb_att'], a['bass_att'])),2); a['beetb']=div((Math.max(a['mid'], a['beeta'])+Math.min(a['mid_att'], (a['beeta']*0.5))),2); a['beetab']=div((a['beeta']+a['beetb']),2); a['beetc']=div((Math.max(a['mid'], a['treb'])+Math.min(a['mid_att'], a['treb_att'])),2); a['beetd']=div((Math.max(a['bass'], a['beetc'])+Math.min(a['bass_att'], (a['beetc']*0.5))),2); a['beetcd']=div((a['beetc']+a['beetd']),2); a['beet']=div((a['beetab']+a['beetcd']),2); a['madbeat']=div(((a['trassave']+a['mtb'])+a['beet']),3);",
 "baseVals": {
  "rating": 1,
  "gammaadj": 1,
  "decay": 1,
  "echo_zoom": 1,
  "echo_alpha": 0.5,
  "echo_orient": 3,
  "additivewave": 1,
  "wave_brighten": 0,
  "wave_a": 0.001,
  "wave_scale": 0.01,
  "wave_smoothing": 0.63,
  "wave_mystery": -1,
  "modwavealphastart": 0.71,
  "modwavealphaend": 1.3,
  "warpscale": 1.331,
  "fshader": 1,
  "zoom": 0.99951,
  "warp": 0.01,
  "wave_r": 0.65,
  "wave_g": 0.65,
  "wave_b": 0.65,
  "ob_r": 0.01,
  "ob_a": 1,
  "ib_size": 0.02,
  "ib_a": 1,
  "mv_x": 6.4,
  "mv_y": 43.2,
  "mv_l": 1,
  "mv_g": 0.91,
  "mv_b": 0.71,
  "mv_a": 0
 },
 "warp": "",
 "comp": ""
}