{
 "shapes": [
  {
   "baseVals": {
    "enabled": 1,
    "additive": 1,
    "thickoutline": 1,
    "textured": 1,
    "rad": 1.51263,
    "tex_zoom": 0.7345,
    "r": 0.01,
    "g": 0.01,
    "b": 0.01,
    "r2": 0.05,
    "g2": 0.05,
    "b2": 0.05,
    "a2": 1,
    "border_r": 0.2,
    "border_g": 0.2,
    "border_b": 0.2,
    "border_a": 1
   },
   "init_eqs_str": "a['r3'] = 0; a['g3'] = 0; a['b3'] = 0; a['coef'] = 0; ",
   "frame_eqs_str": "a['r3']=(1-Math.abs(Math.cos((((a['time']*3.243)+0.434)+Math.sin(((a['time']*1.23)+4.324)))))); a['g3']=(1-Math.abs(Math.cos((((a['time']*2.03)+1.546)+Math.cos(((a['time']*3.01)+1.98)))))); a['b3']=(1-Math.abs(Math.sin((((a['time']*2.54)+0.65)+Math.sin(((a['time']*3.77)+8)))))); a['coef']=(0.1+(0.05*div(75,a['fps']))); a['r']=(a['coef']*a['b3']); a['g']=(a['coef']*a['r3']); a['b']=(a['coef']*a['g3']); a['r2']=(0.05*a['g']); a['g2']=(0.05*a['b']); a['b2']=(0.05*a['r']);"
  },
  {
   "baseVals": {
    "enabled": 1,
    "sides": 100,
    "thickoutline": 1,
    "rad": 0.80812,
    "tex_zoom": 0.99999,
    "r": 0,
    "r2": 0.21,
    "g2": 0.21,
    "b2": 0.21,
    "a2": 1,
    "border_r": 0,
    "border_g": 0,
    "border_b": 0,
    "border_a": 1
   },
   "init_eqs_str": "a['sw'] = 0; a['xx'] = 0; a['yy'] = 0; a['rr'] = 0; a['var'] = 0; ",
   "frame_eqs_str": "a['sw']=mod(a['frame'],2); a['xx']=0.5; a['yy']=((a['sw']*0.325)+((1-a['sw'])*0.8)); a['rr']=((a['sw']*1)+((1-a['sw'])*0.5)); a['var']=((a['sw']*a['mid'])+((1-a['sw'])*a['treb'])); a['r']=0; a['g']=a['r']; a['b']=a['r']; a['r2']=(0.15+(0.03*a['var'])); a['g2']=a['r2']; a['b2']=a['r2']; a['r']=((a['sw']*a['r'])+((1-a['sw'])*(a['r']+0.1))); a['g']=((a['sw']*a['g'])+((1-a['sw'])*(a['g']+0.1))); a['b']=((a['sw']*a['b'])+((1-a['sw'])*(a['b']+0.1))); a['r2']=((a['sw']*a['r2'])+((1-a['sw'])*(a['r2']+0.1))); a['g2']=((a['sw']*a['g2'])+((1-a['sw'])*(a['g2']+0.1))); a['b2']=((a['sw']*a['b2'])+((1-a['sw'])*(a['b2']+0.1))); a['rad']=((0.6667*a['rr'])*(0.8+(0.04*a['var']))); a['a']=0.6; a['a2']=a['a']; a['border_a']=a['a']; a['x']=a['xx']; a['y']=a['yy'];"
  },
  {
   "baseVals": {
    "enabled": 1,
    "sides": 100,
    "thickoutline": 1,
    "rad": 0.22167,
    "r": 0.13,
    "g": 0.13,
    "b": 0.13,
    "r2": 0.05,
    "g2": 0.05,
    "b2": 0.05,
    "a2": 1,
    "border_r": 0,
    "border_g": 0,
    "border_b": 0,
    "border_a": 1
   },
   "init_eqs_str": "a['ssw'] = 0; a['sw'] = 0; a['xx'] = 0; a['yy'] = 0; a['rr'] = 0; a['var'] = 0; ",
   "frame_eqs_str": "a['ssw']=below(mod(a['frame'],4), 2); a['sw']=mod(a['frame'],2); a['xx']=0.5; a['yy']=((a['sw']*0.325)+((1-a['sw'])*0.8)); a['rr']=((a['sw']*1)+((1-a['sw'])*0.75)); a['var']=((a['ssw']*a['bass'])+((1-a['ssw'])*a['treb'])); a['rad']=((0.6667*a['rr'])*(0.2+(0.02*a['var']))); a['rad']=((a['sw']*a['rad'])+(((1-a['sw'])*a['rad'])*0.85)); a['r']=(0.13+(0.02*a['var'])); a['g']=a['r']; a['b']=a['r']; a['r']=(((1-a['sw'])*(a['r']+0.2))+(a['sw']*a['r'])); a['g']=(((1-a['sw'])*(a['g']+0.2))+(a['sw']*a['g'])); a['b']=(((1-a['sw'])*(a['b']+0.2))+(a['sw']*a['b'])); a['a']=0.6; a['a2']=a['a']; a['border_a']=a['a']; a['x']=a['xx']; a['y']=a['yy'];"
  },
  {
   "baseVals": {
    "enabled": 1,
    "sides": 100,
    "additive": 1,
    "x": 0.52,
    "y": 0.53,
    "rad": 0.16611,
    "r": 0.23,
    "g": 0.23,
    "b": 0.23,
    "g2": 0,
    "border_r": 0,
    "border_g": 0,
    "border_b": 0,
    "border_a": 0
   },
   "init_eqs_str": "a['ssw'] = 0; a['sw'] = 0; a['xx'] = 0; a['yy'] = 0; a['rr'] = 0; a['var'] = 0; ",
   "frame_eqs_str": "a['ssw']=below(mod(a['frame'],4), 2); a['sw']=mod(a['frame'],2); a['xx']=0.5; a['yy']=((a['ssw']*0.325)+((1-a['ssw'])*0.8)); a['rr']=((a['ssw']*1)+((1-a['ssw'])*0.5)); a['var']=((a['ssw']*a['bass'])+((1-a['ssw'])*a['treb'])); a['x']=((a['sw']*(a['xx']+(a['rr']*(0.02+(0.005*a['var'])))))+((1-a['sw'])*(a['xx']-(a['rr']*(0.1-(0.01*a['var'])))))); a['y']=((a['sw']*(a['yy']+(a['rr']*(0.03+(0.005*a['var'])))))+((1-a['sw'])*(a['yy']-(a['rr']*(0.2-(0.01*a['var'])))))); a['rad']=(a['rr']*((a['sw']*0.16)+((1-a['sw'])*0.5))); a['rad']=((a['rad']*a['ssw'])+(((1-a['ssw'])*a['rad'])*0.6)); a['r']=((a['sw']*0.23)+((1-a['sw'])*0.15)); a['g']=a['r']; a['b']=a['r']; a['x']=(((a['x']-a['xx'])*0.667)+a['xx']); a['y']=(((a['y']-a['yy'])*0.667)+a['yy']);"
  }
 ],
 "waves": [
  {
   "baseVals": {
    "enabled": 1,
    "additive": 1,
    "scaling": 0.99999,
    "smoothing": 0
   },
   "init_eqs_str": "a['y1'] = 0; a['t5'] = 0; a['t1'] = 0; a['x1'] = 0; a['q6'] = 0; a['q1'] = 0; a['q5'] = 0; a['t8'] = 0; a['v'] = 0; a['sc'] = 0; a['t3'] = 0; a['t6'] = 0; a['q4'] = 0; a['t7'] = 0; a['oy'] = 0; a['t2'] = 0; a['q2'] = 0; a['z1'] = 0; a['q3'] = 0; a['t4'] = 0; a['q7'] = 0; a['ox'] = 0; a['q8'] = 0; ",
   "frame_eqs_str": "a['r']=Math.abs(Math.cos((((a['time']*3.243)+0.434)+Math.sin(((a['time']*1.23)+4.324))))); a['g']=Math.abs(Math.cos((((a['time']*2.03)+1.546)+Math.cos(((a['time']*3.01)+1.98))))); a['b']=Math.abs(Math.sin((((a['time']*2.54)+0.65)+Math.sin(((a['time']*3.77)+8))))); a['t8']=(-30+(40*a['q7'])); a['v']=(((1-a['q8'])*a['v'])+div(((a['q8']*(-1+(2*mod(a['frame'],2))))*a['q6']),50)); a['t2']=Math.max(1, a['v']); a['sc']=(((1-a['q8'])*a['sc'])+(a['q8']*(20*((a['bass']+a['mid'])+a['treb'])))); a['t3']=Math.min(a['sc'], 100);",
   "point_eqs_str": "a['x1']=(0.5*a['value1']); a['z1']=(a['t8']+(2.5*(a['sample']+0))); a['y1']=((below(a['q3'], 3)*3)*Math.sin(((1.5708*a['z1'])-(a['time']*2)))); a['t1']=((a['z1']*a['q6'])*0.0083); a['t7']=Math.cos(a['t1']); a['t6']=Math.sin(a['t1']); a['t5']=Math.cos((100*a['t1'])); a['t4']=Math.sin((100*a['t1'])); a['x1']=(a['x1']-((0.05*below(a['q3'], 1))*Math.sin(((4.1887*a['y1'])+a['time'])))); a['x1']=(a['x1']+(((equal(a['q3'], -1)*sign(a['q3']))*a['q4'])*((a['y1']*a['y1'])*0.1111))); a['x1']=(a['x1']+(((equal(a['q3'], 0)*2)*(a['q4']+1))*a['t7'])); a['y1']=(a['y1']+(((equal(a['q3'], 0)*(a['q4']+1))*1.2)*a['t6'])); a['x1']=(a['x1']+((equal(a['q3'], 2)*0.1)*(a['t5']-a['t4']))); a['y1']=(a['y1']+((equal(a['q3'], 2)*0.12)*(a['t5']+a['t4']))); a['x1']=(a['x1']+(equal(a['q3'], 1)*((a['x1']-(0.5*a['value1']))+(0.1*Math.cos((209.4367*a['y1'])))))); a['x1']=(a['x1']+((equal(a['q3'], 3)*((a['q4']*0.5)+a['value2']))*Math.cos((a['t2']*((6.2831*a['sample'])+(a['time']*75)))))); a['y1']=(a['y1']+((equal(a['q3'], 3)*((a['q4']*0.5)+a['value1']))*Math.sin((a['t2']*((6.2831*a['sample'])+(a['time']*75)))))); a['ox']=a['x1']; a['oy']=a['y1']; a['x1']=(a['x1']+(below(a['q3'], 3)*((-a['x1']+(a['ox']*Math.cos(a['q5'])))-(a['oy']*Math.sin(a['q5']))))); a['y1']=(a['y1']+(below(a['q3'], 3)*((-a['y1']+(a['ox']*Math.sin(a['q5'])))+(a['oy']*Math.cos(a['q5']))))); a['x1']=(a['x1']-a['q1']); a['y1']=(a['y1']-a['q2']); a['x']=(0.5*(1+div(a['x1'],(a['z1']-10)))); a['y']=(0.5*(1+div(a['y1'],(a['z1']-10)))); a['a']=(below(a['z1'], 9)*pow((1-(Math.abs((a['z1']-9))*0.025)), 2.5));"
  },
  {
   "baseVals": {
    "enabled": 1,
    "additive": 1,
    "scaling": 0.99999,
    "smoothing": 0
   },
   "init_eqs_str": "a['y1'] = 0; a['t5'] = 0; a['t1'] = 0; a['x1'] = 0; a['q6'] = 0; a['q1'] = 0; a['q5'] = 0; a['t8'] = 0; a['v'] = 0; a['sc'] = 0; a['t3'] = 0; a['t6'] = 0; a['q4'] = 0; a['t7'] = 0; a['oy'] = 0; a['t2'] = 0; a['q2'] = 0; a['z1'] = 0; a['q3'] = 0; a['t4'] = 0; a['q7'] = 0; a['ox'] = 0; a['q8'] = 0; ",
   "frame_eqs_str": "a['r']=Math.abs(Math.cos((((a['time']*3.243)+0.434)+Math.sin(((a['time']*1.23)+4.324))))); a['g']=Math.abs(Math.cos((((a['time']*2.03)+1.546)+Math.cos(((a['time']*3.01)+1.98))))); a['b']=Math.abs(Math.sin((((a['time']*2.54)+0.65)+Math.sin(((a['time']*3.77)+8))))); a['t8']=(-30+(40*a['q7'])); a['v']=(((1-a['q8'])*a['v'])+div(((a['q8']*(-1+(2*mod(a['frame'],2))))*a['q6']),50)); a['t2']=Math.max(1, a['v']); a['sc']=(((1-a['q8'])*a['sc'])+(a['q8']*(20*((a['bass']+a['mid'])+a['treb'])))); a['t3']=Math.min(a['sc'], 100);",
   "point_eqs_str": "a['x1']=(0.5*a['value1']); a['z1']=(a['t8']+(2.5*(a['sample']+1))); a['y1']=((below(a['q3'], 3)*3)*Math.sin(((1.5708*a['z1'])-(a['time']*2)))); a['t1']=((a['z1']*a['q6'])*0.0083); a['t7']=Math.cos(a['t1']); a['t6']=Math.sin(a['t1']); a['t5']=Math.cos((100*a['t1'])); a['t4']=Math.sin((100*a['t1'])); a['x1']=(a['x1']-((0.05*below(a['q3'], 1))*Math.sin(((4.1887*a['y1'])+a['time'])))); a['x1']=(a['x1']+(((equal(a['q3'], -1)*sign(a['q3']))*a['q4'])*((a['y1']*a['y1'])*0.1111))); a['x1']=(a['x1']+(((equal(a['q3'], 0)*2)*(a['q4']+1))*a['t7'])); a['y1']=(a['y1']+(((equal(a['q3'], 0)*(a['q4']+1))*1.2)*a['t6'])); a['x1']=(a['x1']+((equal(a['q3'], 2)*0.1)*(a['t5']-a['t4']))); a['y1']=(a['y1']+((equal(a['q3'], 2)*0.12)*(a['t5']+a['t4']))); a['x1']=(a['x1']+(equal(a['q3'], 1)*((a['x1']-(0.5*a['value1']))+(0.1*Math.cos((209.4367*a['y1'])))))); a['x1']=(a['x1']+((equal(a['q3'], 3)*((a['q4']*0.5)+a['value2']))*Math.cos((a['t2']*((6.2831*a['sample'])+(a['time']*75)))))); a['y1']=(a['y1']+((equal(a['q3'], 3)*((a['q4']*0.5)+a['value1']))*Math.sin((a['t2']*((6.2831*a['sample'])+(a['time']*75)))))); a['ox']=a['x1']; a['oy']=a['y1']; a['x1']=(a['x1']+(below(a['q3'], 3)*((-a['x1']+(a['ox']*Math.cos(a['q5'])))-(a['oy']*Math.sin(a['q5']))))); a['y1']=(a['y1']+(below(a['q3'], 3)*((-a['y1']+(a['ox']*Math.sin(a['q5'])))+(a['oy']*Math.cos(a['q5']))))); a['x1']=(a['x1']-a['q1']); a['y1']=(a['y1']-a['q2']); a['x']=(0.5*(1+div(a['x1'],(a['z1']-10)))); a['y']=(0.5*(1+div(a['y1'],(a['z1']-10)))); a['a']=(below(a['z1'], 9)*pow((1-(Math.abs((a['z1']-9))*0.025)), 2.5));"
  },
  {
   "baseVals": {
    "enabled": 1,
    "additive": 1,
    "scaling": 0.99999,
    "smoothing": 0
   },
   "init_eqs_str": "a['y1'] = 0; a['t5'] = 0; a['t1'] = 0; a['x1'] = 0; a['q6'] = 0; a['q1'] = 0; a['q5'] = 0; a['t8'] = 0; a['v'] = 0; a['sc'] = 0; a['t3'] = 0; a['t6'] = 0; a['q4'] = 0; a['t7'] = 0; a['oy'] = 0; a['t2'] = 0; a['q2'] = 0; a['z1'] = 0; a['q3'] = 0; a['t4'] = 0; a['q7'] = 0; a['ox'] = 0; a['q8'] = 0; ",
   "frame_eqs_str": "a['r']=Math.abs(Math.cos((((a['time']*3.243)+0.434)+Math.sin(((a['time']*1.23)+4.324))))); a['g']=Math.abs(Math.cos((((a['time']*2.03)+1.546)+Math.cos(((a['time']*3.01)+1.98))))); a['b']=Math.abs(Math.sin((((a['time']*2.54)+0.65)+Math.sin(((a['time']*3.77)+8))))); a['t8']=(-30+(40*a['q7'])); a['v']=(((1-a['q8'])*a['v'])+div(((a['q8']*(-1+(2*mod(a['frame'],2))))*a['q6']),50)); a['t2']=Math.max(1, a['v']); a['sc']=(((1-a['q8'])*a['sc'])+(a['q8']*(20*((a['bass']+a['mid'])+a['treb'])))); a['t3']=Math.min(a['sc'], 100);",
   "point_eqs_str": "a['x1']=(0.5*a['value1']); a['z1']=(a['t8']+(2.5*(a['sample']+2))); a['y1']=((below(a['q3'], 3)*3)*Math.sin(((1.5708*a['z1'])-(a['time']*2)))); a['t1']=((a['z1']*a['q6'])*0.0083); a['t7']=Math.cos(a['t1']); a['t6']=Math.sin(a['t1']); a['t5']=Math.cos((100*a['t1'])); a['t4']=Math.sin((100*a['t1'])); a['x1']=(a['x1']-((0.05*below(a['q3'], 1))*Math.sin(((4.1887*a['y1'])+a['time'])))); a['x1']=(a['x1']+(((equal(a['q3'], -1)*sign(a['q3']))*a['q4'])*((a['y1']*a['y1'])*0.1111))); a['x1']=(a['x1']+(((equal(a['q3'], 0)*2)*(a['q4']+1))*a['t7'])); a['y1']=(a['y1']+(((equal(a['q3'], 0)*(a['q4']+1))*1.2)*a['t6'])); a['x1']=(a['x1']+((equal(a['q3'], 2)*0.1)*(a['t5']-a['t4']))); a['y1']=(a['y1']+((equal(a['q3'], 2)*0.12)*(a['t5']+a['t4']))); a['x1']=(a['x1']+(equal(a['q3'], 1)*((a['x1']-(0.5*a['value1']))+(0.1*Math.cos((209.4367*a['y1'])))))); a['x1']=(a['x1']+((equal(a['q3'], 3)*((a['q4']*0.5)+a['value2']))*Math.cos((a['t2']*((6.2831*a['sample'])+(a['time']*75)))))); a['y1']=(a['y1']+((equal(a['q3'], 3)*((a['q4']*0.5)+a['value1']))*Math.sin((a['t2']*((6.2831*a['sample'])+(a['time']*75)))))); a['ox']=a['x1']; a['oy']=a['y1']; a['x1']=(a['x1']+(below(a['q3'], 3)*((-a['x1']+(a['ox']*Math.cos(a['q5'])))-(a['oy']*Math.sin(a['q5']))))); a['y1']=(a['y1']+(below(a['q3'], 3)*((-a['y1']+(a['ox']*Math.sin(a['q5'])))+(a['oy']*Math.cos(a['q5']))))); a['x1']=(a['x1']-a['q1']); a['y1']=(a['y1']-a['q2']); a['x']=(0.5*(1+div(a['x1'],(a['z1']-10)))); a['y']=(0.5*(1+div(a['y1'],(a['z1']-10)))); a['a']=(below(a['z1'], 9)*pow((1-(Math.abs((a['z1']-9))*0.025)), 2.5));"
  },
  {
   "baseVals": {
    "enabled": 1,
    "additive": 1,
    "scaling": 0.99999,
    "smoothing": 0
   },
   "init_eqs_str": "a['y1'] = 0; a['t5'] = 0; a['t1'] = 0; a['x1'] = 0; a['q6'] = 0; a['q1'] = 0; a['q5'] = 0; a['t8'] = 0; a['v'] = 0; a['sc'] = 0; a['t3'] = 0; a['t6'] = 0; a['q4'] = 0; a['t7'] = 0; a['oy'] = 0; a['t2'] = 0; a['q2'] = 0; a['z1'] = 0; a['q3'] = 0; a['t4'] = 0; a['q7'] = 0; a['ox'] = 0; a['q8'] = 0; ",
   "frame_eqs_str": "a['r']=Math.abs(Math.cos((((a['time']*3.243)+0.434)+Math.sin(((a['time']*1.23)+4.324))))); a['g']=Math.abs(Math.cos((((a['time']*2.03)+1.546)+Math.cos(((a['time']*3.01)+1.98))))); a['b']=Math.abs(Math.sin((((a['time']*2.54)+0.65)+Math.sin(((a['time']*3.77)+8))))); a['t8']=(-30+(40*a['q7'])); a['v']=(((1-a['q8'])*a['v'])+div(((a['q8']*(-1+(2*mod(a['frame'],2))))*a['q6']),50)); a['t2']=Math.max(1, a['v']); a['sc']=(((1-a['q8'])*a['sc'])+(a['q8']*(20*((a['bass']+a['mid'])+a['treb'])))); a['t3']=Math.min(a['sc'], 100);",
   "point_eqs_str": "a['x1']=(0.5*a['value1']); a['z1']=(a['t8']+(2.5*(a['sample']+3))); a['y1']=((below(a['q3'], 3)*3)*Math.sin(((1.5708*a['z1'])-(a['time']*2)))); a['t1']=((a['z1']*a['q6'])*0.0083); a['t7']=Math.cos(a['t1']); a['t6']=Math.sin(a['t1']); a['t5']=Math.cos((100*a['t1'])); a['t4']=Math.sin((100*a['t1'])); a['x1']=(a['x1']-((0.05*below(a['q3'], 1))*Math.sin(((4.1887*a['y1'])+a['time'])))); a['x1']=(a['x1']+(((equal(a['q3'], -1)*sign(a['q3']))*a['q4'])*((a['y1']*a['y1'])*0.1111))); a['x1']=(a['x1']+(((equal(a['q3'], 0)*2)*(a['q4']+1))*a['t7'])); a['y1']=(a['y1']+(((equal(a['q3'], 0)*(a['q4']+1))*1.2)*a['t6'])); a['x1']=(a['x1']+((equal(a['q3'], 2)*0.1)*(a['t5']-a['t4']))); a['y1']=(a['y1']+((equal(a['q3'], 2)*0.12)*(a['t5']+a['t4']))); a['x1']=(a['x1']+(equal(a['q3'], 1)*((a['x1']-(0.5*a['value1']))+(0.1*Math.cos((209.4367*a['y1'])))))); a['x1']=(a['x1']+((equal(a['q3'], 3)*((a['q4']*0.5)+a['value2']))*Math.cos((a['t2']*((6.2831*a['sample'])+(a['time']*75)))))); a['y1']=(a['y1']+((equal(a['q3'], 3)*((a['q4']*0.5)+a['value1']))*Math.sin((a['t2']*((6.2831*a['sample'])+(a['time']*75)))))); a['ox']=a['x1']; a['oy']=a['y1']; a['x1']=(a['x1']+(below(a['q3'], 3)*((-a['x1']+(a['ox']*Math.cos(a['q5'])))-(a['oy']*Math.sin(a['q5']))))); a['y1']=(a['y1']+(below(a['q3'], 3)*((-a['y1']+(a['ox']*Math.sin(a['q5'])))+(a['oy']*Math.cos(a['q5']))))); a['x1']=(a['x1']-a['q1']); a['y1']=(a['y1']-a['q2']); a['x']=(0.5*(1+div(a['x1'],(a['z1']-10)))); a['y']=(0.5*(1+div(a['y1'],(a['z1']-10)))); a['a']=(below(a['z1'], 9)*pow((1-(Math.abs((a['z1']-9))*0.025)), 2.5));"
  }
 ],
 "init_eqs_str": "a['d'] = 0; a['y3'] = 0; a['y1'] = 0; a['xx'] = 0; a['s'] = 0; a['x1'] = 0; a['vx3'] = 0; a['q6'] = 0; a['dt'] = 0; a['q1'] = 0; a['q5'] = 0; a['q9'] = 0; a['v'] = 0; a['vx4'] = 0; a['mm'] = 0; a['tt'] = 0; a['grav'] = 0; a['x3'] = 0; a['xx2'] = 0; a['q4'] = 0; a['a'] = 0; a['yy1'] = 0; a['vy4'] = 0; a['dir'] = 0; a['bounce'] = 0; a['x4'] = 0; a['r'] = 0; a['x2'] = 0; a['mx'] = 0; a['mn'] = 0; a['vy2'] = 0; a['y2'] = 0; a['bb'] = 0; a['q2'] = 0; a['spring'] = 0; a['vx2'] = 0; a['q3'] = 0; a['resist'] = 0; a['yy'] = 0; a['y4'] = 0; a['vy3'] = 0; a['xx1'] = 0; a['v2'] = 0; a['q8'] = 0; a['q11']=div(0.5,Math.asin(1));",
 "frame_eqs_str": "a['ib_r']=((Math.sin(((a['time']*1.25)*4))*0.3)+0.7); a['ib_g']=((Math.sin((a['time']*4))*0.3)+0.3); a['ib_b']=((Math.sin((div(a['time'],3)*4))*0.5)+0.5); a['xx1']=((a['xx1']*0.9)+(a['bass']*0.01)); a['xx2']=((a['xx2']*0.9)+(a['treb']*0.01)); a['yy1']=((a['yy1']*0.94)+((a['treb']+a['bass'])*0.0075)); a['x1']=(0.5+((a['xx1']-a['xx2'])*2)); a['y1']=(0.4+a['yy1']); a['x1']=Math.max(0, Math.min(1, a['x1'])); a['y1']=Math.max(0, Math.min(1, a['y1'])); a['spring']=10; a['grav']=0.5; a['resist']=1; a['bounce']=0.75; a['dt']=(0.0002*div(60,a['fps'])); a['vx2']=((a['vx2']*(1-(a['resist']*a['dt'])))+(a['dt']*(((a['x1']+a['x3'])-(2*a['x2']))*a['spring']))); a['vy2']=((a['vy2']*(1-(a['resist']*a['dt'])))+(a['dt']*((((a['y1']+a['y3'])-(2*a['y2']))*a['spring'])-a['grav']))); a['vx3']=((a['vx3']*(1-(a['resist']*a['dt'])))+(a['dt']*(((a['x2']+a['x4'])-(2*a['x3']))*a['spring']))); a['vy3']=((a['vy3']*(1-(a['resist']*a['dt'])))+(a['dt']*((((a['y2']+a['y4'])-(2*a['y3']))*a['spring'])-a['grav']))); a['vx4']=((a['vx4']*(1-(a['resist']*a['dt'])))+(a['dt']*((a['x3']-a['x4'])*a['spring']))); a['vy4']=((a['vy4']*(1-(a['resist']*a['dt'])))+(a['dt']*(((a['y3']-a['y4'])*a['spring'])-a['grav']))); a['x2']=(a['x2']+a['vx2']); a['y2']=(a['y2']+a['vy2']); a['x3']=(a['x3']+a['vx3']); a['y3']=(a['y3']+a['vy3']); a['x4']=(a['x4']+a['vx4']); a['y4']=(a['y4']+a['vy4']); a['vx2']=((Math.abs(above(a['x2'], 0))>0.00001)?(a['vx2']):((Math.abs(a['vx2'])*a['bounce']))); a['vx2']=((Math.abs(below(a['x2'], 1))>0.00001)?(a['vx2']):((-Math.abs(a['vx2'])*a['bounce']))); a['vx3']=((Math.abs(above(a['x3'], 0))>0.00001)?(a['vx3']):((Math.abs(a['vx3'])*a['bounce']))); a['vx3']=((Math.abs(below(a['x3'], 1))>0.00001)?(a['vx3']):((-Math.abs(a['vx3'])*a['bounce']))); a['vx4']=((Math.abs(above(a['x4'], 0))>0.00001)?(a['vx4']):((Math.abs(a['vx4'])*a['bounce']))); a['vx4']=((Math.abs(below(a['x4'], 1))>0.00001)?(a['vx4']):((-Math.abs(a['vx4'])*a['bounce']))); a['vy2']=((Math.abs(above(a['y2'], 0))>0.00001)?(a['vy2']):((Math.abs(a['vy2'])*a['bounce']))); a['vy2']=((Math.abs(below(a['y2'], 1))>0.00001)?(a['vy2']):((-Math.abs(a['vy2'])*a['bounce']))); a['vy3']=((Math.abs(above(a['y3'], 0))>0.00001)?(a['vy3']):((Math.abs(a['vy3'])*a['bounce']))); a['vy3']=((Math.abs(below(a['y3'], 1))>0.00001)?(a['vy3']):((-Math.abs(a['vy3'])*a['bounce']))); a['vy4']=((Math.abs(above(a['y4'], 0))>0.00001)?(a['vy4']):((Math.abs(a['vy4'])*a['bounce']))); a['vy4']=((Math.abs(below(a['y4'], 1))>0.00001)?(a['vy4']):((-Math.abs(a['vy4'])*a['bounce']))); a['q4']=a['x4']; a['q8']=a['y4']; a['q1']=a['aspectx']; a['q2']=a['aspecty']; a['zoom']=1; a['warp']=0; a['bb']=((a['bb']*0.99)+(a['bass']*0.02)); a['mm']=((a['mm']*0.99)+(a['mid']*0.02)); a['tt']=((a['tt']*0.99)+(a['treb']*0.02)); a['mx']=Math.max(Math.max(a['bb'], a['mm']), a['tt']); a['mn']=Math.min(Math.min(a['bb'], a['mm']), a['tt']); a['ob_r']=div((a['bb']-a['mn']),(a['mx']-a['mn'])); a['ob_b']=div((a['mm']-a['mn']),(a['mx']-a['mn'])); a['ob_g']=div((a['tt']-a['mn']),(a['mx']-a['mn'])); a['q6']=Math.atan2(a['vx4'], a['vy4']); a['q5']=sqrt(((a['vx4']*a['vx4'])+(a['vy4']*a['vy4']))); a['a']=((a['a']*0.95)+a['q5']); a['s']=((a['s']*0.9)+a['a']); a['q3']=(a['s']*0.1); a['monitor']=a['s']; a['wave_a']=0; a['q9']=(0.5+(0.5*Math.sin((a['time']*0.1))));",
 "pixel_eqs_str": "a['x']=(0.5+((a['x']-0.5)*a['q1'])); a['y']=(0.5+((a['y']-0.5)*a['q2'])); a['xx']=a['q4']; a['yy']=(1-a['q8']); a['dx']=0; a['dy']=0; a['d']=sqrt((((a['x']-a['xx'])*(a['x']-a['xx']))+((a['y']-a['yy'])*(a['y']-a['yy'])))); a['r']=0.11; a['v']=20; a['v2']=a['q5']; a['dx']=(((a['v']*((Math.sin((a['y']-a['yy']))*(a['d']-a['r']))-((a['x']-a['xx'])*(a['d']-div(a['r'],2)))))+(Math.cos(a['dir'])*a['v2']))*(1.00-sigmoid((a['d']-a['r']), 100))); a['dy']=(((-a['v']*((Math.sin((a['x']-a['xx']))*(a['d']-a['r']))+((a['y']-a['yy'])*(a['d']-div(a['r'],2)))))-(Math.sin(a['dir'])*a['v2']))*(1.00-sigmoid((a['d']-a['r']), 100)));",
 "baseVals": {
  "rating": 1,
  "gammaadj": 1,
  "decay": 1,
  "echo_zoom": 1,
  "echo_alpha": 0.5,
  "echo_orient": 3,
  "wave_brighten": 0,
  "wave_a": 0.001,
  "wave_scale": 1.002,
  "wave_smoothing": 0.9,
  "modwavealphastart": 0.5,
  "modwavealphaend": 1,
  "warpscale": 0.107,
  "zoomexp": 0.1584,
  "fshader": 1,
  "warp": 0.01,
  "wave_r": 0.5,
  "wave_g": 0.5,
  "wave_b": 0.5,
  "ob_size": 0,
  "ob_a": 1,
  "ib_r": 0,
  "ib_g": 0,
  "ib_b": 0,
  "ib_a": 1,
  "mv_dx": 0.599,
  "mv_dy": 0.979,
  "mv_l": 0.5,
  "mv_r": 0.296,
  "mv_g": 0.49,
  "mv_b": 0.462,
  "mv_a": 0
 },
 "warp": "",
 "comp": ""
}