{
 "shapes": [
  {
   "baseVals": {
    "enabled": 0
   }
  },
  {
   "baseVals": {
    "enabled": 0
   }
  },
  {
   "baseVals": {
    "enabled": 0
   }
  },
  {
   "baseVals": {
    "enabled": 0
   }
  }
 ],
 "waves": [
  {
   "baseVals": {},
   "init_eqs_str": " ",
   "frame_eqs_str": "",
   "point_eqs_str": ""
  },
  {
   "baseVals": {},
   "init_eqs_str": " ",
   "frame_eqs_str": "",
   "point_eqs_str": ""
  },
  {
   "baseVals": {},
   "init_eqs_str": " ",
   "frame_eqs_str": "",
   "point_eqs_str": ""
  },
  {
   "baseVals": {},
   "init_eqs_str": " ",
   "frame_eqs_str": "",
   "point_eqs_str": ""
  }
 ],
 "init_eqs_str": "a['anti_rad'] = 0; a['throttle'] = 0; a['breathing_time'] = 0; a['curvature'] = 0; a['full_curve'] = 0; a['color_cycle_speed'] = 0; a['color_shift'] = 0;",
 "frame_eqs_str": "a['warp']=0; a['color_cycle_speed']=div(a['mid_att'],2); a['color_shift']=((Math.abs(above(Math.abs(a['color_shift']), 10000))>0.00001)?(-100):((a['color_shift']+a['color_cycle_speed']))); a['wave_r']=(a['wave_r']+(0.5*Math.sin(((a['color_shift']*0.999)*a['color_cycle_speed'])))); a['wave_g']=(a['wave_g']+(0.5*Math.sin(((a['color_shift']*0.998)*a['color_cycle_speed'])))); a['wave_b']=(a['wave_b']+(0.5*Math.sin(((a['color_shift']*0.997)*a['color_cycle_speed'])))); a['wave_mystery']=(Math.sin((a['time']*1.444))*0.4); a['zoom']=(a['zoom']+(0.07*Math.sin((a['time']*0.822))));",
 "pixel_eqs_str": "a['anti_rad']=(1-a['rad']); a['throttle']=0.06; a['breathing_time']=Math.sin((a['time']*0.8)); a['curvature']=Math.cos(((((a['anti_rad']*10)*Math.sin((a['time']*0.75)))-((a['x']*10)*Math.sin((a['time']*0.5))))+((a['y']*10)*Math.sin((a['time']*0.25))))); a['full_curve']=(((a['anti_rad']*a['throttle'])*a['curvature'])*a['breathing_time']); a['dx']=((Math.abs(below(Math.sin(a['time']), 0.5))>0.00001)?(a['full_curve']):(a['dx'])); a['dy']=((Math.abs(above(Math.sin(a['time']), -0.5))>0.00001)?(a['full_curve']):(a['dy'])); a['rot']=((Math.abs(below(Math.abs((a['dx']-a['dy'])), Math.abs(Math.sin(a['time']))))>0.00001)?((-0.1*Math.sin(div(a['time'],2)))):(0)); a['zoom']=(a['zoom']-a['full_curve']);",
 "baseVals": {
  "rating": 3,
  "decay": 0.975,
  "echo_zoom": 1.006587,
  "echo_alpha": 0.5,
  "wave_mode": 1,
  "additivewave": 1,
  "wave_brighten": 0,
  "bmotionvectorson": 0,
  "darken": 1,
  "wave_a": 1.264366,
  "wave_scale": 0.325443,
  "wave_smoothing": 0.27,
  "wave_mystery": 0.3,
  "fshader": 0.3,
  "sx": 1.06152,
  "sy": 1.06152,
  "wave_r": 0.5,
  "wave_g": 0.5,
  "wave_b": 0.5
 },
 "warp": "",
 "comp": ""
}