{
 "shapes": [
  {
   "baseVals": {
    "enabled": 0
   }
  },
  {
   "baseVals": {
    "enabled": 0
   }
  },
  {
   "baseVals": {
    "enabled": 0
   }
  },
  {
   "baseVals": {
    "enabled": 0
   }
  }
 ],
 "waves": [
  {
   "baseVals": {},
   "init_eqs_str": " ",
   "frame_eqs_str": "",
   "point_eqs_str": ""
  },
  {
   "baseVals": {},
   "init_eqs_str": " ",
   "frame_eqs_str": "",
   "point_eqs_str": ""
  },
  {
   "baseVals": {},
   "init_eqs_str": " ",
   "frame_eqs_str": "",
   "point_eqs_str": ""
  },
  {
   "baseVals": {},
   "init_eqs_str": " ",
   "frame_eqs_str": "",
   "point_eqs_str": ""
  }
 ],
 "init_eqs_str": "a['pre_zoom'] = 0; a['q1'] = 0; a['bass_flip'] = 0; a['treb_flip'] = 0; a['state'] = 0; a['zoom_fade'] = 0;",
 "frame_eqs_str": "a['warp']=0; a['bass_flip']=(((Math.abs(equal(Math.abs(a['bass_flip']), 1))>0.00001)?(a['bass_flip']):(-1))*((Math.abs(above(a['bass_att'], 1.4))>0.00001)?(-1):(1))); a['treb_flip']=(((Math.abs(equal(Math.abs(a['treb_flip']), 1))>0.00001)?(a['treb_flip']):(-1))*((Math.abs(above(a['treb_att'], 1.4))>0.00001)?(-1):(1))); a['state']=((1+((Math.abs(equal(a['bass_flip'], 1))>0.00001)?(2):(0)))+((Math.abs(equal(a['treb_flip'], 1))>0.00001)?(1):(0))); a['wave_r']=((Math.abs(equal(Math.abs((a['state']-3)), 1))>0.00001)?((0+(0.2*Math.sin((a['time']*0.6))))):(((Math.abs(above(a['state'], 2))>0.00001)?((0.8+(0.2*Math.sin(a['time'])))):((0.6+(0.08*Math.sin(a['time']))))))); a['wave_g']=((Math.abs(equal(Math.abs((a['state']-3)), 1))>0.00001)?(0):(((Math.abs(equal(a['state'], 3))>0.00001)?(0):(0.49)))); a['wave_b']=((Math.abs(equal(Math.abs((a['state']-3)), 1))>0.00001)?((0.8+(0.2*Math.sin((a['time']*0.7))))):(0)); a['zoom_fade']=((Math.abs(above(Math.abs((1-a['zoom_fade'])), 0.1))>0.00001)?(1):(((Math.abs(above(a['state'], 2))>0.00001)?((a['zoom_fade']-0.008)):((a['zoom_fade']+0.01))))); a['zoom']=a['zoom_fade']; a['ob_r']=a['wave_r']; a['ob_g']=a['wave_g']; a['ob_b']=a['wave_b']; a['ob_a']=(0.3*(3-a['state'])); a['q1']=a['state'];",
 "pixel_eqs_str": "a['pre_zoom']=((a['zoom']-(((0.07*Math.acos(((a['y']*2)-1)))*Math.sin(((a['time']*1.2)*a['q1'])))*a['zoom']))-((0.07*Math.acos(((a['x']*2)-1)))*Math.sin(((a['time']*1.1)*a['q1'])))); a['zoom']=((Math.abs(above(Math.abs((a['zoom']-1)), 0.04))>0.00001)?(a['pre_zoom']):((0.99-(0.01*a['bass_att'])))); a['rot']=((Math.abs(above(Math.abs((a['zoom']-1)), 0.08))>0.00001)?((-0.4+(0.2*a['q1']))):(0)); a['dx']=((Math.abs(equal(a['rot'], 0))>0.00001)?(((Math.sin((a['ang']*10))*a['rad'])*0.2)):(a['dx']));",
 "baseVals": {
  "rating": 5,
  "echo_zoom": 1.228053,
  "echo_alpha": 0.5,
  "additivewave": 1,
  "modwavealphabyvolume": 1,
  "bmotionvectorson": 0,
  "wave_a": 2.781664,
  "wave_scale": 0.01,
  "wave_smoothing": 0.9,
  "wave_mystery": -0.3,
  "modwavealphastart": 0.95,
  "modwavealphaend": 0.75,
  "zoomexp": 1.028265,
  "zoom": 1.009898,
  "cx": 0.47,
  "sx": 0.990099,
  "sy": 0.990099,
  "wave_r": 0,
  "wave_g": 0,
  "wave_b": 0,
  "ib_size": 0
 },
 "warp": "",
 "comp": ""
}