{
 "shapes": [
  {
   "baseVals": {
    "enabled": 0
   }
  },
  {
   "baseVals": {
    "enabled": 0
   }
  },
  {
   "baseVals": {
    "enabled": 0
   }
  },
  {
   "baseVals": {
    "enabled": 0
   }
  }
 ],
 "waves": [
  {
   "baseVals": {},
   "init_eqs_str": " ",
   "frame_eqs_str": "",
   "point_eqs_str": ""
  },
  {
   "baseVals": {},
   "init_eqs_str": " ",
   "frame_eqs_str": "",
   "point_eqs_str": ""
  },
  {
   "baseVals": {},
   "init_eqs_str": " ",
   "frame_eqs_str": "",
   "point_eqs_str": ""
  },
  {
   "baseVals": {},
   "init_eqs_str": " ",
   "frame_eqs_str": "",
   "point_eqs_str": ""
  }
 ],
 "init_eqs_str": "",
 "frame_eqs_str": "a['wave_r']=(a['wave_r']+(0.450*((0.60*Math.sin((2.137*a['time'])))+(0.40*Math.sin((1.770*a['time'])))))); a['wave_g']=(a['wave_g']+(0.150*((0.60*Math.sin((1.944*a['time'])))+(0.40*Math.sin((1.541*a['time'])))))); a['wave_b']=(a['wave_b']+(0.100*((0.60*Math.sin((1.251*a['time'])))+(0.40*Math.sin((1.655*a['time'])))))); a['rot']=(a['rot']+(0.010*((0.60*Math.sin((0.381*a['time'])))+(0.40*Math.sin((0.579*a['time'])))))); a['cx']=(a['cx']+(0.210*((0.60*Math.sin((0.374*a['time'])))+(0.40*Math.sin((0.294*a['time'])))))); a['cy']=(a['cy']+(0.210*((0.60*Math.sin((0.393*a['time'])))+(0.40*Math.sin((0.223*a['time'])))))); a['dx']=(a['dx']+(0.010*((0.60*Math.sin((0.234*a['time'])))+(0.40*Math.sin((0.277*a['time'])))))); a['dy']=(a['dy']+(0.010*((0.60*Math.sin((0.284*a['time'])))+(0.40*Math.sin((0.247*a['time'])))))); a['decay']=(a['decay']-(0.01*equal(mod(a['frame'],20), 0)));",
 "pixel_eqs_str": "a['zoom']=((Math.abs(equal(mod((a['x']*(10+(5*Math.sin((a['time']*0.82))))),2), 0))>0.00001)?(a['zoom']):((a['zoom']-(0.2*a['bass']))));",
 "baseVals": {
  "rating": 3,
  "decay": 0.99,
  "echo_alpha": 0.5,
  "echo_orient": 2,
  "wave_mode": 3,
  "wrap": 0,
  "bmotionvectorson": 0,
  "wave_a": 1.5,
  "wave_scale": 3.187,
  "wave_smoothing": 0.9,
  "warpscale": 3.138,
  "zoomexp": 10.14108,
  "fshader": 0.1,
  "zoom": 0.999999,
  "rot": -0.02,
  "warp": 0.263,
  "wave_r": 0.7,
  "wave_g": 0.35,
  "wave_b": 0,
  "ib_size": 0.19,
  "ib_a": 0.1
 },
 "warp": "",
 "comp": ""
}