{
 "shapes": [
  {
   "baseVals": {
    "enabled": 0
   }
  },
  {
   "baseVals": {
    "enabled": 0
   }
  },
  {
   "baseVals": {
    "enabled": 0
   }
  },
  {
   "baseVals": {
    "enabled": 0
   }
  }
 ],
 "waves": [
  {
   "baseVals": {},
   "init_eqs_str": " ",
   "frame_eqs_str": "",
   "point_eqs_str": ""
  },
  {
   "baseVals": {},
   "init_eqs_str": " ",
   "frame_eqs_str": "",
   "point_eqs_str": ""
  },
  {
   "baseVals": {},
   "init_eqs_str": " ",
   "frame_eqs_str": "",
   "point_eqs_str": ""
  },
  {
   "baseVals": {},
   "init_eqs_str": " ",
   "frame_eqs_str": "",
   "point_eqs_str": ""
  }
 ],
 "init_eqs_str": "a['mymovement'] = 0;",
 "frame_eqs_str": "a['wave_r']=(a['wave_r']+(0.15*((0.6*Math.sin((0.933*a['time'])))+(0.4*Math.sin((1.072*a['time'])))))); a['wave_g']=(a['wave_g']+(0.15*((0.6*Math.sin((0.888*a['time'])))+(0.4*Math.sin((0.918*a['time'])))))); a['wave_b']=(a['wave_b']+(0.25*((0.6*Math.sin((0.335*a['time'])))+(0.4*Math.sin((0.4*a['time'])))))); a['wave_mystery']=(0.5*Math.sin((0.35*a['bass']))); a['decay']=(a['decay']-(0.01*equal(mod(a['frame'],10), 0)));",
 "pixel_eqs_str": "a['zoom']=(a['zoom']+(0.1*((1+a['rad'])+(0.5*a['bass'])))); a['mymovement']=Math.sin(((Math.sin((1.211*a['time']))+(0.3*Math.cos((0.887*a['time']))))-(0.4*Math.sin((1.453*a['time']))))); a['rot']=(a['rot']-(0.15*Math.sin((a['mymovement']-a['ang']))));",
 "baseVals": {
  "gammaadj": 1.998,
  "decay": 0.9967,
  "additivewave": 1,
  "modwavealphabyvolume": 1,
  "wrap": 0,
  "darken_center": 1,
  "darken": 1,
  "wave_a": 0.150351,
  "wave_scale": 100,
  "wave_smoothing": 0.9,
  "modwavealphastart": 1.01,
  "warpscale": 2.853,
  "zoom": 0.9619,
  "rot": -0.01,
  "warp": 0,
  "sy": 0.905287,
  "wave_r": 0.85,
  "wave_g": 0.45,
  "wave_b": 0.3,
  "ob_size": 0.005,
  "ob_a": 1,
  "ib_r": 1,
  "ib_g": 1,
  "mv_x": 64,
  "mv_y": 19.199999,
  "mv_l": 5,
  "mv_r": 0,
  "mv_g": 0,
  "mv_b": 0,
  "mv_a": 0.1
 },
 "warp": "",
 "comp": ""
}