{
 "shapes": [
  {
   "baseVals": {
    "enabled": 0
   }
  },
  {
   "baseVals": {
    "enabled": 0
   }
  },
  {
   "baseVals": {
    "enabled": 0
   }
  },
  {
   "baseVals": {
    "enabled": 0
   }
  }
 ],
 "waves": [
  {
   "baseVals": {},
   "init_eqs_str": " ",
   "frame_eqs_str": "",
   "point_eqs_str": ""
  },
  {
   "baseVals": {},
   "init_eqs_str": " ",
   "frame_eqs_str": "",
   "point_eqs_str": ""
  },
  {
   "baseVals": {},
   "init_eqs_str": " ",
   "frame_eqs_str": "",
   "point_eqs_str": ""
  },
  {
   "baseVals": {},
   "init_eqs_str": " ",
   "frame_eqs_str": "",
   "point_eqs_str": ""
  }
 ],
 "init_eqs_str": "a['bass_thresh'] = 0;",
 "frame_eqs_str": "a['wave_r']=(a['wave_r']+(0.500*((0.60*Math.sin((0.833*a['time'])))+(0.40*Math.sin((1.045*a['time'])))))); a['wave_g']=(a['wave_g']+(0.500*((0.60*Math.sin((0.700*a['time'])))+(0.40*Math.sin((0.756*a['time'])))))); a['wave_b']=(a['wave_b']+(0.500*((0.60*Math.sin((0.810*a['time'])))+(0.40*Math.sin((0.920*a['time'])))))); a['decay']=(a['decay']-(0.02*equal(mod(a['frame'],50), 0))); a['bass_thresh']=((above(a['bass_att'], a['bass_thresh'])*2.5)+((1-above(a['bass_att'], a['bass_thresh']))*(((a['bass_thresh']-1.4)*0.98)+2.6)));",
 "pixel_eqs_str": "",
 "baseVals": {
  "gammaadj": 1.9,
  "echo_zoom": 3.2,
  "echo_alpha": 1.8,
  "echo_orient": 1,
  "wave_mode": 1,
  "additivewave": 1,
  "darken_center": 1,
  "bmotionvectorson": 0,
  "mv_x": 13,
  "mv_y": 8,
  "brighten": 1,
  "wave_a": 1.5,
  "wave_scale": 1.605,
  "wave_smoothing": 0.7,
  "wave_mystery": 0.3,
  "modwavealphastart": 1.55,
  "modwavealphaend": 0.85,
  "warpscale": 4.853,
  "zoomexp": 0.33,
  "fshader": 0.3,
  "zoom": 1.564,
  "rot": 0.5,
  "dx": 0.1,
  "dy": 0.1,
  "warp": 2.2,
  "sx": 0.5,
  "wave_r": 0.3,
  "wave_g": 0.2,
  "wave_b": 0.5
 },
 "warp": "",
 "comp": ""
}