{
 "shapes": [
  {
   "baseVals": {
    "enabled": 1,
    "sides": 32,
    "thickoutline": 1,
    "x": 0.44,
    "y": 0.89,
    "rad": 0.746305,
    "tex_zoom": 0.01,
    "r": 0.83,
    "g": 0.73,
    "b": 1,
    "r2": 0.27,
    "g2": 0.93,
    "b2": 1,
    "a2": 0.400001,
    "border_r": 0,
    "border_b": 0,
    "border_a": 0
   },
   "init_eqs_str": " ",
   "frame_eqs_str": ""
  },
  {
   "baseVals": {
    "enabled": 0
   }
  },
  {
   "baseVals": {
    "enabled": 1,
    "additive": 1,
    "textured": 1,
    "x": 0.460001,
    "y": 0.94,
    "rad": 1.363816,
    "tex_zoom": 0.01,
    "a": 0.2,
    "r2": 1,
    "b2": 0.04,
    "border_a": 0
   },
   "init_eqs_str": " ",
   "frame_eqs_str": ""
  },
  {
   "baseVals": {
    "enabled": 0
   }
  }
 ],
 "waves": [
  {
   "baseVals": {
    "enabled": 1,
    "samples": 273,
    "sep": 256,
    "spectrum": 1,
    "usedots": 1,
    "scaling": 0.01,
    "smoothing": 1,
    "r": 0.8
   },
   "init_eqs_str": " ",
   "frame_eqs_str": "",
   "point_eqs_str": ""
  },
  {
   "baseVals": {
    "enabled": 0
   }
  },
  {
   "baseVals": {
    "enabled": 0
   }
  },
  {
   "baseVals": {
    "enabled": 1,
    "samples": 422,
    "usedots": 1,
    "thick": 1,
    "additive": 1,
    "smoothing": 0,
    "b": 0
   },
   "init_eqs_str": " ",
   "frame_eqs_str": "",
   "point_eqs_str": ""
  }
 ],
 "init_eqs_str": "",
 "frame_eqs_str": "a['wave_b']=Math.sin(a['bass']); a['wave_r']=1; a['wave_g']=1;",
 "pixel_eqs_str": "a['warp']=div(Math.cos(Math.sin(Math.abs(((a['bass']-a['treb'])*a['mid'])))),4);",
 "baseVals": {
  "rating": 3,
  "gammaadj": 2.959999,
  "decay": 0.9,
  "echo_zoom": 0.231186,
  "echo_alpha": 0.31,
  "wave_mode": 4,
  "wave_dots": 1,
  "wave_thick": 1,
  "modwavealphabyvolume": 1,
  "wave_brighten": 0,
  "wrap": 0,
  "brighten": 1,
  "darken": 1,
  "wave_a": 0.298726,
  "wave_scale": 0.01,
  "wave_smoothing": 0,
  "wave_mystery": -1,
  "modwavealphastart": 2,
  "modwavealphaend": 0.06,
  "warpanimspeed": 0.011961,
  "warpscale": 0.010829,
  "zoomexp": 100,
  "fshader": 0.02,
  "zoom": 0.999997,
  "rot": 0.02,
  "dx": 0.02,
  "warp": 12.251528,
  "sx": 1.694465,
  "sy": 1.347749,
  "wave_r": 0.1,
  "wave_g": 0.6,
  "ob_size": 0.5,
  "ib_size": 0.5,
  "mv_x": 64,
  "mv_y": 2.4,
  "mv_dy": -1,
  "mv_l": 0,
  "mv_a": 0
 },
 "warp": "",
 "comp": ""
}