{
 "shapes": [
  {
   "baseVals": {
    "enabled": 1,
    "sides": 5,
    "textured": 1,
    "rad": 1.158845,
    "ang": 0.53,
    "tex_zoom": 2.51821,
    "r": 0.6,
    "b": 1,
    "r2": 0.6,
    "g2": 0,
    "b2": 1,
    "border_r": 0.6,
    "border_g": 0,
    "border_a": 0
   },
   "init_eqs_str": " ",
   "frame_eqs_str": "a['ang']=(a['ang']+a['time']);"
  },
  {
   "baseVals": {
    "enabled": 0
   }
  },
  {
   "baseVals": {
    "enabled": 0
   }
  },
  {
   "baseVals": {
    "enabled": 0
   }
  }
 ],
 "waves": [
  {
   "baseVals": {
    "enabled": 1,
    "samples": 354,
    "sep": 48,
    "thick": 1,
    "additive": 1,
    "scaling": 0.022167,
    "smoothing": 0,
    "g": 0,
    "b": 0.62,
    "a": 0.6
   },
   "init_eqs_str": " ",
   "frame_eqs_str": "",
   "point_eqs_str": "a['x']=(0.5+((a['bass']*0.2)*Math.sin(((a['sample']*2)*(a['time']*10))))); a['y']=(0.5+((a['bass']*0.2)*Math.cos(((a['sample']*2)*(a['time']*10))))); a['r']=(1+(0.5*Math.sin(((a['sample']*0.10)+(a['time']*10))))); a['g']=(1+(0.5*Math.sin(((a['sample']*2)+(a['time']*50))))); a['b']=(1+(0.5*Math.sin(((a['sample']*5)+(a['time']*20))))); a['a']=a['r'];"
  },
  {
   "baseVals": {
    "enabled": 1,
    "sep": 128,
    "spectrum": 1,
    "usedots": 1,
    "thick": 1,
    "additive": 1,
    "scaling": 0.478871,
    "smoothing": 0,
    "r": 0.62,
    "g": 0.310001,
    "b": 0,
    "a": 0.6
   },
   "init_eqs_str": " ",
   "frame_eqs_str": "",
   "point_eqs_str": ""
  },
  {
   "baseVals": {
    "enabled": 0
   }
  },
  {
   "baseVals": {
    "enabled": 0
   }
  }
 ],
 "init_eqs_str": "",
 "frame_eqs_str": "a['warp']=0; a['decay']=0.92;",
 "pixel_eqs_str": "a['zoom']=(a['zoom']+0.1); a['rot']=(a['rot']+(a['rad']*0.1));",
 "baseVals": {
  "rating": 0,
  "gammaadj": 1.07,
  "decay": 0.995,
  "echo_zoom": 0.01,
  "echo_alpha": 0.5,
  "echo_orient": 1,
  "additivewave": 1,
  "modwavealphabyvolume": 1,
  "wave_brighten": 0,
  "wrap": 0,
  "darken_center": 1,
  "red_blue": 1,
  "darken": 1,
  "solarize": 1,
  "wave_a": 0.002705,
  "wave_scale": 0.022167,
  "wave_smoothing": 0.9,
  "wave_mystery": -0.5,
  "modwavealphastart": 1.94,
  "modwavealphaend": 0.02,
  "warpanimspeed": 0.017458,
  "warpscale": 0.033334,
  "zoomexp": 0.934421,
  "zoom": 12.251518,
  "warp": 100,
  "sx": 0.067315,
  "sy": 0.064926,
  "wave_r": 0.62,
  "wave_g": 0.01,
  "ob_size": 0,
  "ob_r": 0.6,
  "ob_b": 0.96,
  "ob_a": 1,
  "ib_size": 0,
  "ib_r": 0.6,
  "ib_g": 0,
  "ib_b": 0.82,
  "mv_x": 31.999994,
  "mv_y": 28.800003,
  "mv_l": 0,
  "mv_r": 0.6,
  "mv_g": 0,
  "mv_b": 0.6
 },
 "warp": "",
 "comp": ""
}