{
 "shapes": [
  {
   "baseVals": {
    "enabled": 0
   }
  },
  {
   "baseVals": {
    "enabled": 1,
    "sides": 25,
    "thickoutline": 1,
    "x": 0.51,
    "y": 1,
    "rad": 0.01,
    "ang": 6.283185,
    "tex_zoom": 8.162231,
    "b2": 1,
    "border_a": 0
   },
   "init_eqs_str": " ",
   "frame_eqs_str": ""
  },
  {
   "baseVals": {
    "enabled": 0
   }
  },
  {
   "baseVals": {
    "enabled": 1,
    "sides": 64,
    "textured": 1,
    "y": 0.39,
    "rad": 0.306585,
    "ang": 5.026548,
    "tex_ang": 5.843362,
    "tex_zoom": 12.032101,
    "a": 0,
    "r2": 1,
    "b2": 1,
    "a2": 1,
    "border_a": 0
   },
   "init_eqs_str": " ",
   "frame_eqs_str": ""
  }
 ],
 "waves": [
  {
   "baseVals": {
    "enabled": 0
   }
  },
  {
   "baseVals": {
    "enabled": 1,
    "spectrum": 1,
    "thick": 1,
    "additive": 1,
    "scaling": 0.016777,
    "smoothing": 0,
    "r": 0,
    "g": 0.7,
    "a": 0.11
   },
   "init_eqs_str": " ",
   "frame_eqs_str": "",
   "point_eqs_str": ""
  },
  {
   "baseVals": {
    "enabled": 0
   }
  },
  {
   "baseVals": {
    "enabled": 0
   }
  }
 ],
 "init_eqs_str": "a['vol'] = 0; a['att'] = 0; a['xamptarg'] = 0; a['xamp'] = 0; a['xdir'] = 0; a['xpos'] = 0; a['xspeed'] = 0; a['xaccel'] = 0;",
 "frame_eqs_str": "a['warp']=0; a['vol']=div(((a['bass']+a['mid'])+a['att']),6); a['xamptarg']=((Math.abs(equal(mod(a['frame'],15), 0))>0.00001)?(Math.min(((0.5*a['vol'])*a['bass_att']), 0.5)):(a['xamptarg'])); a['xamp']=(a['xamp']+(0.5*(a['xamptarg']-a['xamp']))); a['xdir']=((Math.abs(above(Math.abs(a['xpos']), a['xamp']))>0.00001)?(-sign(a['xpos'])):(((Math.abs(below(Math.abs(a['xspeed']), 0.1))>0.00001)?(((2*above(a['xpos'], 0))-1)):(a['xdir'])))); a['xaccel']=(((a['xdir']*a['xamp'])-a['xpos'])-((a['xspeed']*0.055)*below(Math.abs(a['xpos']), a['xamp']))); a['xspeed']=(((a['xspeed']+(a['xdir']*a['xamp']))-a['xpos'])-((a['xspeed']*0.055)*below(Math.abs(a['xpos']), a['xamp']))); a['xpos']=(a['xpos']+(0.001*a['xspeed'])); a['wave_x']=(a['xpos']+0.5); a['wave_mystery']=(a['wave_mystery']+(a['bass']*0.11)); a['ob_b']=(0.2+(0.075*Math.sin(a['time'])));",
 "pixel_eqs_str": "a['dy']=((a['dy']-(0.005*a['y']))-0.00173);",
 "baseVals": {
  "rating": 3,
  "gammaadj": 1.21,
  "decay": 0.95,
  "echo_zoom": 100,
  "echo_alpha": 0.11,
  "wave_mode": 3,
  "additivewave": 1,
  "wave_dots": 1,
  "wave_thick": 1,
  "modwavealphabyvolume": 1,
  "wrap": 0,
  "brighten": 1,
  "wave_a": 56.68996,
  "wave_scale": 9.977629,
  "wave_smoothing": 0,
  "wave_mystery": 1,
  "modwavealphastart": 0,
  "modwavealphaend": 2,
  "warpanimspeed": 0.01,
  "warpscale": 0.01,
  "zoomexp": 0.842831,
  "fshader": 1,
  "zoom": 1.18647,
  "rot": -0.06,
  "cy": 0.56,
  "dx": 0.00001,
  "dy": 0.00001,
  "warp": 100,
  "sx": 0.869963,
  "sy": 0.91434,
  "wave_r": 0,
  "wave_b": 0,
  "wave_x": 1,
  "wave_y": 1,
  "ob_size": 0,
  "ob_a": 1,
  "ib_size": 0.5,
  "ib_r": 1,
  "ib_g": 1,
  "ib_b": 1,
  "mv_x": 0,
  "mv_y": 48,
  "mv_l": 5,
  "mv_r": 0,
  "mv_b": 0,
  "mv_a": 0
 },
 "warp": "",
 "comp": ""
}