{
 "shapes": [
  {
   "baseVals": {
    "enabled": 1,
    "sides": 10,
    "thickoutline": 1,
    "textured": 1,
    "rad": 0.02076,
    "tex_zoom": 5.482177,
    "b": 1,
    "g2": 0,
    "a2": 1,
    "border_a": 1
   },
   "init_eqs_str": " ",
   "frame_eqs_str": ""
  },
  {
   "baseVals": {
    "enabled": 0
   }
  },
  {
   "baseVals": {
    "enabled": 0
   }
  },
  {
   "baseVals": {
    "enabled": 0
   }
  }
 ],
 "waves": [
  {
   "baseVals": {
    "enabled": 1,
    "samples": 2,
    "spectrum": 1,
    "usedots": 1,
    "scaling": 100,
    "a": 0
   },
   "init_eqs_str": " ",
   "frame_eqs_str": "",
   "point_eqs_str": ""
  },
  {
   "baseVals": {
    "enabled": 0
   }
  },
  {
   "baseVals": {
    "enabled": 1,
    "usedots": 1,
    "scaling": 100,
    "a": 0
   },
   "init_eqs_str": " ",
   "frame_eqs_str": "",
   "point_eqs_str": ""
  },
  {
   "baseVals": {
    "enabled": 0
   }
  }
 ],
 "init_eqs_str": "a['radc'] = 0; a['q1'] = 0; a['q2'] = 0; a['near'] = 0; a['notnear'] = 0; a['angc'] = 0; a['shift'] = 0; a['tv'] = 0;",
 "frame_eqs_str": "a['warp']=0; a['tv']=((a['tv']+div(1,a['fps']))+above((a['bass_att']*a['treb_att']), 4)); a['mv_r']=(div(Math.sin((a['tv']*2.0)),2)+0.5); a['mv_g']=(div(Math.sin((a['tv']*0.2312)),2)+0.5); a['mv_b']=(div(Math.sin((a['tv']*0.203)),2)+0.5); a['wave_b']=((Math.abs(below(a['treb'], 1.8))>0.00001)?((1-(0.025*Math.floor(randint(10))))):(0)); a['wave_g']=(a['wave_g']*sqr((0.01*Math.floor(randint(100))))); a['decay']=((0.9999+0.0001)+(0*((Math.abs(equal(mod(a['frame'],10), 0))>0.00001)?(0.95):(1)))); a['monitor']=a['wave_g']; a['cx']=(0.5+(0.3*Math.cos((a['time']*0.21)))); a['cy']=(0.5+(0.3*Math.sin((a['time']*0.1)))); a['mv_a']=(a['bass_att']*0.4); a['wave_x']=a['cx']; a['wave_y']=(1-a['cy']); a['monitor']=div((3.14159+Math.atan(-0.1)),3.14159); a['q1']=a['cx']; a['q2']=a['cy'];",
 "pixel_eqs_str": "a['radc']=(sqr((a['q1']-a['x']))+sqr((a['q2']-a['y']))); a['near']=below(a['radc'], 0.015); a['notnear']=(1-a['near']); a['rot']=(0.015*a['notnear']); a['angc']=(Math.atan(div((a['y']-a['cy']),(a['x']-a['cx'])))+((below(a['x'], a['cx'])*sign((a['y']-a['cy'])))*3.14159)); a['shift']=((-0.02*(pow(Math.cos((((a['angc']*0.5)-(a['time']*1.1))-(pow(a['radc'], 0.4)*8))), 6)-0.6))*a['notnear']); a['dx']=(Math.cos(a['angc'])*a['shift']); a['dy']=(Math.sin(a['angc'])*a['shift']);",
 "baseVals": {
  "rating": 3,
  "gammaadj": 1.700001,
  "decay": 1,
  "echo_zoom": 100,
  "wave_mode": 7,
  "additivewave": 1,
  "wave_dots": 1,
  "wave_thick": 1,
  "modwavealphabyvolume": 1,
  "wave_brighten": 0,
  "wrap": 0,
  "wave_a": 100,
  "wave_scale": 2.791868,
  "wave_smoothing": 0,
  "wave_mystery": -1,
  "modwavealphastart": 2,
  "modwavealphaend": 0,
  "warpanimspeed": 100,
  "warpscale": 100,
  "zoomexp": 0.01,
  "zoom": 0.988286,
  "dx": -1,
  "dy": 1,
  "warp": 100,
  "wave_r": 0,
  "wave_g": 0,
  "wave_x": 1,
  "wave_y": 0.33,
  "ob_size": 0,
  "ob_a": 1,
  "ib_size": 0.005,
  "ib_r": 0,
  "ib_g": 0,
  "ib_b": 0,
  "ib_a": 1,
  "mv_x": 2.559996,
  "mv_y": 5.28,
  "mv_l": 0.5,
  "mv_b": 0,
  "mv_a": 0
 },
 "warp": "",
 "comp": ""
}