{
 "shapes": [
  {
   "baseVals": {
    "enabled": 0
   }
  },
  {
   "baseVals": {
    "enabled": 0
   }
  },
  {
   "baseVals": {
    "enabled": 0
   }
  },
  {
   "baseVals": {
    "enabled": 0
   }
  }
 ],
 "waves": [
  {
   "baseVals": {
    "enabled": 1,
    "samples": 354,
    "sep": 128,
    "spectrum": 1,
    "thick": 1,
    "additive": 1,
    "scaling": 0.01,
    "smoothing": 0.01,
    "r": 0.6,
    "g": 0,
    "a": 0.5
   },
   "init_eqs_str": " ",
   "frame_eqs_str": "",
   "point_eqs_str": "a['x']=(0.5+((a['bass']*0.2)*Math.sin(((a['sample']*2)*(a['time']*10))))); a['y']=(0.5+((a['bass']*0.2)*Math.cos(((a['sample']*2)*(a['time']*10))))); a['r']=(1+(0.5*Math.sin(((a['sample']*0.10)+(a['time']*10))))); a['g']=(1+(0.5*Math.sin(((a['sample']*2)+(a['time']*50))))); a['b']=(1+(0.5*Math.sin(((a['sample']*5)+(a['time']*20))))); a['a']=a['r'];"
  },
  {
   "baseVals": {
    "enabled": 1,
    "sep": 128,
    "spectrum": 1,
    "usedots": 1,
    "thick": 1,
    "additive": 1,
    "scaling": 0.478871,
    "smoothing": 0,
    "r": 0.62,
    "g": 0.310001,
    "b": 0,
    "a": 0.6
   },
   "init_eqs_str": " ",
   "frame_eqs_str": "",
   "point_eqs_str": ""
  },
  {
   "baseVals": {
    "enabled": 0
   }
  },
  {
   "baseVals": {
    "enabled": 0
   }
  }
 ],
 "init_eqs_str": "",
 "frame_eqs_str": "a['warp']=0; a['decay']=0.92;",
 "pixel_eqs_str": "a['zoom']=(a['zoom']+0.1); a['rot']=(a['rot']+(a['rad']*0.1));",
 "baseVals": {
  "rating": 0,
  "gammaadj": 1,
  "decay": 0.995,
  "echo_zoom": 0.998169,
  "echo_alpha": 0.5,
  "echo_orient": 1,
  "wave_mode": 6,
  "wave_thick": 1,
  "modwavealphabyvolume": 1,
  "wrap": 0,
  "red_blue": 1,
  "darken": 1,
  "solarize": 1,
  "wave_a": 100,
  "wave_scale": 100,
  "wave_smoothing": 0,
  "modwavealphastart": 1.180001,
  "modwavealphaend": 0.16,
  "warpanimspeed": 100,
  "warpscale": 74.192291,
  "zoomexp": 0.597149,
  "fshader": 1,
  "zoom": 0.998167,
  "rot": 0.22,
  "warp": 9.458768,
  "sx": 0.77346,
  "sy": 1.363813,
  "wave_r": 0.67,
  "wave_b": 0.9,
  "ob_size": 0,
  "ob_r": 0.6,
  "ob_b": 0.96,
  "ob_a": 1,
  "ib_size": 0,
  "ib_r": 0.6,
  "ib_g": 0,
  "ib_b": 0.82,
  "mv_x": 31.999994,
  "mv_y": 28.800003,
  "mv_l": 0,
  "mv_r": 0.6,
  "mv_g": 0,
  "mv_b": 0.6
 },
 "warp": "",
 "comp": ""
}