{
 "shapes": [
  {
   "baseVals": {
    "enabled": 1,
    "sides": 32,
    "thickoutline": 1,
    "x": 0.44,
    "y": 0.89,
    "rad": 0.7316,
    "tex_zoom": 36.605057,
    "r": 0.83,
    "g": 0.73,
    "b": 1,
    "r2": 0.27,
    "g2": 0.93,
    "b2": 1,
    "a2": 0.400001,
    "border_r": 0,
    "border_b": 0,
    "border_a": 0
   },
   "init_eqs_str": " ",
   "frame_eqs_str": ""
  },
  {
   "baseVals": {
    "enabled": 0
   }
  },
  {
   "baseVals": {
    "enabled": 0
   }
  },
  {
   "baseVals": {
    "enabled": 0
   }
  }
 ],
 "waves": [
  {
   "baseVals": {
    "enabled": 1,
    "samples": 273,
    "sep": 256,
    "spectrum": 1,
    "usedots": 1,
    "scaling": 0.01,
    "smoothing": 1,
    "r": 0.8
   },
   "init_eqs_str": " ",
   "frame_eqs_str": "",
   "point_eqs_str": ""
  },
  {
   "baseVals": {
    "enabled": 0
   }
  },
  {
   "baseVals": {
    "enabled": 0
   }
  },
  {
   "baseVals": {
    "enabled": 0
   }
  }
 ],
 "init_eqs_str": "",
 "frame_eqs_str": "a['wave_b']=Math.sin(a['bass']); a['wave_r']=1; a['wave_g']=1;",
 "pixel_eqs_str": "a['warp']=div(Math.cos(Math.sin(Math.abs(((a['bass']-a['treb'])*a['mid'])))),4);",
 "baseVals": {
  "rating": 2,
  "gammaadj": 1.63,
  "decay": 0.96,
  "echo_zoom": 0.166221,
  "wave_mode": 4,
  "additivewave": 1,
  "wave_thick": 1,
  "wrap": 0,
  "darken": 1,
  "wave_a": 0.298726,
  "wave_scale": 0.01,
  "wave_smoothing": 0.9,
  "wave_mystery": 0.94,
  "modwavealphastart": 0,
  "zoom": 0.878661,
  "rot": 0.02,
  "dx": 0.02,
  "warp": 0.01,
  "sx": 1.402577,
  "sy": 1.347749,
  "wave_r": 0.1,
  "wave_g": 0.6,
  "ob_size": 0.5,
  "ib_size": 0.5,
  "mv_x": 0,
  "mv_y": 0,
  "mv_l": 0,
  "mv_a": 0
 },
 "warp": "",
 "comp": ""
}