{
 "shapes": [
  {
   "baseVals": {
    "enabled": 0
   }
  },
  {
   "baseVals": {
    "enabled": 0
   }
  },
  {
   "baseVals": {
    "enabled": 0
   }
  },
  {
   "baseVals": {
    "enabled": 0
   }
  }
 ],
 "waves": [
  {
   "baseVals": {
    "enabled": 0
   }
  },
  {
   "baseVals": {
    "enabled": 0
   }
  },
  {
   "baseVals": {
    "enabled": 0
   }
  },
  {
   "baseVals": {
    "enabled": 0
   }
  }
 ],
 "init_eqs_str": "a['radc'] = 0; a['q1'] = 0; a['q2'] = 0; a['near'] = 0; a['notnear'] = 0; a['angc'] = 0; a['shift'] = 0; a['tv'] = 0;",
 "frame_eqs_str": "a['warp']=0; a['tv']=((a['tv']+div(1,a['fps']))+above((a['bass_att']*a['treb_att']), 4)); a['mv_r']=(div(Math.sin((a['tv']*2.0)),2)+0.5); a['mv_g']=(div(Math.sin((a['tv']*0.2312)),2)+0.5); a['mv_b']=(div(Math.sin((a['tv']*0.203)),2)+0.5); a['wave_b']=((Math.abs(below(a['treb'], 1.8))>0.00001)?((1-(0.025*Math.floor(randint(10))))):(0)); a['wave_g']=(a['wave_g']*sqr((0.01*Math.floor(randint(100))))); a['decay']=((0.9999+0.0001)+(0*((Math.abs(equal(mod(a['frame'],10), 0))>0.00001)?(0.95):(1)))); a['monitor']=a['wave_g']; a['cx']=(0.5+(0.3*Math.cos((a['time']*0.21)))); a['cy']=(0.5+(0.3*Math.sin((a['time']*0.1)))); a['mv_a']=(a['bass_att']*0.4); a['wave_x']=a['cx']; a['wave_y']=(1-a['cy']); a['monitor']=div((3.14159+Math.atan(-0.1)),3.14159); a['q1']=a['cx']; a['q2']=a['cy'];",
 "pixel_eqs_str": "a['radc']=(sqr((a['q1']-a['x']))+sqr((a['q2']-a['y']))); a['near']=below(a['radc'], 0.015); a['notnear']=(1-a['near']); a['rot']=(0.015*a['notnear']); a['angc']=(Math.atan(div((a['y']-a['cy']),(a['x']-a['cx'])))+((below(a['x'], a['cx'])*sign((a['y']-a['cy'])))*3.14159)); a['shift']=((-0.02*(pow(Math.cos((((a['angc']*0.5)-(a['time']*1.1))-(pow(a['radc'], 0.4)*8))), 6)-0.6))*a['notnear']); a['dx']=(Math.cos(a['angc'])*a['shift']); a['dy']=(Math.sin(a['angc'])*a['shift']);",
 "baseVals": {
  "rating": 4,
  "gammaadj": 2.12,
  "decay": 1,
  "echo_zoom": 2.063782,
  "echo_alpha": 0.97,
  "wave_mode": 2,
  "additivewave": 1,
  "wave_dots": 1,
  "wave_thick": 1,
  "brighten": 1,
  "wave_a": 100,
  "wave_scale": 2.791868,
  "wave_smoothing": 0,
  "modwavealphastart": 2,
  "modwavealphaend": 0,
  "warpanimspeed": 100,
  "warpscale": 0.01,
  "zoomexp": 68.640755,
  "fshader": 1,
  "zoom": 0.998167,
  "rot": -1,
  "cx": 2,
  "cy": -0.039999,
  "dx": -1,
  "dy": -1,
  "warp": 0.01,
  "sx": 0.743278,
  "sy": 1.001828,
  "wave_r": 0,
  "wave_g": 0,
  "wave_x": 1,
  "wave_y": 0.33,
  "ob_size": 0,
  "ob_a": 1,
  "ib_size": 0.005,
  "ib_r": 0,
  "ib_g": 0,
  "ib_b": 0,
  "ib_a": 1,
  "mv_x": 5.760042,
  "mv_y": 1.44,
  "mv_dy": -0.1,
  "mv_l": 3.5,
  "mv_b": 0,
  "mv_a": 0
 },
 "warp": "",
 "comp": ""
}