{
 "shapes": [
  {
   "baseVals": {
    "enabled": 0
   }
  },
  {
   "baseVals": {
    "enabled": 0
   }
  },
  {
   "baseVals": {
    "enabled": 0
   }
  },
  {
   "baseVals": {
    "enabled": 0
   }
  }
 ],
 "waves": [
  {
   "baseVals": {},
   "init_eqs_str": " ",
   "frame_eqs_str": "",
   "point_eqs_str": ""
  },
  {
   "baseVals": {},
   "init_eqs_str": " ",
   "frame_eqs_str": "",
   "point_eqs_str": ""
  },
  {
   "baseVals": {},
   "init_eqs_str": " ",
   "frame_eqs_str": "",
   "point_eqs_str": ""
  },
  {
   "baseVals": {},
   "init_eqs_str": " ",
   "frame_eqs_str": "",
   "point_eqs_str": ""
  }
 ],
 "init_eqs_str": "a['mystery_value'] = 0; a['red_value'] = 0; a['blue_value'] = 0; a['green_value'] = 0;",
 "frame_eqs_str": "a['mystery_value']=((Math.abs(above(a['bass'], 1.15))>0.00001)?((0.4+div(Math.sin(div(a['time'],5)),20))):(((Math.abs(above(a['treb'], 1.0))>0.00001)?(0.03):((div(Math.sin(div(a['time'],6)),20)-0.3))))); a['red_value']=((Math.abs(above(a['bass'], 1.15))>0.00001)?(((3*(1-a['bass']))+Math.abs(div(Math.sin(div(a['time'],3)),10)))):(((Math.abs(above(a['treb'], 1.0))>0.00001)?(0):((div(Math.sin(div(a['time'],2.5)),10)+0.65))))); a['blue_value']=((Math.abs(above(a['bass'], 1.15))>0.00001)?((0.5+Math.abs(div(Math.sin(div(a['time'],3)),10)))):(((Math.abs(above(a['treb'], 1.0))>0.00001)?(0.7):(((0.3-a['treb'])-div(Math.sin(div(a['time'],2.5)),10)))))); a['green_value']=((Math.abs(above(a['bass'], 1.15))>0.00001)?((1-Math.abs(div(Math.sin(div(a['time'],3)),10)))):(((Math.abs(above(a['treb'], 1.0))>0.00001)?(0.6):((div(Math.sin(div(a['time'],2.5)),10)+0.3))))); a['wave_r']=a['red_value']; a['wave_b']=a['blue_value']; a['wave_g']=a['green_value']; a['wave_mystery']=a['mystery_value']; a['decay']=(0.95+div(Math.sin(div(a['time'],5)),30));",
 "pixel_eqs_str": "a['rot']=((Math.abs(above(a['rad'], 0.8))>0.00001)?(div(-Math.sin(div(a['time'],2)),200)):(((Math.abs(above(a['rad'], 0.6))>0.00001)?(div(Math.sin((a['time']*0.89)),170)):(((Math.abs(above(a['rad'], 0.4))>0.00001)?(0):(((Math.abs(above(a['rad'], 0.2))>0.00001)?(div(-Math.sin(div(a['time'],4)),179)):(Math.abs(div(Math.sin(div(a['time'],3)),115)))))))))); a['zoom']=(1.005+Math.abs(((Math.abs(above(a['rad'], 0.8))>0.00001)?(div(Math.sin((a['rad']-a['time'])),79)):(((Math.abs(above(a['rad'], 0.6))>0.00001)?(div(-Math.sin((a['time']*0.34)),68)):(((Math.abs(above(a['rad'], 0.4))>0.00001)?(div(Math.sin(div(a['time'],3)),44)):(((Math.abs(above(a['rad'], 0.2))>0.00001)?(div(-Math.cos(a['time']),80)):(div(Math.sin(div(a['time'],2)),59)))))))))));",
 "baseVals": {
  "rating": 3,
  "gammaadj": 1,
  "decay": 0.99,
  "echo_zoom": 1.006596,
  "echo_orient": 3,
  "additivewave": 1,
  "wave_brighten": 0,
  "wrap": 0,
  "bmotionvectorson": 0,
  "wave_a": 100,
  "wave_scale": 0.229224,
  "wave_smoothing": 0.45,
  "wave_mystery": 0.4,
  "modwavealphastart": 0.71,
  "modwavealphaend": 1.3,
  "warpscale": 1.331,
  "zoom": 0.999514,
  "warp": 0.01,
  "wave_r": 0.65,
  "wave_g": 0.65,
  "wave_b": 0.65,
  "ob_size": 0.5,
  "ob_r": 0.01,
  "ib_size": 0.26
 },
 "warp": "",
 "comp": ""
}