{
 "shapes": [
  {
   "baseVals": {
    "enabled": 0
   }
  },
  {
   "baseVals": {
    "enabled": 0
   }
  },
  {
   "baseVals": {
    "enabled": 0
   }
  },
  {
   "baseVals": {
    "enabled": 0
   }
  }
 ],
 "waves": [
  {
   "baseVals": {},
   "init_eqs_str": " ",
   "frame_eqs_str": "",
   "point_eqs_str": ""
  },
  {
   "baseVals": {},
   "init_eqs_str": " ",
   "frame_eqs_str": "",
   "point_eqs_str": ""
  },
  {
   "baseVals": {},
   "init_eqs_str": " ",
   "frame_eqs_str": "",
   "point_eqs_str": ""
  },
  {
   "baseVals": {},
   "init_eqs_str": " ",
   "frame_eqs_str": "",
   "point_eqs_str": ""
  }
 ],
 "init_eqs_str": "",
 "frame_eqs_str": "a['wave_x']=(a['wave_x']+(0.2*((0.60*Math.sin((2.121*a['time'])))+(0.5*Math.sin((1.621*a['time'])))))); a['wave_y']=(a['wave_y']+(0.2*((0.60*Math.sin((1.742*a['time'])))+(0.5*Math.sin((2.322*a['time'])))))); a['wave_r']=(a['wave_r']+(0.200*((0.60*Math.sin((0.823*a['time'])))+(0.40*Math.sin((0.916*a['time'])))))); a['wave_g']=(a['wave_g']+(0.500*((0.60*Math.sin((0.900*a['time'])))+(0.40*Math.sin((1.023*a['time'])))))); a['wave_b']=(a['wave_b']+(0.500*((0.60*Math.sin((0.808*a['time'])))+(0.40*Math.sin((0.949*a['time']))))));",
 "pixel_eqs_str": "a['zoom']=(a['zoom']+(0.02*(Math.sin((5*Math.cos(((2*(sqrt(2)-a['rad']))*a['ang']))))+0.0)));",
 "baseVals": {
  "gammaadj": 1,
  "wave_mode": 2,
  "additivewave": 1,
  "wave_thick": 1,
  "wave_a": 1.531167,
  "wave_scale": 1.674099,
  "wave_smoothing": 0,
  "modwavealphastart": 1.05,
  "modwavealphaend": 1.35,
  "warpscale": 1.772,
  "zoomexp": 1.001,
  "zoom": 1.007,
  "warp": 0,
  "wave_r": 0.7,
  "wave_g": 0.3,
  "wave_b": 0.3,
  "mv_a": 0
 },
 "warp": "",
 "comp": ""
}