{
 "shapes": [
  {
   "baseVals": {
    "enabled": 0
   }
  },
  {
   "baseVals": {
    "enabled": 0
   }
  },
  {
   "baseVals": {
    "enabled": 0
   }
  },
  {
   "baseVals": {
    "enabled": 0
   }
  }
 ],
 "waves": [
  {
   "baseVals": {
    "enabled": 1,
    "spectrum": 1,
    "thick": 1,
    "additive": 1
   },
   "init_eqs_str": "a['xang'] = 0; a['fov'] = 0; a['yang'] = 0; a['ss'] = 0; a['it'] = 0; a['my'] = 0; a['tin'] = 0; a['oz'] = 0; a['ayang'] = 0; a['q4'] = 0; a['mz'] = 0; a['oy'] = 0; a['mod'] = 0; a['sz'] = 0; a['azang'] = 0; a['mx'] = 0; a['vol'] = 0; a['sp'] = 0; a['q2'] = 0; a['zang'] = 0; a['axang'] = 0; a['q3'] = 0; a['ox'] = 0; a['q8'] = 0; ",
   "frame_eqs_str": "a['tin']=a['vol'];",
   "point_eqs_str": "a['sp']=((((a['sample']*6.28)*8)*8)*4); a['it']=(a['it']+1); a['it']=(a['it']*above(a['sample'], 0)); a['sz']=a['q8']; a['ss']=(a['sample']*6); a['ox']=(((((a['sz']*0.5)*pow(-1, a['it']))*below(a['ss'], 1))+((((0.5*pow(-1, a['it']))*above(a['ss'], 1))*a['sz'])*below(a['ss'], 2)))+((((above(a['ss'], 2)*0.5)*pow(-1, a['it']))*a['sz'])*below(a['ss'], 3))); a['oy']=((((((a['ss']-0.5)*Math.sin(a['time']))*a['sz'])*below(a['ss'], 1))+(((a['sz']*Math.sin(a['time']))*above(a['ss'], 1))*below(a['ss'], 2)))+(((((0.5-(a['ss']-2))*a['sz'])*Math.sin(a['time']))*above(a['ss'], 2))*below(a['ss'], 3))); a['oz']=((((-a['sz']*0.5)*below(a['ss'], 1))+((((((a['ss']-1)-0.5)*a['sz'])*Math.sin(a['time']))*above(a['ss'], 1))*below(a['ss'], 2)))+((((a['sz']*Math.cos(a['time']))*0.5)*above(a['ss'], 2))*below(a['ss'], 3))); a['ox']=(((a['ox']+(((above(a['ss'], 3)*below(a['ss'], 4))*-0.5)*a['sz']))+(((above(a['ss'], 4)*below(a['ss'], 5))*a['sz'])*(-0.5+(a['ss']-4))))+((above(a['ss'], 5)*a['sz'])*0.5)); a['oy']=(((a['oy']+((((above(a['ss'], 3)*below(a['ss'], 4))*0.5)*a['sz'])*pow(-1, a['it'])))+(((above(a['ss'], 4)*below(a['ss'], 5))*a['sz'])*-0.5))+((above(a['ss'], 5)*a['sz'])*(-0.5+(a['ss']-5)))); a['oz']=(((a['oz']+(((above(a['ss'], 3)*below(a['ss'], 4))*a['sz'])*(0.5-(a['ss']-3))))+((((above(a['ss'], 4)*below(a['ss'], 5))*a['sz'])*0.5)*pow(-1, a['it'])))+(((above(a['ss'], 5)*a['sz'])*0.5)*pow(-1, a['it']))); a['xang']=a['q2']; a['axang']=0; a['yang']=a['q3']; a['ayang']=0; a['zang']=a['q4']; a['azang']=0; a['fov']=0.3; a['mx']=((a['ox']*Math.cos(a['zang']))-(a['oy']*Math.sin(a['zang']))); a['my']=((a['ox']*Math.sin(a['zang']))+(a['oy']*Math.cos(a['zang']))); a['ox']=a['mx']; a['oy']=a['my']; a['mx']=((a['ox']*Math.cos(a['yang']))+(a['oz']*Math.sin(a['yang']))); a['mz']=((-a['ox']*Math.sin(a['yang']))+(a['oz']*Math.cos(a['yang']))); a['ox']=a['mx']; a['oz']=a['mz']; a['my']=((a['oy']*Math.cos(a['xang']))-(a['oz']*Math.sin(a['xang']))); a['mz']=((a['oy']*Math.sin(a['xang']))+(a['oz']*Math.cos(a['xang']))); a['oy']=a['my']; a['oz']=a['mz']; a['a']=0.05; a['mod']=((a['oz']+1)*0.5); a['a']=(a['a']*Math.max(Math.min(a['mod'], 1), 0)); a['oz']=(a['oz']-2); a['x']=(div((a['ox']*a['fov']),a['oz'])+0.5); a['x']=(((a['x']-0.5)*0.75)+0.5); a['y']=(div((a['oy']*a['fov']),a['oz'])+0.5); a['r']=(1+Math.sin(a['sp'])); a['g']=(0.5+(0.5*Math.sin((a['sample']*1.57)))); a['b']=(0.5+(0.5*Math.cos((a['sample']*1.57))));"
  },
  {
   "baseVals": {
    "enabled": 0
   }
  },
  {
   "baseVals": {
    "enabled": 0
   }
  },
  {
   "baseVals": {
    "enabled": 1,
    "spectrum": 1,
    "thick": 1
   },
   "init_eqs_str": "a['xang'] = 0; a['fov'] = 0; a['br'] = 0; a['t1'] = 0; a['yang'] = 0; a['ss'] = 0; a['it'] = 0; a['q1'] = 0; a['my'] = 0; a['oz'] = 0; a['ayang'] = 0; a['pi'] = 0; a['q4'] = 0; a['mz'] = 0; a['oy'] = 0; a['mod'] = 0; a['sz'] = 0; a['ra'] = 0; a['azang'] = 0; a['mx'] = 0; a['sh'] = 0; a['sp'] = 0; a['q2'] = 0; a['zang'] = 0; a['axang'] = 0; a['q3'] = 0; a['ox'] = 0; a['q8'] = 0; ",
   "frame_eqs_str": "",
   "point_eqs_str": "a['sp']=((((a['sample']*6.28)*8)*8)*4); a['it']=(a['it']+1); a['it']=(a['it']*above(a['sample'], 0)); a['sz']=a['q1']; a['pi']=3.141592653; a['ss']=(a['sample']*6); a['ox']=(((((a['sz']*0.5)*pow(-1, a['it']))*below(a['ss'], 1))+((((0.5*pow(-1, a['it']))*above(a['ss'], 1))*a['sz'])*below(a['ss'], 2)))+((((above(a['ss'], 2)*0.5)*pow(-1, a['it']))*a['sz'])*below(a['ss'], 3))); a['oy']=(((((a['ss']-0.5)*a['sz'])*below(a['ss'], 1))+(((a['sz']*0.5)*above(a['ss'], 1))*below(a['ss'], 2)))+((((0.5-(a['ss']-2))*a['sz'])*above(a['ss'], 2))*below(a['ss'], 3))); a['oz']=((((-a['sz']*0.5)*below(a['ss'], 1))+(((((a['ss']-1)-0.5)*a['q8'])*above(a['ss'], 1))*below(a['ss'], 2)))+(((a['sz']*0.5)*above(a['ss'], 2))*below(a['ss'], 3))); a['ox']=(((a['ox']+((((above(a['ss'], 3)*below(a['ss'], 4))*-0.5)*a['sz'])*Math.cos(a['q8'])))+((((above(a['ss'], 4)*below(a['ss'], 5))*a['q8'])*Math.cos(a['time']))*(-0.5+(a['ss']-4))))+((above(a['ss'], 5)*a['sz'])*0.5)); a['oy']=((((a['oy']+(((above(a['ss'], 3)*below(a['ss'], 4))*0.5)*pow(-1, a['it'])))+(((above(a['ss'], 4)*below(a['ss'], 5))*a['sz'])*-0.5))+(((above(a['ss'], 5)*a['sz'])*Math.cos(a['time']))*(-0.5+(a['ss']-5))))+(a['q8']*0.5)); a['oz']=(((a['oz']+(((above(a['ss'], 3)*below(a['ss'], 4))*a['q8'])*(0.5-(a['ss']-3))))+((((above(a['ss'], 4)*below(a['ss'], 5))*a['sz'])*0.5)*pow(-1, a['it'])))+(((above(a['ss'], 5)*a['sz'])*0.5)*pow(-1, a['it']))); a['zang']=a['t1']; a['mx']=((a['ox']*Math.cos(a['zang']))-(a['oy']*Math.sin(a['zang']))); a['my']=((a['ox']*Math.sin(a['zang']))+(a['oy']*Math.cos(a['zang']))); a['ox']=a['mx']; a['oy']=a['my']; a['sh']=(a['sz']*0.5); a['br']=(div(a['zang'],a['pi'])+0.5); a['br']=(a['br']-(Math.floor((a['br']*0.25))*4)); a['br']=Math.floor(a['br']); a['ra']=pow(((a['sh']*a['sh'])*2), 0.5); a['ox']=((((a['ox']-((a['sh']+(a['ra']*Math.sin((-a['zang']+(a['pi']*0.25)))))*equal(a['br'], 0)))-((-a['sh']+(a['ra']*Math.sin((a['zang']+(a['pi']*0.25)))))*equal(a['br'], 1)))-((-a['sh']-(a['ra']*Math.sin((-a['zang']+(a['pi']*0.25)))))*equal(a['br'], 2)))-((a['sh']-(a['ra']*Math.sin((a['zang']+(a['pi']*0.25)))))*equal(a['br'], 3))); a['oy']=((((a['oy']-((a['sh']+(a['ra']*Math.cos((-a['zang']+(a['pi']*0.25)))))*equal(a['br'], 0)))-((a['sh']-(a['ra']*Math.cos((a['zang']+(a['pi']*0.25)))))*equal(a['br'], 1)))-((-a['sh']-(a['ra']*Math.cos((-a['zang']+(a['pi']*0.25)))))*equal(a['br'], 2)))-((-a['sh']+(a['ra']*Math.cos((a['zang']+(a['pi']*0.25)))))*equal(a['br'], 3))); a['yang']=(a['pi']*0.5); a['mx']=((a['ox']*Math.cos(a['yang']))+(a['oz']*Math.sin(a['yang']))); a['mz']=((-a['ox']*Math.sin(a['yang']))+(a['oz']*Math.cos(a['yang']))); a['ox']=a['mx']; a['oz']=a['mz']; a['xang']=a['q2']; a['axang']=0; a['yang']=a['q3']; a['ayang']=0; a['zang']=a['q4']; a['azang']=0; a['fov']=0.4; a['mx']=((a['ox']*Math.cos(a['zang']))-(a['oy']*Math.sin(a['zang']))); a['my']=((a['ox']*Math.sin(a['zang']))+(a['oy']*Math.cos(a['zang']))); a['ox']=a['mx']; a['oy']=a['my']; a['mx']=((a['ox']*Math.cos(a['yang']))+(a['oz']*Math.sin(a['yang']))); a['mz']=((-a['ox']*Math.sin(a['yang']))+(a['oz']*Math.cos(a['yang']))); a['ox']=a['mx']; a['oz']=a['mz']; a['my']=((a['oy']*Math.cos(a['xang']))-(a['oz']*Math.sin(a['xang']))); a['mz']=((a['oy']*Math.sin(a['xang']))+(a['oz']*Math.cos(a['xang']))); a['oy']=a['my']; a['oz']=a['mz']; a['a']=0.05; a['mod']=((a['oz']+1)*0.5); a['a']=(a['a']*Math.max(Math.min(a['mod'], 1), 0)); a['oz']=(a['oz']-2); a['x']=(div((a['ox']*a['fov']),a['oz'])+0.5); a['x']=(((a['x']-0.5)*0.75)+0.45); a['y']=(div((a['oy']*a['fov']),a['oz'])+0.40); a['b']=-Math.sin(a['sp']); a['r']=(0.5-(0.5*Math.sin((a['sample']*1.57)))); a['g']=(0.5-(0.5*Math.cos((a['sample']*1.57))));"
  }
 ],
 "init_eqs_str": "a['tic'] = 0; a['q1'] = 0; a['mid_avg'] = 0; a['tin'] = 0; a['bass_avg'] = 0; a['vav'] = 0; a['q4'] = 0; a['rd'] = 0; a['mt'] = 0; a['ra'] = 0; a['treb_avg'] = 0; a['q2'] = 0; a['q3'] = 0; a['q7'] = 0; a['rb'] = 0; a['q8'] = 0; a['zoom']=1; a['xpos']=0; a['ypos']=0;",
 "frame_eqs_str": "a['decay']=1; a['warp']=0; a['tic']=Math.min((a['time']-a['tin']), 0.1); a['tin']=a['time']; a['ra']=10; a['treb_avg']=(a['tic']*((a['treb_avg']*(div(1,a['tic'])-a['ra']))+(a['ra']*a['treb']))); a['mid_avg']=(a['tic']*((a['mid_avg']*(div(1,a['tic'])-a['ra']))+(a['ra']*a['mid']))); a['bass_avg']=(a['tic']*((a['bass_avg']*(div(1,a['tic'])-a['ra']))+(a['ra']*a['bass']))); a['rb']=1; a['vav']=(a['tic']*((a['vav']*(div(1,a['tic'])-a['rb']))+((a['rb']*((a['bass']+a['treb'])+a['mid']))*0.33333))); a['q1']=a['treb_avg']; a['q2']=a['mid_avg']; a['q3']=a['bass_avg']; a['q4']=a['vav']; a['mt']=((a['mt']+((a['tic']*a['vav'])*100))*below(a['mt'], 10000)); a['q7']=(Math.sin((a['mt']*0.02))*0.1); a['q8']=(Math.sin((a['mt']*0.01))*0.1); a['dx']=(Math.sin((a['mt']*0.1))*0.07); a['dy']=(Math.cos((a['mt']*0.069))*0.07); a['monitor']=a['mt'];",
 "pixel_eqs_str": "a['rd']=sqrt((sqr((((a['x']-0.5)-a['q7'])*3))+sqr((((a['y']-0.5)+a['q8'])*2)))); a['zoom']=div((a['rd']*a['rd']),2.5);",
 "baseVals": {
  "rating": 1,
  "gammaadj": 1.7,
  "decay": 1,
  "echo_zoom": 1,
  "echo_alpha": 0.5,
  "echo_orient": 1,
  "wave_mode": 7,
  "additivewave": 1,
  "modwavealphabyvolume": 1,
  "wave_brighten": 0,
  "brighten": 1,
  "wave_a": 4.1,
  "wave_scale": 1.286,
  "wave_smoothing": 0.63,
  "modwavealphastart": 0.71,
  "modwavealphaend": 1.3,
  "warpscale": 1.331,
  "zoom": 13.29089,
  "dx": -0.28,
  "dy": -0.32,
  "warp": 0.01,
  "wave_r": 0.65,
  "wave_g": 0.65,
  "wave_b": 0.65,
  "ob_size": 0.02,
  "ib_size": 0.05,
  "ib_r": 0,
  "ib_g": 0,
  "ib_b": 0,
  "ib_a": 1,
  "mv_a": 0
 },
 "warp": "",
 "comp": ""
}