{
 "shapes": [
  {
   "baseVals": {
    "enabled": 1,
    "sides": 73,
    "textured": 1,
    "rad": 0.83263,
    "ang": 6.03186,
    "tex_ang": 5.78053,
    "g": 1,
    "b": 1,
    "r2": 1,
    "b2": 1,
    "a2": 1,
    "border_a": 0
   },
   "init_eqs_str": "a['flag1'] = 0; a['q1'] = 0; a['flag'] = 0; ",
   "frame_eqs_str": "a['flag1']=Math.floor(Math.abs((a['flag1']-a['q1']))); a['flag']=Math.floor(Math.abs((a['flag']-(a['q1']*a['flag1'])))); a['ang']=((a['ang']+((Math.abs(a['flag'])>0.00001)?(0):(-0.4)))+((Math.abs(Math.sin(a['bass']))*0.4)*((Math.abs(a['flag'])>0.00001)?(1):(-1)))); a['x']=(a['x']+(Math.sin((a['time']*0.7))*0.06)); a['y']=(a['y']+(Math.sin((a['time']*0.5))*0.06));"
  },
  {
   "baseVals": {
    "enabled": 1,
    "textured": 1,
    "x": 0.81,
    "y": 0.22,
    "rad": 0.50627,
    "g": 1,
    "b": 1,
    "a": 0.89,
    "b2": 1,
    "a2": 0.31,
    "border_a": 0
   },
   "init_eqs_str": "a['flag'] = 0; a['q1'] = 0; ",
   "frame_eqs_str": "a['flag']=Math.abs((a['flag']-a['q1'])); a['y']=((Math.abs(a['flag'])>0.00001)?(0.8):(0.2));"
  },
  {
   "baseVals": {
    "enabled": 1,
    "textured": 1,
    "x": 0.181,
    "y": 0.8,
    "rad": 0.59958,
    "g": 1,
    "b": 1,
    "r2": 1,
    "border_a": 0
   },
   "init_eqs_str": "a['flag'] = 0; a['q1'] = 0; ",
   "frame_eqs_str": "a['flag']=Math.abs((a['flag']-a['q1'])); a['y']=((Math.abs(a['flag'])>0.00001)?(0.2):(0.8));"
  },
  {
   "baseVals": {
    "enabled": 1,
    "x": 0.56,
    "y": 0.15,
    "rad": 0.23067,
    "ang": 5.40354,
    "tex_zoom": 0.01,
    "g": 1,
    "b": 1,
    "r2": 1,
    "b2": 1,
    "a2": 0.4
   },
   "init_eqs_str": "a['meanbass'] = 0; a['meantreb'] = 0; a['meanmid'] = 0; a['bassdiff'] = 0; a['trebdiff'] = 0; a['middiff'] = 0; ",
   "frame_eqs_str": "a['meanbass']=(0.01*((a['meanbass']*99)+a['bass'])); a['meantreb']=(0.01*((a['meantreb']*99)+a['treb'])); a['meanmid']=(0.01*((a['meanmid']*99)+a['mid'])); a['bassdiff']=((a['bass']-a['meanbass'])*15); a['trebdiff']=((a['treb']-a['meantreb'])*15); a['middiff']=((a['mid']-a['meanmid'])*15); a['bassdiff']=(above(a['bassdiff'], 0)*a['bassdiff']); a['trebdiff']=(above(a['trebdiff'], 0)*a['trebdiff']); a['middiff']=(above(a['middiff'], 0)*a['middiff']); a['g']=Math.min(1, Math.max(0, (0.2*a['trebdiff']))); a['r']=Math.min(1, Math.max(0, (0.2*a['middiff']))); a['b']=Math.min(1, Math.max(0, (0.2*a['bassdiff']))); a['g2']=Math.min(1, Math.max(0, (0.2*a['trebdiff']))); a['r2']=Math.min(1, Math.max(0, (0.2*a['middiff']))); a['b2']=Math.min(1, Math.max(0, (0.2*a['bassdiff']))); a['x']=(a['x']+(Math.sin((a['time']*0.7))*0.06)); a['y']=(a['y']+(Math.sin((a['time']*0.5))*0.06)); a['ang']=Math.sin(a['time']); a['rad']=((a['rad']-0.4)+(0.05*a['bass']));"
  }
 ],
 "waves": [
  {
   "baseVals": {
    "enabled": 0
   }
  },
  {
   "baseVals": {
    "enabled": 0
   }
  },
  {
   "baseVals": {
    "enabled": 0
   }
  },
  {
   "baseVals": {
    "enabled": 0
   }
  }
 ],
 "init_eqs_str": "",
 "frame_eqs_str": "a['warp']=0; a['wave_r']=(a['bass']*0.5); a['wave_g']=(a['treb']*0.5); a['wave_b']=(a['mid']*0.5); a['decay']=0.99; a['rot']=(a['rot']+(0.040*((0.60*Math.sin((0.381*a['time'])))+(0.40*Math.sin((0.579*a['time'])))))); a['zoom']=Math.max(0.98, Math.min((0.15+(0.8*a['bass_att'])), 1.75));",
 "pixel_eqs_str": "a['zoom']=(1.2+(a['rad']*0.1)); a['zoomexp']=(1-(1*Math.sin(((a['rad']*a['time'])*100))));",
 "baseVals": {
  "rating": 1,
  "gammaadj": 1.28,
  "decay": 0.8,
  "echo_zoom": 1,
  "additivewave": 1,
  "modwavealphabyvolume": 1,
  "wave_brighten": 0,
  "wrap": 0,
  "wave_a": 0.003,
  "wave_scale": 0.573,
  "wave_smoothing": 0,
  "modwavealphastart": 0.24,
  "modwavealphaend": 1.3,
  "warpanimspeed": 2,
  "zoomexp": 0.0567,
  "fshader": 1,
  "zoom": 0.5393,
  "sx": 0.8195,
  "sy": 0.81954,
  "wave_r": 0.65,
  "wave_g": 0.65,
  "wave_b": 0.65,
  "ob_r": 0.5,
  "ob_g": 0.01,
  "ob_b": 0.01,
  "ob_a": 0.95,
  "ib_r": 0.01,
  "ib_g": 0.01,
  "ib_b": 0.5,
  "ib_a": 0.95,
  "mv_x": 64,
  "mv_y": 48,
  "mv_l": 0,
  "mv_a": 0
 },
 "warp": "",
 "comp": ""
}