{
 "shapes": [
  {
   "baseVals": {
    "enabled": 0
   }
  },
  {
   "baseVals": {
    "enabled": 0
   }
  },
  {
   "baseVals": {
    "enabled": 0
   }
  },
  {
   "baseVals": {
    "enabled": 0
   }
  }
 ],
 "waves": [
  {
   "baseVals": {
    "enabled": 1,
    "spectrum": 1,
    "thick": 1
   },
   "init_eqs_str": "a['fov'] = 0; a['yr'] = 0; a['s'] = 0; a['tmpa'] = 0; a['sr'] = 0; a['t1'] = 0; a['tr'] = 0; a['xr'] = 0; a['ss'] = 0; a['it'] = 0; a['hvg'] = 0; a['sum'] = 0; a['hvr'] = 0; a['q5'] = 0; a['ps'] = 0; a['bob'] = 0; a['diff'] = 0; a['t3'] = 0; a['tin'] = 0; a['oz'] = 0; a['maxrgb'] = 0; a['minrgb'] = 0; a['oy'] = 0; a['mod'] = 0; a['sz'] = 0; a['tmpb'] = 0; a['t2'] = 0; a['l'] = 0; a['hvb'] = 0; a['sp'] = 0; a['h'] = 0; a['ox'] = 0; ",
   "frame_eqs_str": "a['ps']=((Math.abs(above((a['time']-a['tin']), a['tr']))>0.00001)?(1):(0)); a['tin']=((Math.abs(a['ps'])>0.00001)?(a['time']):(a['tin'])); a['sz']=3.5; a['xr']=((Math.abs(a['ps'])>0.00001)?(((Math.floor(randint((((a['sz']*10)*2)+1)))*0.1)-a['sz'])):(a['xr'])); a['yr']=((Math.abs(a['ps'])>0.00001)?(((Math.floor(randint(((((a['sz']*10)*2)*0.75)+1)))*0.1)-(a['sz']*0.75))):(a['yr'])); a['tr']=((Math.abs(a['ps'])>0.00001)?(((Math.floor(randint(11))*0.1)*0.1)):(a['tr'])); a['sr']=((Math.abs(a['ps'])>0.00001)?((((Math.floor(randint(8))+3)*0.1)*0.6)):(a['sr'])); a['bob']=((Math.abs(a['ps'])>0.00001)?((Math.floor(randint(a['q5']))*100)):(a['bob'])); a['t1']=(a['xr']+a['bob']); a['t2']=(a['yr']+a['bob']); a['t3']=a['sr'];",
   "point_eqs_str": "a['sp']=((((a['sample']*6.28)*8)*8)*4); a['it']=(a['it']+1); a['it']=(a['it']*above(a['sample'], 0)); a['sz']=a['t3']; a['ss']=(a['sample']*6); a['ox']=(((((a['sz']*0.5)*pow(-1, a['it']))*below(a['ss'], 1))+((((0.5*pow(-1, a['it']))*above(a['ss'], 1))*a['sz'])*below(a['ss'], 2)))+((((above(a['ss'], 2)*0.5)*pow(-1, a['it']))*a['sz'])*below(a['ss'], 3))); a['oy']=(((((a['ss']-0.5)*a['sz'])*below(a['ss'], 1))+(((a['sz']*0.5)*above(a['ss'], 1))*below(a['ss'], 2)))+((((0.5-(a['ss']-2))*a['sz'])*above(a['ss'], 2))*below(a['ss'], 3))); a['oz']=((((-a['sz']*0.5)*below(a['ss'], 1))+(((((a['ss']-1)-0.5)*a['sz'])*above(a['ss'], 1))*below(a['ss'], 2)))+(((a['sz']*0.5)*above(a['ss'], 2))*below(a['ss'], 3))); a['ox']=(((a['ox']+(((above(a['ss'], 3)*below(a['ss'], 4))*-0.5)*a['sz']))+(((above(a['ss'], 4)*below(a['ss'], 5))*a['sz'])*(-0.5+(a['ss']-4))))+((above(a['ss'], 5)*a['sz'])*0.5)); a['oy']=(((a['oy']+((((above(a['ss'], 3)*below(a['ss'], 4))*0.5)*a['sz'])*pow(-1, a['it'])))+(((above(a['ss'], 4)*below(a['ss'], 5))*a['sz'])*-0.5))+((above(a['ss'], 5)*a['sz'])*(-0.5+(a['ss']-5)))); a['oz']=(((a['oz']+(((above(a['ss'], 3)*below(a['ss'], 4))*a['sz'])*(0.5-(a['ss']-3))))+((((above(a['ss'], 4)*below(a['ss'], 5))*a['sz'])*0.5)*pow(-1, a['it'])))+(((above(a['ss'], 5)*a['sz'])*0.5)*pow(-1, a['it']))); a['fov']=0.3; a['a']=0.05; a['mod']=((a['oz']+1)*0.5); a['a']=(a['a']*Math.max(Math.min(a['mod'], 1), 0)); a['oz']=(a['oz']-2); a['ox']=(a['ox']+a['t1']); a['oy']=(a['oy']+a['t2']); a['x']=(div((a['ox']*a['fov']),a['oz'])+0.5); a['x']=(((a['x']-0.5)*0.75)+0.5); a['y']=(div((a['oy']*a['fov']),a['oz'])+0.5); a['r']=1; a['g']=(0.25+(0.25*Math.sin(a['sp']))); a['b']=0; a['minrgb']=Math.min(a['r'], Math.min(a['g'], a['b'])); a['maxrgb']=Math.max(a['r'], Math.max(a['g'], a['b'])); a['l']=((a['maxrgb']-a['minrgb'])*0.5); a['diff']=(a['maxrgb']-a['minrgb']); a['sum']=(a['maxrgb']+a['minrgb']); a['s']=(((Math.abs(above(a['l'], 0.5))>0.00001)?(div(a['diff'],(2-a['sum']))):(div(a['diff'],a['sum'])))*(1-equal(a['l'], 0))); a['h']=((Math.abs(equal(a['r'], a['maxrgb']))>0.00001)?(div((a['g']-a['b']),a['diff'])):(((Math.abs(equal(a['g'], a['maxrgb']))>0.00001)?((2+div((a['b']-a['r']),a['diff']))):((4+div((a['r']-a['g']),a['diff'])))))); a['h']=(a['h']*0.1666666); a['h']=((Math.abs(below(a['h'], 0))>0.00001)?(0):(((Math.abs(above(a['h'], 1))>0.00001)?(1):(a['h'])))); a['h']=(a['h']+((a['time']*0.05)*1.324)); a['h']=(a['h']-Math.floor(a['h'])); a['tmpb']=((Math.abs(below(a['l'], 0.5))>0.00001)?((a['l']*(1+a['s']))):(((a['l']+a['s'])-(a['s']*a['l'])))); a['tmpa']=((2*a['l'])-a['tmpb']); a['hvr']=(a['h']+0.333333); a['hvr']=((Math.abs(below(a['hvr'], 0))>0.00001)?((a['hvr']+1)):(((Math.abs(above(a['hvr'], 1))>0.00001)?((a['hvr']-1)):(a['hvr'])))); a['hvg']=a['h']; a['hvg']=((Math.abs(below(a['hvg'], 0))>0.00001)?((a['hvg']+1)):(((Math.abs(above(a['hvg'], 1))>0.00001)?((a['hvg']-1)):(a['hvg'])))); a['hvb']=(a['h']-0.333333); a['hvb']=((Math.abs(below(a['hvb'], 0))>0.00001)?((a['hvb']+1)):(((Math.abs(above(a['hvb'], 1))>0.00001)?((a['hvb']-1)):(a['hvb'])))); a['r']=((Math.abs(below((6*a['hvr']), 1))>0.00001)?((a['tmpa']+(((a['tmpb']-a['tmpa'])*6)*a['hvr']))):(((Math.abs(below((2*a['hvr']), 1))>0.00001)?(a['tmpb']):(((Math.abs(below((a['hvr']*3), 2))>0.00001)?((a['tmpa']+(((a['tmpb']-a['tmpa'])*(0.666666-a['hvr']))*6))):(a['tmpa'])))))); a['g']=((Math.abs(below((6*a['hvg']), 1))>0.00001)?((a['tmpa']+(((a['tmpb']-a['tmpa'])*6)*a['hvg']))):(((Math.abs(below((2*a['hvg']), 1))>0.00001)?(a['tmpb']):(((Math.abs(below((a['hvg']*3), 2))>0.00001)?((a['tmpa']+(((a['tmpb']-a['tmpa'])*(0.666666-a['hvg']))*6))):(a['tmpa'])))))); a['b']=((Math.abs(below((6*a['hvb']), 1))>0.00001)?((a['tmpa']+(((a['tmpb']-a['tmpa'])*6)*a['hvb']))):(((Math.abs(below((2*a['hvb']), 1))>0.00001)?(a['tmpb']):(((Math.abs(below((a['hvb']*3), 2))>0.00001)?((a['tmpa']+(((a['tmpb']-a['tmpa'])*(0.666666-a['hvb']))*6))):(a['tmpa']))))));"
  },
  {
   "baseVals": {
    "enabled": 1,
    "spectrum": 1,
    "thick": 1
   },
   "init_eqs_str": "a['fov'] = 0; a['yr'] = 0; a['sr'] = 0; a['t1'] = 0; a['tr'] = 0; a['xr'] = 0; a['ss'] = 0; a['it'] = 0; a['q5'] = 0; a['ps'] = 0; a['bob'] = 0; a['t3'] = 0; a['tin'] = 0; a['oz'] = 0; a['oy'] = 0; a['mod'] = 0; a['sz'] = 0; a['t2'] = 0; a['sp'] = 0; a['ox'] = 0; ",
   "frame_eqs_str": "a['ps']=((Math.abs(above((a['time']-a['tin']), a['tr']))>0.00001)?(1):(0)); a['tin']=((Math.abs(a['ps'])>0.00001)?(a['time']):(a['tin'])); a['sz']=3.5; a['xr']=((Math.abs(a['ps'])>0.00001)?(((Math.floor(randint((((a['sz']*10)*2)+1)))*0.1)-a['sz'])):(a['xr'])); a['yr']=((Math.abs(a['ps'])>0.00001)?(((Math.floor(randint(((((a['sz']*10)*2)*0.75)+1)))*0.1)-(a['sz']*0.75))):(a['yr'])); a['tr']=((Math.abs(a['ps'])>0.00001)?(((Math.floor(randint(11))*0.1)*0.1)):(a['tr'])); a['sr']=((Math.abs(a['ps'])>0.00001)?((((Math.floor(randint(8))+3)*0.1)*0.6)):(a['sr'])); a['bob']=((Math.abs(a['ps'])>0.00001)?((Math.floor(randint(a['q5']))*100)):(a['bob'])); a['t1']=(a['xr']+a['bob']); a['t2']=(a['yr']+a['bob']); a['t3']=a['sr'];",
   "point_eqs_str": "a['sp']=((((a['sample']*6.28)*8)*8)*4); a['it']=(a['it']+1); a['it']=(a['it']*above(a['sample'], 0)); a['sz']=a['t3']; a['ss']=(a['sample']*6); a['ox']=(((((a['sz']*0.5)*pow(-1, a['it']))*below(a['ss'], 1))+((((0.5*pow(-1, a['it']))*above(a['ss'], 1))*a['sz'])*below(a['ss'], 2)))+((((above(a['ss'], 2)*0.5)*pow(-1, a['it']))*a['sz'])*below(a['ss'], 3))); a['oy']=(((((a['ss']-0.5)*a['sz'])*below(a['ss'], 1))+(((a['sz']*0.5)*above(a['ss'], 1))*below(a['ss'], 2)))+((((0.5-(a['ss']-2))*a['sz'])*above(a['ss'], 2))*below(a['ss'], 3))); a['oz']=((((-a['sz']*0.5)*below(a['ss'], 1))+(((((a['ss']-1)-0.5)*a['sz'])*above(a['ss'], 1))*below(a['ss'], 2)))+(((a['sz']*0.5)*above(a['ss'], 2))*below(a['ss'], 3))); a['ox']=(((a['ox']+(((above(a['ss'], 3)*below(a['ss'], 4))*-0.5)*a['sz']))+(((above(a['ss'], 4)*below(a['ss'], 5))*a['sz'])*(-0.5+(a['ss']-4))))+((above(a['ss'], 5)*a['sz'])*0.5)); a['oy']=(((a['oy']+((((above(a['ss'], 3)*below(a['ss'], 4))*0.5)*a['sz'])*pow(-1, a['it'])))+(((above(a['ss'], 4)*below(a['ss'], 5))*a['sz'])*-0.5))+((above(a['ss'], 5)*a['sz'])*(-0.5+(a['ss']-5)))); a['oz']=(((a['oz']+(((above(a['ss'], 3)*below(a['ss'], 4))*a['sz'])*(0.5-(a['ss']-3))))+((((above(a['ss'], 4)*below(a['ss'], 5))*a['sz'])*0.5)*pow(-1, a['it'])))+(((above(a['ss'], 5)*a['sz'])*0.5)*pow(-1, a['it']))); a['fov']=0.3; a['a']=0.05; a['mod']=((a['oz']+1)*0.5); a['a']=(a['a']*Math.max(Math.min(a['mod'], 1), 0)); a['oz']=(a['oz']-2); a['ox']=(a['ox']+a['t1']); a['oy']=(a['oy']+a['t2']); a['x']=(div((a['ox']*a['fov']),a['oz'])+0.5); a['x']=(((a['x']-0.5)*0.75)+0.5); a['y']=(div((a['oy']*a['fov']),a['oz'])+0.5); a['r']=(1+Math.sin(a['sp'])); a['g']=(0.5+(0.5*Math.sin((a['sample']*1.57)))); a['b']=(0.5+(0.5*Math.cos((a['sample']*1.57))));"
  },
  {
   "baseVals": {
    "enabled": 1,
    "spectrum": 1,
    "thick": 1
   },
   "init_eqs_str": "a['fov'] = 0; a['yr'] = 0; a['sr'] = 0; a['t1'] = 0; a['tr'] = 0; a['xr'] = 0; a['ss'] = 0; a['it'] = 0; a['q5'] = 0; a['ps'] = 0; a['bob'] = 0; a['t3'] = 0; a['tin'] = 0; a['oz'] = 0; a['oy'] = 0; a['mod'] = 0; a['sz'] = 0; a['t2'] = 0; a['sp'] = 0; a['ox'] = 0; ",
   "frame_eqs_str": "a['ps']=((Math.abs(above((a['time']-a['tin']), a['tr']))>0.00001)?(1):(0)); a['tin']=((Math.abs(a['ps'])>0.00001)?(a['time']):(a['tin'])); a['sz']=3.5; a['xr']=((Math.abs(a['ps'])>0.00001)?(((Math.floor(randint((((a['sz']*10)*2)+1)))*0.1)-a['sz'])):(a['xr'])); a['yr']=((Math.abs(a['ps'])>0.00001)?(((Math.floor(randint(((((a['sz']*10)*2)*0.75)+1)))*0.1)-(a['sz']*0.75))):(a['yr'])); a['tr']=((Math.abs(a['ps'])>0.00001)?(((Math.floor(randint(11))*0.1)*0.1)):(a['tr'])); a['sr']=((Math.abs(a['ps'])>0.00001)?((((Math.floor(randint(8))+3)*0.1)*0.6)):(a['sr'])); a['bob']=((Math.abs(a['ps'])>0.00001)?((Math.floor(randint(a['q5']))*100)):(a['bob'])); a['t1']=(a['xr']+a['bob']); a['t2']=(a['yr']+a['bob']); a['t3']=a['sr'];",
   "point_eqs_str": "a['sp']=((((a['sample']*6.28)*8)*8)*4); a['it']=(a['it']+1); a['it']=(a['it']*above(a['sample'], 0)); a['sz']=a['t3']; a['ss']=(a['sample']*6); a['ox']=(((((a['sz']*0.5)*pow(-1, a['it']))*below(a['ss'], 1))+((((0.5*pow(-1, a['it']))*above(a['ss'], 1))*a['sz'])*below(a['ss'], 2)))+((((above(a['ss'], 2)*0.5)*pow(-1, a['it']))*a['sz'])*below(a['ss'], 3))); a['oy']=(((((a['ss']-0.5)*a['sz'])*below(a['ss'], 1))+(((a['sz']*0.5)*above(a['ss'], 1))*below(a['ss'], 2)))+((((0.5-(a['ss']-2))*a['sz'])*above(a['ss'], 2))*below(a['ss'], 3))); a['oz']=((((-a['sz']*0.5)*below(a['ss'], 1))+(((((a['ss']-1)-0.5)*a['sz'])*above(a['ss'], 1))*below(a['ss'], 2)))+(((a['sz']*0.5)*above(a['ss'], 2))*below(a['ss'], 3))); a['ox']=(((a['ox']+(((above(a['ss'], 3)*below(a['ss'], 4))*-0.5)*a['sz']))+(((above(a['ss'], 4)*below(a['ss'], 5))*a['sz'])*(-0.5+(a['ss']-4))))+((above(a['ss'], 5)*a['sz'])*0.5)); a['oy']=(((a['oy']+((((above(a['ss'], 3)*below(a['ss'], 4))*0.5)*a['sz'])*pow(-1, a['it'])))+(((above(a['ss'], 4)*below(a['ss'], 5))*a['sz'])*-0.5))+((above(a['ss'], 5)*a['sz'])*(-0.5+(a['ss']-5)))); a['oz']=(((a['oz']+(((above(a['ss'], 3)*below(a['ss'], 4))*a['sz'])*(0.5-(a['ss']-3))))+((((above(a['ss'], 4)*below(a['ss'], 5))*a['sz'])*0.5)*pow(-1, a['it'])))+(((above(a['ss'], 5)*a['sz'])*0.5)*pow(-1, a['it']))); a['fov']=0.3; a['a']=0.05; a['mod']=((a['oz']+1)*0.5); a['a']=(a['a']*Math.max(Math.min(a['mod'], 1), 0)); a['oz']=(a['oz']-2); a['ox']=(a['ox']+a['t1']); a['oy']=(a['oy']+a['t2']); a['x']=(div((a['ox']*a['fov']),a['oz'])+0.5); a['x']=(((a['x']-0.5)*0.75)+0.5); a['y']=(div((a['oy']*a['fov']),a['oz'])+0.5); a['r']=(1+Math.sin(a['sp'])); a['g']=(0.5+(0.5*Math.sin((a['sample']*1.57)))); a['b']=(0.5+(0.5*Math.cos((a['sample']*1.57))));"
  },
  {
   "baseVals": {
    "enabled": 1,
    "spectrum": 1,
    "thick": 1
   },
   "init_eqs_str": "a['fov'] = 0; a['yr'] = 0; a['sr'] = 0; a['t1'] = 0; a['tr'] = 0; a['xr'] = 0; a['ss'] = 0; a['it'] = 0; a['q5'] = 0; a['ps'] = 0; a['bob'] = 0; a['t3'] = 0; a['tin'] = 0; a['oz'] = 0; a['oy'] = 0; a['mod'] = 0; a['sz'] = 0; a['t2'] = 0; a['sp'] = 0; a['ox'] = 0; ",
   "frame_eqs_str": "a['ps']=((Math.abs(above((a['time']-a['tin']), a['tr']))>0.00001)?(1):(0)); a['tin']=((Math.abs(a['ps'])>0.00001)?(a['time']):(a['tin'])); a['sz']=3.5; a['xr']=((Math.abs(a['ps'])>0.00001)?(((Math.floor(randint((((a['sz']*10)*2)+1)))*0.1)-a['sz'])):(a['xr'])); a['yr']=((Math.abs(a['ps'])>0.00001)?(((Math.floor(randint(((((a['sz']*10)*2)*0.75)+1)))*0.1)-(a['sz']*0.75))):(a['yr'])); a['tr']=((Math.abs(a['ps'])>0.00001)?(((Math.floor(randint(11))*0.1)*0.1)):(a['tr'])); a['sr']=((Math.abs(a['ps'])>0.00001)?((((Math.floor(randint(8))+3)*0.1)*0.6)):(a['sr'])); a['bob']=((Math.abs(a['ps'])>0.00001)?((Math.floor(randint(a['q5']))*100)):(a['bob'])); a['t1']=(a['xr']+a['bob']); a['t2']=(a['yr']+a['bob']); a['t3']=a['sr'];",
   "point_eqs_str": "a['sp']=((((a['sample']*6.28)*8)*8)*4); a['it']=(a['it']+1); a['it']=(a['it']*above(a['sample'], 0)); a['sz']=a['t3']; a['ss']=(a['sample']*6); a['ox']=(((((a['sz']*0.5)*pow(-1, a['it']))*below(a['ss'], 1))+((((0.5*pow(-1, a['it']))*above(a['ss'], 1))*a['sz'])*below(a['ss'], 2)))+((((above(a['ss'], 2)*0.5)*pow(-1, a['it']))*a['sz'])*below(a['ss'], 3))); a['oy']=(((((a['ss']-0.5)*a['sz'])*below(a['ss'], 1))+(((a['sz']*0.5)*above(a['ss'], 1))*below(a['ss'], 2)))+((((0.5-(a['ss']-2))*a['sz'])*above(a['ss'], 2))*below(a['ss'], 3))); a['oz']=((((-a['sz']*0.5)*below(a['ss'], 1))+(((((a['ss']-1)-0.5)*a['sz'])*above(a['ss'], 1))*below(a['ss'], 2)))+(((a['sz']*0.5)*above(a['ss'], 2))*below(a['ss'], 3))); a['ox']=(((a['ox']+(((above(a['ss'], 3)*below(a['ss'], 4))*-0.5)*a['sz']))+(((above(a['ss'], 4)*below(a['ss'], 5))*a['sz'])*(-0.5+(a['ss']-4))))+((above(a['ss'], 5)*a['sz'])*0.5)); a['oy']=(((a['oy']+((((above(a['ss'], 3)*below(a['ss'], 4))*0.5)*a['sz'])*pow(-1, a['it'])))+(((above(a['ss'], 4)*below(a['ss'], 5))*a['sz'])*-0.5))+((above(a['ss'], 5)*a['sz'])*(-0.5+(a['ss']-5)))); a['oz']=(((a['oz']+(((above(a['ss'], 3)*below(a['ss'], 4))*a['sz'])*(0.5-(a['ss']-3))))+((((above(a['ss'], 4)*below(a['ss'], 5))*a['sz'])*0.5)*pow(-1, a['it'])))+(((above(a['ss'], 5)*a['sz'])*0.5)*pow(-1, a['it']))); a['fov']=0.3; a['a']=0.05; a['mod']=((a['oz']+1)*0.5); a['a']=(a['a']*Math.max(Math.min(a['mod'], 1), 0)); a['oz']=(a['oz']-2); a['ox']=(a['ox']+a['t1']); a['oy']=(a['oy']+a['t2']); a['x']=(div((a['ox']*a['fov']),a['oz'])+0.5); a['x']=(((a['x']-0.5)*0.75)+0.5); a['y']=(div((a['oy']*a['fov']),a['oz'])+0.5); a['r']=(1+Math.sin(a['sp'])); a['g']=(0.5+(0.5*Math.sin((a['sample']*1.57)))); a['b']=(0.5+(0.5*Math.cos((a['sample']*1.57))));"
  }
 ],
 "init_eqs_str": "a['tic'] = 0; a['q1'] = 0; a['mid_avg'] = 0; a['tin'] = 0; a['bass_avg'] = 0; a['vav'] = 0; a['q4'] = 0; a['rd'] = 0; a['mt'] = 0; a['ra'] = 0; a['treb_avg'] = 0; a['q2'] = 0; a['q3'] = 0; a['q7'] = 0; a['rb'] = 0; a['q8'] = 0; a['zoom']=1; a['xpos']=0; a['ypos']=0;",
 "frame_eqs_str": "a['decay']=1; a['warp']=0; a['tic']=Math.min((a['time']-a['tin']), 0.1); a['tin']=a['time']; a['ra']=10; a['treb_avg']=(a['tic']*((a['treb_avg']*(div(1,a['tic'])-a['ra']))+(a['ra']*a['treb']))); a['mid_avg']=(a['tic']*((a['mid_avg']*(div(1,a['tic'])-a['ra']))+(a['ra']*a['mid']))); a['bass_avg']=(a['tic']*((a['bass_avg']*(div(1,a['tic'])-a['ra']))+(a['ra']*a['bass']))); a['rb']=1; a['vav']=(a['tic']*((a['vav']*(div(1,a['tic'])-a['rb']))+((a['rb']*((a['bass']+a['treb'])+a['mid']))*0.33333))); a['q1']=a['treb_avg']; a['q2']=a['mid_avg']; a['q3']=a['bass_avg']; a['q4']=a['vav']; a['mt']=((a['mt']+((a['tic']*a['vav'])*100))*below(a['mt'], 10000)); a['q7']=(Math.sin((a['mt']*0.02))*0.1); a['q8']=(Math.sin((a['mt']*0.01))*0.1); a['dx']=(Math.sin((a['mt']*0.1))*0.07); a['dy']=(Math.cos((a['mt']*0.069))*0.07); a['monitor']=a['mt'];",
 "pixel_eqs_str": "a['rd']=sqrt((sqr((((a['x']-0.5)-a['q7'])*3))+sqr((((a['y']-0.5)+a['q8'])*2)))); a['zoom']=div((a['rd']*a['rd']),2.5);",
 "baseVals": {
  "rating": 1,
  "gammaadj": 1.7,
  "decay": 1,
  "echo_zoom": 1,
  "echo_alpha": 0.5,
  "echo_orient": 1,
  "wave_mode": 7,
  "additivewave": 1,
  "modwavealphabyvolume": 1,
  "wave_brighten": 0,
  "brighten": 1,
  "wave_a": 4.1,
  "wave_scale": 1.286,
  "wave_smoothing": 0.63,
  "modwavealphastart": 0.71,
  "modwavealphaend": 1.3,
  "warpscale": 1.331,
  "zoom": 13.29089,
  "dx": -0.28,
  "dy": -0.32,
  "warp": 0.01,
  "wave_r": 0.65,
  "wave_g": 0.65,
  "wave_b": 0.65,
  "ob_size": 0.02,
  "ib_size": 0.05,
  "ib_r": 0,
  "ib_g": 0,
  "ib_b": 0,
  "ib_a": 1,
  "mv_a": 0
 },
 "warp": "",
 "comp": ""
}