{
 "shapes": [
  {
   "baseVals": {
    "enabled": 0
   }
  },
  {
   "baseVals": {
    "enabled": 0
   }
  },
  {
   "baseVals": {
    "enabled": 0
   }
  },
  {
   "baseVals": {
    "enabled": 0
   }
  }
 ],
 "waves": [
  {
   "baseVals": {
    "enabled": 0
   }
  },
  {
   "baseVals": {
    "enabled": 0
   }
  },
  {
   "baseVals": {
    "enabled": 0
   }
  },
  {
   "baseVals": {
    "enabled": 0
   }
  }
 ],
 "init_eqs_str": "a['tic'] = 0; a['q1'] = 0; a['mid_avg'] = 0; a['tin'] = 0; a['bass_avg'] = 0; a['vav'] = 0; a['q4'] = 0; a['rd'] = 0; a['mt'] = 0; a['ra'] = 0; a['treb_avg'] = 0; a['q2'] = 0; a['q3'] = 0; a['q7'] = 0; a['rb'] = 0; a['q8'] = 0; a['zoom']=1; a['xpos']=0; a['ypos']=0;",
 "frame_eqs_str": "a['decay']=1; a['warp']=0; a['tic']=Math.min((a['time']-a['tin']), 0.1); a['tin']=a['time']; a['ra']=10; a['treb_avg']=(a['tic']*((a['treb_avg']*(div(1,a['tic'])-a['ra']))+(a['ra']*a['treb']))); a['mid_avg']=(a['tic']*((a['mid_avg']*(div(1,a['tic'])-a['ra']))+(a['ra']*a['mid']))); a['bass_avg']=(a['tic']*((a['bass_avg']*(div(1,a['tic'])-a['ra']))+(a['ra']*a['bass']))); a['rb']=1; a['vav']=(a['tic']*((a['vav']*(div(1,a['tic'])-a['rb']))+((a['rb']*((a['bass']+a['treb'])+a['mid']))*0.33333))); a['q1']=a['treb_avg']; a['q2']=a['mid_avg']; a['q3']=a['bass_avg']; a['q4']=a['vav']; a['mt']=((a['mt']+((a['tic']*a['vav'])*100))*below(a['mt'], 10000)); a['q7']=(Math.sin((a['mt']*0.02))*0.1); a['q8']=(Math.sin((a['mt']*0.01))*0.1); a['dx']=(Math.sin((a['mt']*0.1))*0.07); a['dy']=(Math.cos((a['mt']*0.069))*0.07); a['monitor']=a['mt'];",
 "pixel_eqs_str": "a['rd']=sqrt((sqr((((a['x']-0.5)-a['q7'])*3))+sqr((((a['y']-0.5)+a['q8'])*2)))); a['zoom']=div((a['rd']*a['rd']),2.5);",
 "baseVals": {
  "rating": 1,
  "gammaadj": 1.7,
  "decay": 1,
  "echo_zoom": 1,
  "echo_alpha": 0.5,
  "echo_orient": 1,
  "wave_thick": 1,
  "modwavealphabyvolume": 1,
  "wave_brighten": 0,
  "brighten": 1,
  "wave_a": 0.209,
  "wave_scale": 1.486,
  "wave_smoothing": 0,
  "wave_mystery": -0.3,
  "modwavealphastart": 0.71,
  "modwavealphaend": 1.3,
  "warpscale": 1.331,
  "zoom": 13.29089,
  "dx": -0.28,
  "dy": -0.32,
  "warp": 0.01,
  "wave_r": 0,
  "wave_g": 0,
  "wave_b": 0,
  "wave_y": 0.33,
  "ob_size": 0.02,
  "ib_size": 0.05,
  "ib_r": 0,
  "ib_g": 0,
  "ib_b": 0,
  "ib_a": 1,
  "mv_x": 33.152,
  "mv_y": 28.8,
  "mv_dx": 0.006,
  "mv_l": 1,
  "mv_r": 0.2,
  "mv_g": 0,
  "mv_b": 0,
  "mv_a": 0.6
 },
 "warp": "",
 "comp": ""
}