{
 "shapes": [
  {
   "baseVals": {
    "enabled": 1,
    "sides": 100,
    "rad": 0.49138,
    "r": 0,
    "b": 1,
    "border_a": 0
   },
   "init_eqs_str": "a['q4'] = 0; a['q5'] = 0; ",
   "frame_eqs_str": "a['x']=(0.5+a['q4']); a['y']=(0.5+a['q5']); a['a']=above(a['treb_att'], 0.5); a['r2']=Math.sin((a['time']*1.23)); a['g2']=Math.cos((a['time']*2.34)); a['b2']=Math.sin((a['time']*2.34));"
  },
  {
   "baseVals": {
    "enabled": 1,
    "textured": 1,
    "rad": 0.44484,
    "tex_zoom": 0.81954,
    "g": 1,
    "b": 1,
    "r2": 1,
    "b2": 1,
    "border_a": 0
   },
   "init_eqs_str": "a['q4'] = 0; a['q5'] = 0; ",
   "frame_eqs_str": "a['tex_ang']=0.01; a['x']=(0.5+a['q4']); a['y']=(0.5+a['q5']);"
  },
  {
   "baseVals": {
    "enabled": 0
   }
  },
  {
   "baseVals": {
    "enabled": 0
   }
  }
 ],
 "waves": [
  {
   "baseVals": {
    "enabled": 0
   }
  },
  {
   "baseVals": {
    "enabled": 0
   }
  },
  {
   "baseVals": {
    "enabled": 0
   }
  },
  {
   "baseVals": {
    "enabled": 0
   }
  }
 ],
 "init_eqs_str": "a['basstime'] = 0; a['stickybit'] = 0; a['volavg2'] = 0; a['q1'] = 0; a['decay_r'] = 0; a['sample1'] = 0; a['difftime'] = 0; a['diff'] = 0; a['decay_b'] = 0; a['edge'] = 0; a['volavg'] = 0; a['bit2'] = 0; a['vol'] = 0; a['q2'] = 0; a['q3'] = 0; a['basssum'] = 0; a['decay_g'] = 0; a['sample2'] = 0;",
 "frame_eqs_str": "a['basstime']=(a['basstime']+(a['bass']*0.03)); a['q1']=(a['basstime']*4); a['basstime']=((Math.abs(below(a['basstime'], 1000))>0.00001)?(1000):(a['basstime'])); a['basstime']=(a['basstime']+(a['bass_att']*0.03)); a['vol']=pow(((a['bass']+a['mid'])+a['treb']), 2); a['basssum']=a['vol']; a['stickybit']=mod(a['time'],2); a['volavg']=(a['volavg']+(a['vol']*equal(a['stickybit'], 1))); a['sample1']=(a['sample1']+equal(a['stickybit'], 1)); a['volavg2']=(a['volavg2']+(a['vol']*equal(a['stickybit'], 0))); a['sample2']=(a['sample2']+equal(a['stickybit'], 0)); a['edge']=bnot(equal(a['bit2'], a['stickybit'])); a['volavg']=(a['volavg']-((a['volavg']*a['edge'])*a['stickybit'])); a['volavg2']=(a['volavg2']-((a['volavg2']*a['edge'])*equal(a['stickybit'], 0))); a['sample1']=(a['sample1']-((a['sample1']*a['edge'])*a['stickybit'])); a['sample2']=(a['sample2']-((a['sample2']*a['edge'])*equal(a['stickybit'], 0))); a['diff']=((Math.abs(equal(a['stickybit'], 1))>0.00001)?(div(a['basssum'],div(a['volavg2'],a['sample2']))):(0)); a['diff']=((Math.abs(equal(a['stickybit'], 0))>0.00001)?(div(a['basssum'],div(a['volavg'],a['sample1']))):(a['diff'])); a['q3']=a['diff']; a['bit2']=mod(a['time'],2); a['difftime']=(a['difftime']+(a['diff']*0.03)); a['q2']=a['difftime']; a['difftime']=((Math.abs(above(a['difftime'], 2000))>0.00001)?(0):(a['difftime'])); a['monitor']=(Math.abs(Math.cos(a['time']))*3.14); a['mv_a']=above(a['diff'], 10);",
 "pixel_eqs_str": "a['zoom']=(1+((0.05*a['q3'])*a['rad'])); a['decay_r']=((((0.2*a['rad'])*Math.sin((a['q2']*0.35)))+0.85)+(0.1*Math.sin(a['q2']))); a['decay_g']=((((0.2*a['rad'])*Math.sin((a['q2']*0.5)))+0.85)+(0.1*Math.sin((0.7*a['q2'])))); a['decay_b']=((((0.2*a['rad'])*Math.sin((a['q2']*0.4)))+0.85)+(0.1*Math.sin((0.8*a['q2'])))); a['rot']=0;",
 "baseVals": {
  "rating": 3,
  "gammaadj": 2.994,
  "decay": 1,
  "echo_zoom": 1,
  "echo_alpha": 0.5,
  "echo_orient": 1,
  "additivewave": 1,
  "wave_brighten": 0,
  "wrap": 0,
  "darken_center": 1,
  "wave_a": 0.001,
  "wave_scale": 0.01,
  "wave_smoothing": 0.63,
  "wave_mystery": -1,
  "modwavealphastart": 0.71,
  "modwavealphaend": 1.3,
  "fshader": 1,
  "zoom": 0.97,
  "rot": -6.27999,
  "warp": 0.00052,
  "wave_r": 0.65,
  "wave_g": 0.65,
  "wave_b": 0.65,
  "ob_r": 1,
  "ob_g": 1,
  "ob_b": 1,
  "mv_x": 6.4,
  "mv_y": 43.2,
  "mv_l": 1,
  "mv_g": 0.91,
  "mv_b": 0.71
 },
 "warp": "",
 "comp": ""
}