{
 "shapes": [
  {
   "baseVals": {
    "enabled": 0
   }
  },
  {
   "baseVals": {
    "enabled": 0
   }
  },
  {
   "baseVals": {
    "enabled": 0
   }
  },
  {
   "baseVals": {
    "enabled": 0
   }
  }
 ],
 "waves": [
  {
   "baseVals": {},
   "init_eqs_str": " ",
   "frame_eqs_str": "",
   "point_eqs_str": ""
  },
  {
   "baseVals": {},
   "init_eqs_str": " ",
   "frame_eqs_str": "",
   "point_eqs_str": ""
  },
  {
   "baseVals": {},
   "init_eqs_str": " ",
   "frame_eqs_str": "",
   "point_eqs_str": ""
  },
  {
   "baseVals": {},
   "init_eqs_str": " ",
   "frame_eqs_str": "",
   "point_eqs_str": ""
  }
 ],
 "init_eqs_str": "",
 "frame_eqs_str": "a['wave_x']=(a['wave_x']+(0.050*((0.60*Math.sin((2.121*a['time'])))+(0.40*Math.sin((1.621*a['time'])))))); a['wave_y']=(a['wave_y']-(0.050*((0.60*Math.sin((1.742*a['time'])))+(0.40*Math.sin((2.322*a['time'])))))); a['wave_r']=(a['wave_r']+(0.200*((0.60*Math.sin((0.823*a['time'])))+(0.40*Math.sin((0.916*a['time'])))))); a['wave_g']=(a['wave_g']-(0.500*((0.60*Math.sin((0.900*a['time'])))-(0.40*Math.sin((1.023*a['time'])))))); a['wave_b']=(a['wave_b']-(0.500*((0.60*Math.sin((0.808*a['time'])))-(0.40*Math.sin((0.949*a['time'])))))); a['decay']=(0.98+(0.02*Math.sin(a['time'])));",
 "pixel_eqs_str": "a['zoom']=((a['zoom']+(0.02*a['bass']))+(0.01*Math.sin((-0.02*a['rad'])))); a['rot']=(a['rot']+(0.01*Math.cos(a['rad']))); a['dx']=(a['dx']-((0.023*(0.22*a['rad']))*Math.sin((1.002*a['time'])))); a['dy']=(a['dy']-((0.023*(0.22*a['rad']))*Math.cos((1.155*a['time']))));",
 "baseVals": {
  "rating": 0,
  "gammaadj": 2.001,
  "decay": 1,
  "echo_zoom": 0.59999,
  "echo_alpha": 1,
  "echo_orient": 3,
  "wave_mode": 1,
  "additivewave": 1,
  "wave_dots": 1,
  "wave_brighten": 0,
  "wrap": 0,
  "red_blue": 1,
  "brighten": 1,
  "solarize": 1,
  "wave_a": 7.52389,
  "wave_scale": 1.285751,
  "wave_smoothing": 0.63,
  "modwavealphastart": 0.71,
  "modwavealphaend": 1.3,
  "warpscale": 1.331,
  "zoom": 0.999513,
  "warp": 0.0101,
  "sx": 0.999999,
  "wave_b": 0.45,
  "ob_size": 0.005,
  "ob_a": 1,
  "ib_size": 0,
  "mv_a": 0
 },
 "warp": "",
 "comp": ""
}