{
 "shapes": [
  {
   "baseVals": {
    "enabled": 0
   }
  },
  {
   "baseVals": {
    "enabled": 0
   }
  },
  {
   "baseVals": {
    "enabled": 0
   }
  },
  {
   "baseVals": {
    "enabled": 0
   }
  }
 ],
 "waves": [
  {
   "baseVals": {},
   "init_eqs_str": " ",
   "frame_eqs_str": "",
   "point_eqs_str": ""
  },
  {
   "baseVals": {},
   "init_eqs_str": " ",
   "frame_eqs_str": "",
   "point_eqs_str": ""
  },
  {
   "baseVals": {},
   "init_eqs_str": " ",
   "frame_eqs_str": "",
   "point_eqs_str": ""
  },
  {
   "baseVals": {},
   "init_eqs_str": " ",
   "frame_eqs_str": "",
   "point_eqs_str": ""
  }
 ],
 "init_eqs_str": "a['thresh'] = 0; a['dx_r'] = 0; a['dy_r'] = 0; a['orb'] = 0;",
 "frame_eqs_str": "a['wave_r']=((a['wave_r']+(0.25*Math.sin((1.4*a['time']))))+(0.25*Math.sin((2.25*a['time'])))); a['wave_g']=((a['wave_g']+(0.25*Math.sin((1.7*a['time']))))+(0.25*Math.sin((2.11*a['time'])))); a['wave_b']=((a['wave_b']+(0.25*Math.sin((1.84*a['time']))))+(0.25*Math.sin((2.3*a['time'])))); a['warp']=0; a['ob_r']=a['wave_b']; a['ob_g']=a['wave_r']; a['ob_b']=a['wave_g'];",
 "pixel_eqs_str": "a['thresh']=((above(a['bass_att'], a['thresh'])*2)+((1-above(a['bass_att'], a['thresh']))*(((a['thresh']-1.3)*0.96)+1.3))); a['dx_r']=(((equal(a['thresh'], 2)*0.015)*Math.sin((5*a['time'])))+((1-equal(a['thresh'], 2))*a['dx_r'])); a['dy_r']=(((equal(a['thresh'], 2)*0.015)*Math.sin((6*a['time'])))+((1-equal(a['thresh'], 2))*a['dy_r'])); a['orb']=((0.5-(0.5*Math.sin(((((12*Math.sin(((a['rad']*a['time'])+a['ang'])))*((a['ang']*a['time'])+a['rad']))*a['time'])+a['rad']))))-(2*a['rad'])); a['zoom']=(a['zoom']+((0.1*Math.sin((0.6*Math.cos((0.33*((((0.6*Math.sin((1.52*a['time'])))*a['orb'])+((a['orb']*0.8)*Math.cos((2.2*a['time']))))+((Math.cos(a['orb'])*0.7)*Math.sin(a['time']))))))))*(above(a['zoom'], 0.3)*0))); a['sx']=(a['sx']+((a['orb']*0.2)*Math.abs((above(Math.sin((1.2*a['time'])), 0)*Math.sin((0.8*a['time'])))))); a['sy']=(a['sy']+((-a['orb']*0.2)*Math.abs((below(Math.sin((1.45*a['time'])), 0)*Math.cos((0.63*a['time'])))))); a['dx']=(a['dx']+(2*a['dx_r'])); a['dy']=(a['dy']+(2*a['dy_r']));",
 "baseVals": {
  "rating": 3,
  "gammaadj": 1.7,
  "decay": 0.99,
  "echo_zoom": 0.451116,
  "echo_orient": 3,
  "wave_mode": 5,
  "wave_a": 100,
  "wave_scale": 0.535239,
  "wave_smoothing": 0,
  "wave_mystery": -0.8,
  "modwavealphastart": 0.5,
  "modwavealphaend": 1,
  "dx": 0.00001,
  "dy": 0.00001,
  "warp": 0.01,
  "wave_r": 0.5,
  "wave_g": 0.5,
  "wave_b": 0.5,
  "ob_size": 0.005,
  "ib_size": 0.005,
  "ib_r": 0,
  "ib_g": 0,
  "ib_b": 0,
  "ib_a": 1,
  "mv_x": 0,
  "mv_y": 0,
  "mv_l": 1,
  "mv_a": 0
 },
 "warp": "",
 "comp": ""
}