{
 "shapes": [
  {
   "baseVals": {
    "enabled": 0
   }
  },
  {
   "baseVals": {
    "enabled": 0
   }
  },
  {
   "baseVals": {
    "enabled": 0
   }
  },
  {
   "baseVals": {
    "enabled": 0
   }
  }
 ],
 "waves": [
  {
   "baseVals": {},
   "init_eqs_str": " ",
   "frame_eqs_str": "",
   "point_eqs_str": ""
  },
  {
   "baseVals": {},
   "init_eqs_str": " ",
   "frame_eqs_str": "",
   "point_eqs_str": ""
  },
  {
   "baseVals": {},
   "init_eqs_str": " ",
   "frame_eqs_str": "",
   "point_eqs_str": ""
  },
  {
   "baseVals": {},
   "init_eqs_str": " ",
   "frame_eqs_str": "",
   "point_eqs_str": ""
  }
 ],
 "init_eqs_str": "a['thresh'] = 0; a['dx_r'] = 0; a['dy_r'] = 0;",
 "frame_eqs_str": "a['wave_r']=((a['wave_r']+(0.25*Math.sin((1.4*a['time']))))+(0.25*Math.sin((2.25*a['time'])))); a['wave_g']=((a['wave_g']+(0.25*Math.sin((1.7*a['time']))))+(0.25*Math.sin((2.11*a['time'])))); a['wave_b']=((a['wave_b']+(0.25*Math.sin((1.84*a['time']))))+(0.25*Math.sin((2.3*a['time'])))); a['warp']=0; a['ob_r']=(0.5*a['wave_r']); a['ob_b']=(0.5*a['wave_g']); a['ob_g']=(0.5*a['wave_b']); a['ib_r']=a['wave_g']; a['ib_g']=a['wave_b']; a['ib_b']=a['wave_r']; a['wave_mystery']=(a['wave_mystery']+(25*Math.sin((3-(1*Math.sin((0.001*a['time'])))))));",
 "pixel_eqs_str": "a['thresh']=((above(a['bass_att'], a['thresh'])*2)+((1-above(a['bass_att'], a['thresh']))*(((a['thresh']-1.3)*0.96)+1.3))); a['dx_r']=(((equal(a['thresh'], 2)*0.015)*Math.sin((5*a['time'])))+((1-equal(a['thresh'], 2))*a['dx_r'])); a['dy_r']=(((equal(a['thresh'], 2)*0.015)*Math.sin((6*a['time'])))+((1-equal(a['thresh'], 2))*a['dy_r'])); a['dx']=(a['dx']+((above(a['x'], 0.5)*a['x'])*0.005)); a['dx']=(a['dx']-((below(a['x'], 0.5)*(1-a['x']))*0.005)); a['dy']=(a['dy']+((above(a['y'], 0.5)*a['y'])*0.005)); a['dy']=(a['dy']+((below(a['y'], 0.5)*(1-a['y']))*0.005)); a['zoom']=(a['zoom']-(100*((1-a['rad'])*(((1.5*a['rad'])*0.005)+(0.004*Math.sin((0.5*a['bass_att']))))))); a['rot']=(a['rot']+((div(Math.cos((a['bass_att']*a['treb_att'])),(1-a['treb']))+(0.5*a['time']))*0.0005)); a['zoomexp']=((0.8+1)+Math.sin(a['treb_att']));",
 "baseVals": {
  "rating": 2,
  "gammaadj": 1,
  "decay": 0.93,
  "echo_zoom": 0.999837,
  "echo_alpha": 0.5,
  "echo_orient": 1,
  "wave_mode": 6,
  "wave_thick": 1,
  "wave_a": 100,
  "wave_scale": 0.796896,
  "wave_smoothing": 0,
  "modwavealphastart": 0.5,
  "modwavealphaend": 1,
  "zoomexp": 0.999995,
  "dx": 0.00001,
  "dy": 0.00001,
  "warp": 0.01,
  "wave_r": 0.5,
  "wave_g": 0.5,
  "wave_b": 0.5,
  "ob_a": 0.5,
  "ib_r": 0,
  "ib_g": 0,
  "ib_b": 0,
  "ib_a": 0.5,
  "mv_x": 0,
  "mv_y": 0,
  "mv_l": 1.9,
  "mv_a": 0
 },
 "warp": "",
 "comp": ""
}