{
 "shapes": [
  {
   "baseVals": {
    "enabled": 0
   }
  },
  {
   "baseVals": {
    "enabled": 0
   }
  },
  {
   "baseVals": {
    "enabled": 0
   }
  },
  {
   "baseVals": {
    "enabled": 0
   }
  }
 ],
 "waves": [
  {
   "baseVals": {},
   "init_eqs_str": " ",
   "frame_eqs_str": "",
   "point_eqs_str": ""
  },
  {
   "baseVals": {},
   "init_eqs_str": " ",
   "frame_eqs_str": "",
   "point_eqs_str": ""
  },
  {
   "baseVals": {},
   "init_eqs_str": " ",
   "frame_eqs_str": "",
   "point_eqs_str": ""
  },
  {
   "baseVals": {},
   "init_eqs_str": " ",
   "frame_eqs_str": "",
   "point_eqs_str": ""
  }
 ],
 "init_eqs_str": "a['thresh'] = 0; a['dx_r'] = 0; a['dy_r'] = 0;",
 "frame_eqs_str": "a['wave_r']=((a['wave_r']+(0.25*Math.sin((1.4*a['time']))))+(0.25*Math.sin((2.25*a['time'])))); a['wave_g']=((a['wave_g']+(0.25*Math.sin((1.7*a['time']))))+(0.25*Math.sin((2.11*a['time'])))); a['wave_b']=((a['wave_b']+(0.25*Math.sin((1.84*a['time']))))+(0.25*Math.sin((2.3*a['time'])))); a['warp']=0;",
 "pixel_eqs_str": "a['thresh']=((above(a['bass_att'], a['thresh'])*2)+((1-above(a['bass_att'], a['thresh']))*(((a['thresh']-1.3)*0.96)+1.3))); a['dx_r']=(((equal(a['thresh'], 2)*0.015)*Math.sin((5*a['time'])))+((1-equal(a['thresh'], 2))*a['dx_r'])); a['dy_r']=(((equal(a['thresh'], 2)*0.015)*Math.sin((6*a['time'])))+((1-equal(a['thresh'], 2))*a['dy_r'])); a['zoom']=(a['zoom']+((0.025*Math.sin((5*a['bass'])))*a['rad'])); a['dy']=(a['dy']+((0.015*Math.cos((5*a['mid'])))*(1-a['rad']))); a['dx']=(a['dx']+((0.015*Math.sin((5*a['treb'])))*(1-a['rad']))); a['rot']=((a['rot']+(0.025*Math.sin((Math.sin((0.5*a['time']))-a['rad']))))-((0.2*((0.4*Math.cos(a['time']))+a['rad']))*above(a['x'], (1*Math.sin((a['time']*a['mid'])))))); a['rot']=(a['rot']-((((0.05*a['treb'])*Math.sin(a['time']))*(a['ang']*12))*below(a['y'], (1*Math.cos((a['time']*a['bass']))))));",
 "baseVals": {
  "rating": 4,
  "gammaadj": 1,
  "decay": 1,
  "echo_zoom": 1,
  "echo_alpha": 0.5,
  "echo_orient": 3,
  "wave_mode": 5,
  "wrap": 0,
  "wave_a": 100,
  "wave_scale": 0.880271,
  "wave_smoothing": 0.5,
  "modwavealphastart": 0.5,
  "modwavealphaend": 1,
  "dx": 0.00001,
  "dy": 0.00001,
  "warp": 0.01,
  "wave_r": 0.5,
  "wave_g": 0.5,
  "wave_b": 0.5,
  "ob_size": 0.15,
  "ob_r": 0.2,
  "ob_g": 0.1,
  "ob_a": 0.2,
  "ib_size": 0.1,
  "ib_r": 0.4,
  "ib_g": 0.1,
  "ib_b": 0.3,
  "ib_a": 0.15,
  "mv_x": 0,
  "mv_y": 0,
  "mv_l": 1,
  "mv_a": 0
 },
 "warp": "",
 "comp": ""
}