{
 "shapes": [
  {
   "baseVals": {
    "enabled": 0
   }
  },
  {
   "baseVals": {
    "enabled": 0
   }
  },
  {
   "baseVals": {
    "enabled": 0
   }
  },
  {
   "baseVals": {
    "enabled": 0
   }
  }
 ],
 "waves": [
  {
   "baseVals": {},
   "init_eqs_str": " ",
   "frame_eqs_str": "",
   "point_eqs_str": ""
  },
  {
   "baseVals": {},
   "init_eqs_str": " ",
   "frame_eqs_str": "",
   "point_eqs_str": ""
  },
  {
   "baseVals": {},
   "init_eqs_str": " ",
   "frame_eqs_str": "",
   "point_eqs_str": ""
  },
  {
   "baseVals": {},
   "init_eqs_str": " ",
   "frame_eqs_str": "",
   "point_eqs_str": ""
  }
 ],
 "init_eqs_str": "a['op1'] = 0;",
 "frame_eqs_str": "a['wave_x']=(a['wave_x']+(0.3*Math.sin(((1.71*a['time'])*a['treb_att'])))); a['wave_y']=(a['wave_y']+(0.3*Math.sin(((1.3*a['time'])*a['bass_att'])))); a['ob_r']=(a['ob_r']+((Math.abs(above(a['wave_x'], 0.5))>0.00001)?((2*Math.sin((2*a['time'])))):((-2*Math.sin((0.9*a['time'])))))); a['ob_g']=(a['ob_g']+((Math.abs(above(a['wave_y'], 0.5))>0.00001)?((2*Math.sin((0.1*a['time'])))):((-2*Math.sin((0.9*a['time'])))))); a['ob_b']=(a['ob_b']+((Math.abs(below(a['wave_x'], 0.5))>0.00001)?((2*Math.sin((0.1*a['time'])))):((-2*Math.sin((0.9*a['time'])))))); a['ob_size']=(a['ob_size']+(0.00*Math.sin(a['time']))); a['ib_size']=(a['ib_size']+(0.00*Math.cos(a['time']))); a['wave_r']=(a['wave_r']+(((0.5*Math.sin((2*a['bass'])))*2)*a['time'])); a['wave_g']=(a['wave_g']+(((0.5*Math.sin((2*a['treb'])))*2)*a['time'])); a['wave_b']=(a['wave_b']+(((0.5*Math.sin((2*a['mid'])))*2)*a['time']));",
 "pixel_eqs_str": "a['ob_size']=(a['ob_size']+((Math.abs(above(a['x'], a['y']))>0.00001)?(0.2):(-0.2))); a['op1']=(0.1+((Math.abs(above(a['x'], a['y']))>0.00001)?(0.2):(-0.1))); a['rot']=(a['rot']+((Math.abs(below(a['x'], 1.1))>0.00001)?(((Math.abs(below(a['y'], 1.1))>0.00001)?(((Math.abs(above(a['x'], -0.1))>0.00001)?(((Math.abs(above(a['y'], -0.1))>0.00001)?((0.05*Math.sin((0.8*a['time'])))):(0.0))):(0.0))):(0.0))):(0.0))); a['rot']=(a['rot']+((Math.abs(below(a['rad'], 0.35))>0.00001)?((-0.1*Math.cos((0.9*a['time'])))):(0)));",
 "baseVals": {
  "rating": 2,
  "gammaadj": 1,
  "decay": 0.99,
  "echo_zoom": 1,
  "echo_orient": 1,
  "wave_mode": 5,
  "wave_dots": 1,
  "wave_brighten": 0,
  "wrap": 0,
  "wave_a": 100,
  "wave_scale": 0.363811,
  "wave_smoothing": 0.5,
  "wave_mystery": -0.5,
  "modwavealphastart": 0.5,
  "modwavealphaend": 1,
  "dx": 0.00001,
  "dy": 0.00001,
  "warp": 0.01,
  "sx": 0.990099,
  "sy": 0.990099,
  "wave_r": 0,
  "wave_g": 0,
  "wave_b": 0,
  "ob_size": 0.004,
  "ob_r": 0.01,
  "ob_g": 1,
  "ob_a": 0.01,
  "ib_size": 0,
  "ib_r": 1,
  "ib_g": 1,
  "ib_b": 1,
  "ib_a": 1,
  "mv_x": 0,
  "mv_y": 0,
  "mv_l": 1,
  "mv_a": 0
 },
 "warp": "",
 "comp": ""
}