{
 "shapes": [
  {
   "baseVals": {
    "enabled": 0
   }
  },
  {
   "baseVals": {
    "enabled": 0
   }
  },
  {
   "baseVals": {
    "enabled": 0
   }
  },
  {
   "baseVals": {
    "enabled": 0
   }
  }
 ],
 "waves": [
  {
   "baseVals": {},
   "init_eqs_str": " ",
   "frame_eqs_str": "",
   "point_eqs_str": ""
  },
  {
   "baseVals": {},
   "init_eqs_str": " ",
   "frame_eqs_str": "",
   "point_eqs_str": ""
  },
  {
   "baseVals": {},
   "init_eqs_str": " ",
   "frame_eqs_str": "",
   "point_eqs_str": ""
  },
  {
   "baseVals": {},
   "init_eqs_str": " ",
   "frame_eqs_str": "",
   "point_eqs_str": ""
  }
 ],
 "init_eqs_str": "a['tac'] = 0;",
 "frame_eqs_str": "a['ob_size']=(a['ob_size']-(0.2*Math.tan((6*a['bass'])))); a['wave_mystery']=(a['wave_mystery']+(0.2*Math.tan((6*a['bass'])))); a['ib_r']=((Math.abs(above(a['bass'], 1.25))>0.00001)?(0):(1)); a['ib_g']=((Math.abs(above(a['bass'], 1.25))>0.00001)?(0):(1)); a['ib_b']=1; a['sy']=(a['sy']+(0.01*Math.tan(a['bass']))); a['sx']=(a['sx']+(0.01*Math.tan(a['bass'])));",
 "pixel_eqs_str": "a['dy']=(a['dy']+((Math.abs(above(a['y'], 0.5))>0.00001)?(((Math.abs(above(a['bass'], 1))>0.00001)?(((Math.abs(above(a['tac'], 1))>0.00001)?((0.02*a['bass'])):(0))):(0))):(0))); a['dy']=(a['dy']+((Math.abs(below(a['y'], 0.5))>0.00001)?(((Math.abs(above(a['bass'], 1))>0.00001)?(((Math.abs(above(a['tac'], 1))>0.00001)?((-0.02*a['bass'])):(0))):(0))):(0))); a['tac']=(2*Math.sin((a['bass']*a['time']))); a['zoom']=(a['zoom']-div(a['tac'],100)); a['zoom']=(a['zoom']-(div((0.05*Math.atan(Math.abs(a['bass']))),a['rad'])*0.15));",
 "baseVals": {
  "rating": 2,
  "gammaadj": 1,
  "decay": 1,
  "echo_zoom": 1,
  "echo_orient": 1,
  "additivewave": 1,
  "wave_thick": 1,
  "modwavealphabyvolume": 1,
  "wave_brighten": 0,
  "wrap": 0,
  "wave_a": 100,
  "wave_scale": 0.01,
  "wave_smoothing": 0.9,
  "wave_mystery": -0.3,
  "modwavealphastart": 0.5,
  "modwavealphaend": 1,
  "zoomexp": 100,
  "dx": 0.00001,
  "dy": 0.00001,
  "warp": 0.01,
  "ob_size": 0.5,
  "ob_a": 1,
  "ib_r": 1,
  "ib_g": 1,
  "ib_b": 1,
  "ib_a": 1,
  "mv_x": 0,
  "mv_y": 0,
  "mv_l": 1,
  "mv_a": 0
 },
 "warp": "",
 "comp": ""
}