{
 "shapes": [
  {
   "baseVals": {
    "enabled": 0
   }
  },
  {
   "baseVals": {
    "enabled": 0
   }
  },
  {
   "baseVals": {
    "enabled": 0
   }
  },
  {
   "baseVals": {
    "enabled": 0
   }
  }
 ],
 "waves": [
  {
   "baseVals": {},
   "init_eqs_str": " ",
   "frame_eqs_str": "",
   "point_eqs_str": ""
  },
  {
   "baseVals": {},
   "init_eqs_str": " ",
   "frame_eqs_str": "",
   "point_eqs_str": ""
  },
  {
   "baseVals": {},
   "init_eqs_str": " ",
   "frame_eqs_str": "",
   "point_eqs_str": ""
  },
  {
   "baseVals": {},
   "init_eqs_str": " ",
   "frame_eqs_str": "",
   "point_eqs_str": ""
  }
 ],
 "init_eqs_str": "",
 "frame_eqs_str": "a['wave_r']=((a['wave_r']+(0.5*Math.sin((1.2*a['frame']))))+(0.3*Math.sin((1.9*a['frame'])))); a['wave_g']=((a['wave_g']+(0.7*Math.sin((1.1*a['frame']))))+(0.4*Math.cos((1.6*a['frame'])))); a['wave_b']=((a['wave_b']+(0.2*Math.sin((1.3*a['frame']))))+(0.4*Math.sin((2*a['frame']))));",
 "pixel_eqs_str": "a['rot']=(a['rot']+div((((0.5+(0.1*Math.sin(a['bass'])))-a['rad'])*pow(a['bass'], 3)),50)); a['zoom']=(a['zoom']+(((0.5+(0.3*Math.tan((3*a['bass_att']))))-a['rad'])*(Math.cos(pow(a['rad'], 2.4))+(0.2*a['mid_att'])))); a['warp']=(a['warp']+((Math.abs(above(a['bass'], 1.34))>0.00001)?(((0.5*((0.5+(0.1*Math.sin(a['bass'])))-a['rad']))*(Math.cos(pow(a['rad'], 2.4))+(5*a['bass_att'])))):(0)));",
 "baseVals": {
  "rating": 1,
  "gammaadj": 1.504,
  "decay": 0.9,
  "echo_zoom": 0.999592,
  "echo_alpha": 0.5,
  "echo_orient": 3,
  "wave_a": 100,
  "wave_scale": 0.311604,
  "wave_smoothing": 0.45,
  "wave_mystery": -0.5,
  "modwavealphastart": 0.71,
  "modwavealphaend": 1.3,
  "warpanimspeed": 0.01,
  "warpscale": 0.438651,
  "zoomexp": 0.999994,
  "zoom": 1.000156,
  "warp": 0.01,
  "sx": 0.990099,
  "sy": 0.990099,
  "wave_r": 0.5,
  "wave_g": 0.5,
  "wave_b": 0.5,
  "ob_size": 0.1,
  "ob_g": 0.6,
  "ob_b": 0.5,
  "ob_a": 0.1,
  "ib_size": 0.05,
  "ib_r": 0,
  "ib_g": 1,
  "ib_b": 1,
  "ib_a": 0.1,
  "mv_x": 12.799995,
  "mv_l": 5,
  "mv_a": 0
 },
 "warp": "",
 "comp": ""
}