{
 "shapes": [
  {
   "baseVals": {
    "enabled": 0
   }
  },
  {
   "baseVals": {
    "enabled": 0
   }
  },
  {
   "baseVals": {
    "enabled": 0
   }
  },
  {
   "baseVals": {
    "enabled": 0
   }
  }
 ],
 "waves": [
  {
   "baseVals": {},
   "init_eqs_str": " ",
   "frame_eqs_str": "",
   "point_eqs_str": ""
  },
  {
   "baseVals": {},
   "init_eqs_str": " ",
   "frame_eqs_str": "",
   "point_eqs_str": ""
  },
  {
   "baseVals": {},
   "init_eqs_str": " ",
   "frame_eqs_str": "",
   "point_eqs_str": ""
  },
  {
   "baseVals": {},
   "init_eqs_str": " ",
   "frame_eqs_str": "",
   "point_eqs_str": ""
  }
 ],
 "init_eqs_str": "a['thresh'] = 0; a['dx_r'] = 0; a['dy_r'] = 0;",
 "frame_eqs_str": "a['wave_r']=((a['wave_r']+(0.4*(0.25*Math.sin((1.4*a['time'])))))+(0.25*Math.sin((7.25*a['time'])))); a['wave_g']=((a['wave_g']+(0.34*(0.25*Math.sin((1.7*a['time'])))))+(0.25*Math.sin((6.11*a['time'])))); a['wave_b']=((a['wave_b']+(0.3*(0.25*Math.sin((1.84*a['time'])))))+(0.25*Math.sin((9.3*a['time'])))); a['warp']=0;",
 "pixel_eqs_str": "a['thresh']=((above(a['bass_att'], a['thresh'])*2)+((1-above(a['bass_att'], a['thresh']))*(((a['thresh']-1.3)*0.96)+1.3))); a['dx_r']=(((equal(a['thresh'], 2)*0.025)*Math.sin((5*a['time'])))+((1-equal(a['thresh'], 2))*a['dx_r'])); a['dy_r']=(((equal(a['thresh'], 2)*0.025)*Math.sin((6*a['time'])))+((1-equal(a['thresh'], 2))*a['dy_r'])); a['dx']=(a['dx']+(a['dx_r']*(above(a['x'], (0.45+(0.45*Math.sin((1.5*a['time'])))))*below(a['x'], (0.55+(0.45*Math.sin((1.5*a['time'])))))))); a['dy']=(a['dy']+(a['dy_r']*(above(a['y'], (0.45+(0.45*Math.cos((1.25*a['time'])))))*below(a['y'], (0.55+(0.45*Math.cos((1.25*a['time'])))))))); a['cx']=(a['cx']+(a['bass']*(above(a['x'], (0.35+(0.45*Math.sin((1.05*a['time'])))))*below(a['x'], (0.65+(0.45*Math.sin((1.05*a['time'])))))))); a['cy']=(a['cy']+(a['bass']*(above(a['y'], (0.35+(0.45*Math.cos((1.75*a['time'])))))*below(a['y'], (0.65+(0.45*Math.cos((1.75*a['time'])))))))); a['rot']=(a['rot']+((0.15*((0.43*a['rad'])*(((5*Math.cos((((a['dx']*a['dy'])-a['bass_att'])+(0.5-a['rad']))))*2)-a['rad'])))*Math.abs((0.5*(2*Math.sin((0.2*a['time']))))))); a['zoom']=(a['zoom']-(0.02*(Math.abs(Math.cos((12*a['ang'])))+(0.4*a['rad']))));",
 "baseVals": {
  "rating": 3,
  "gammaadj": 1.49,
  "decay": 1,
  "echo_zoom": 1,
  "echo_alpha": 0.5,
  "echo_orient": 3,
  "wave_mode": 3,
  "wave_thick": 1,
  "wave_brighten": 0,
  "wrap": 0,
  "wave_a": 100,
  "wave_scale": 0.972362,
  "wave_smoothing": 0.5,
  "modwavealphastart": 0.5,
  "modwavealphaend": 1,
  "zoomexp": 0.999998,
  "zoom": 0.999998,
  "dx": 0.00001,
  "dy": 0.00001,
  "warp": 0.01,
  "wave_r": 0.5,
  "wave_g": 0.5,
  "wave_b": 0.5,
  "ob_size": 0.005,
  "ob_a": 1,
  "ib_size": 0,
  "ib_r": 0,
  "ib_g": 0,
  "ib_b": 0,
  "mv_x": 64,
  "mv_y": 48,
  "mv_l": 1.05,
  "mv_r": 0,
  "mv_g": 0,
  "mv_b": 0.8,
  "mv_a": 0
 },
 "warp": "",
 "comp": ""
}