{
 "shapes": [
  {
   "baseVals": {
    "enabled": 0
   }
  },
  {
   "baseVals": {
    "enabled": 0
   }
  },
  {
   "baseVals": {
    "enabled": 0
   }
  },
  {
   "baseVals": {
    "enabled": 0
   }
  }
 ],
 "waves": [
  {
   "baseVals": {},
   "init_eqs_str": " ",
   "frame_eqs_str": "",
   "point_eqs_str": ""
  },
  {
   "baseVals": {},
   "init_eqs_str": " ",
   "frame_eqs_str": "",
   "point_eqs_str": ""
  },
  {
   "baseVals": {},
   "init_eqs_str": " ",
   "frame_eqs_str": "",
   "point_eqs_str": ""
  },
  {
   "baseVals": {},
   "init_eqs_str": " ",
   "frame_eqs_str": "",
   "point_eqs_str": ""
  }
 ],
 "init_eqs_str": "",
 "frame_eqs_str": "a['wave_x']=(a['wave_x']+(0.2*Math.sin((10*a['bass'])))); a['wave_y']=(a['wave_y']+(0.2*Math.sin((5*a['bass'])))); a['wave_r']=(a['wave_r']+1); a['wave_g']=(a['wave_g']+Math.floor(randint(2))); a['wave_b']=0; a['dy']=(a['dy']-0.003);",
 "pixel_eqs_str": "a['warp']=(a['warp']+((Math.abs(below(a['y'], 0.95))>0.00001)?((0.5*Math.sin((a['bass']*a['time'])))):(0)));",
 "baseVals": {
  "rating": 4,
  "gammaadj": 1,
  "decay": 1,
  "echo_zoom": 2.704809,
  "echo_alpha": 0.2,
  "wave_mode": 2,
  "additivewave": 1,
  "wave_dots": 1,
  "wave_thick": 1,
  "wave_brighten": 0,
  "wrap": 0,
  "wave_a": 100,
  "wave_scale": 1.599182,
  "wave_smoothing": 0.5,
  "wave_mystery": -0.5,
  "modwavealphastart": 0.5,
  "modwavealphaend": 1,
  "warpanimspeed": 100,
  "warpscale": 100,
  "fshader": 1,
  "dx": 0.00001,
  "dy": 0.00001,
  "warp": 0.01,
  "wave_r": 0,
  "wave_g": 0,
  "wave_b": 0,
  "ob_size": 0.005,
  "ob_a": 1,
  "ib_size": 0.3,
  "ib_r": 0,
  "ib_g": 0,
  "ib_b": 1,
  "mv_x": 0,
  "mv_y": 0,
  "mv_l": 1,
  "mv_a": 0
 },
 "warp": "",
 "comp": ""
}