{
 "shapes": [
  {
   "baseVals": {
    "enabled": 0
   }
  },
  {
   "baseVals": {
    "enabled": 0
   }
  },
  {
   "baseVals": {
    "enabled": 0
   }
  },
  {
   "baseVals": {
    "enabled": 0
   }
  }
 ],
 "waves": [
  {
   "baseVals": {},
   "init_eqs_str": " ",
   "frame_eqs_str": "",
   "point_eqs_str": ""
  },
  {
   "baseVals": {},
   "init_eqs_str": " ",
   "frame_eqs_str": "",
   "point_eqs_str": ""
  },
  {
   "baseVals": {},
   "init_eqs_str": " ",
   "frame_eqs_str": "",
   "point_eqs_str": ""
  },
  {
   "baseVals": {},
   "init_eqs_str": " ",
   "frame_eqs_str": "",
   "point_eqs_str": ""
  }
 ],
 "init_eqs_str": "",
 "frame_eqs_str": "",
 "pixel_eqs_str": "",
 "baseVals": {
  "rating": 3,
  "gammaadj": 1,
  "echo_zoom": 1,
  "echo_alpha": 0.5,
  "echo_orient": 1,
  "wave_mode": 3,
  "wave_dots": 1,
  "wave_thick": 1,
  "wrap": 0,
  "wave_a": 100,
  "wave_scale": 1.462191,
  "wave_smoothing": 0.5,
  "modwavealphastart": 0.5,
  "modwavealphaend": 1,
  "zoomexp": 3.000185,
  "dx": 0.00001,
  "dy": 0.00001,
  "warp": 0.01,
  "ob_size": 0.005,
  "ob_a": 1,
  "ib_size": 0.25,
  "mv_x": 64,
  "mv_y": 48,
  "mv_l": 0.5,
  "mv_b": 0.5,
  "mv_a": 0,
  "per_pixel_1": null,
  "per_pixel_2": null,
  "per_pixel_3": null,
  "per_pixel_4": null,
  "per_pixel_5": null,
  "per_pixel_6": null,
  "per_pixel_7": null,
  "per_pixel_8": null,
  "per_pixel_9": null,
  "per_pixel_10": null,
  "per_pixel_11": null,
  "per_pixel_12": null,
  "per_pixel_13": null,
  "per_pixel_14": null,
  "per_pixel_15": null,
  "per_pixel_16": null,
  "per_pixel_17": null,
  "per_pixel_18": null,
  "per_pixel_19": null,
  "per_pixel_20": null,
  "per_pixel_21": null,
  "per_pixel_22": null
 },
 "warp": "",
 "comp": ""
}