{
 "shapes": [
  {
   "baseVals": {
    "enabled": 0
   }
  },
  {
   "baseVals": {
    "enabled": 0
   }
  },
  {
   "baseVals": {
    "enabled": 0
   }
  },
  {
   "baseVals": {
    "enabled": 0
   }
  }
 ],
 "waves": [
  {
   "baseVals": {},
   "init_eqs_str": " ",
   "frame_eqs_str": "",
   "point_eqs_str": ""
  },
  {
   "baseVals": {},
   "init_eqs_str": " ",
   "frame_eqs_str": "",
   "point_eqs_str": ""
  },
  {
   "baseVals": {},
   "init_eqs_str": " ",
   "frame_eqs_str": "",
   "point_eqs_str": ""
  },
  {
   "baseVals": {},
   "init_eqs_str": " ",
   "frame_eqs_str": "",
   "point_eqs_str": ""
  }
 ],
 "init_eqs_str": "a['debased'] = 0;",
 "frame_eqs_str": "a['wave_r']=(a['wave_r']-(2*Math.tan((0.6*a['time'])))); a['wave_g']=(a['wave_g']-(2*Math.tan((0.2*a['mid'])))); a['wave_b']=(a['wave_b']-(2*Math.tan((0.77*a['bass']))));",
 "pixel_eqs_str": "a['zoom']=(a['zoom']+(0.02*Math.sin(a['rad']))); a['zoom']=(a['zoom']-(0.02*Math.cos((-12*Math.sin(a['ang']))))); a['warp']=0; a['debased']=sqrt(Math.min(((a['bass']-a['bass_att'])*0.25), ((a['treb']-a['treb_att'])*0.25))); a['rot']=(a['rot']+((Math.abs(above(a['bass'], 1.2))>0.00001)?(0.05):(0))); a['zoom']=(a['zoom']-(div(a['debased'],7.6)*Math.sin(a['time']))); a['zoom']=(a['zoom']+((Math.abs(below(a['rad'], 0.05))>0.00001)?(0.1):(0)));",
 "baseVals": {
  "rating": 2,
  "gammaadj": 1,
  "decay": 1,
  "echo_zoom": 1,
  "echo_orient": 1,
  "wave_thick": 1,
  "wave_brighten": 0,
  "wrap": 0,
  "wave_a": 100,
  "wave_scale": 0.149766,
  "wave_smoothing": 0.9,
  "wave_mystery": -0.5,
  "modwavealphastart": 0.5,
  "modwavealphaend": 1,
  "zoomexp": 0.999997,
  "dx": 0.00001,
  "dy": 0.00001,
  "warp": 0.01,
  "ob_size": 0.05,
  "ob_r": 0.9,
  "ob_g": 0.3,
  "ob_a": 0.05,
  "ib_size": 0.055,
  "ib_r": 1,
  "ib_g": 0,
  "ib_b": 0,
  "ib_a": 0.05,
  "mv_x": 0,
  "mv_y": 0,
  "mv_l": 1,
  "mv_a": 0
 },
 "warp": "",
 "comp": ""
}