{
 "shapes": [
  {
   "baseVals": {
    "enabled": 0
   }
  },
  {
   "baseVals": {
    "enabled": 0
   }
  },
  {
   "baseVals": {
    "enabled": 0
   }
  },
  {
   "baseVals": {
    "enabled": 0
   }
  }
 ],
 "waves": [
  {
   "baseVals": {},
   "init_eqs_str": " ",
   "frame_eqs_str": "",
   "point_eqs_str": ""
  },
  {
   "baseVals": {},
   "init_eqs_str": " ",
   "frame_eqs_str": "",
   "point_eqs_str": ""
  },
  {
   "baseVals": {},
   "init_eqs_str": " ",
   "frame_eqs_str": "",
   "point_eqs_str": ""
  },
  {
   "baseVals": {},
   "init_eqs_str": " ",
   "frame_eqs_str": "",
   "point_eqs_str": ""
  }
 ],
 "init_eqs_str": "",
 "frame_eqs_str": "a['wave_r']=(a['wave_r']+(0.5*Math.sin((a['time']*1.13)))); a['wave_g']=(a['wave_g']+(0.5*Math.sin((a['time']*1.23)))); a['wave_b']=(a['wave_b']+(0.5*Math.sin((a['time']*1.33))));",
 "pixel_eqs_str": "a['zoom']=(a['zoom']+(0.05*((Math.sin((12*a['ang']))+(Math.sin(Math.sin((((a['time']*2)*Math.sin(a['time']))*a['rad'])))*0.3))-(Math.cos(a['rad'])*0.1)))); a['rot']=(a['rot']+(0.05*Math.sin((0.5-a['rad'])))); a['sx']=(a['sx']+(((0.01*((0.99*1)-a['rad']))*Math.sin((0.733*a['time'])))*below(Math.sin(a['time']), 0))); a['sy']=(a['sy']+(((0.01*((0.99*1)-a['rad']))*Math.cos((0.953*a['time'])))*above(Math.sin(a['time']), 0)));",
 "baseVals": {
  "rating": 3,
  "gammaadj": 2.001,
  "decay": 0.95,
  "echo_zoom": 0.9996,
  "echo_orient": 3,
  "wave_mode": 1,
  "additivewave": 1,
  "wrap": 0,
  "wave_a": 2.063756,
  "wave_scale": 0.781784,
  "wave_smoothing": 0,
  "modwavealphastart": 0.71,
  "modwavealphaend": 1.3,
  "warpscale": 1.331,
  "zoom": 0.999513,
  "warp": 0.0101,
  "wave_r": 0.65,
  "wave_g": 0.65,
  "wave_b": 0.65,
  "ob_size": 0.005,
  "ob_a": 0.8,
  "ib_size": 0,
  "mv_a": 0
 },
 "warp": "",
 "comp": ""
}