{
 "shapes": [
  {
   "baseVals": {
    "enabled": 0
   }
  },
  {
   "baseVals": {
    "enabled": 0
   }
  },
  {
   "baseVals": {
    "enabled": 0
   }
  },
  {
   "baseVals": {
    "enabled": 0
   }
  }
 ],
 "waves": [
  {
   "baseVals": {},
   "init_eqs_str": " ",
   "frame_eqs_str": "",
   "point_eqs_str": ""
  },
  {
   "baseVals": {},
   "init_eqs_str": " ",
   "frame_eqs_str": "",
   "point_eqs_str": ""
  },
  {
   "baseVals": {},
   "init_eqs_str": " ",
   "frame_eqs_str": "",
   "point_eqs_str": ""
  },
  {
   "baseVals": {},
   "init_eqs_str": " ",
   "frame_eqs_str": "",
   "point_eqs_str": ""
  }
 ],
 "init_eqs_str": "a['volt'] = 0;",
 "frame_eqs_str": "a['volt']=div(((a['bass']*a['treb'])*a['mid']),3); a['wave_y']=((a['wave_y']+0)+(0.3*Math.sin((0.2*a['volt']))));",
 "pixel_eqs_str": "a['sy']=(a['sy']+((Math.abs(above(a['x'], 0.1))>0.00001)?(((Math.abs(below(a['x'], 0.3))>0.00001)?((0.00-(0.08*Math.sin((3*a['bass']))))):(0))):(0))); a['sy']=(a['sy']+((Math.abs(above(a['x'], 0.4))>0.00001)?(((Math.abs(below(a['x'], 0.6))>0.00001)?((0.00-(0.08*Math.sin((3*a['mid']))))):(0))):(0))); a['sy']=(a['sy']+((Math.abs(above(a['x'], 0.7))>0.00001)?(((Math.abs(below(a['x'], 0.9))>0.00001)?((0.00-(0.08*Math.sin((3*a['treb']))))):(0))):(0)));",
 "baseVals": {
  "rating": 2,
  "gammaadj": 1,
  "echo_zoom": 1,
  "echo_orient": 1,
  "wave_mode": 7,
  "wave_thick": 1,
  "wave_brighten": 0,
  "wrap": 0,
  "wave_a": 100,
  "wave_scale": 0.100191,
  "wave_smoothing": 0.9,
  "modwavealphastart": 0.5,
  "modwavealphaend": 1,
  "dx": 0.00001,
  "dy": 0.00001,
  "warp": 0.01,
  "wave_r": 0,
  "wave_b": 0,
  "wave_y": 0.6,
  "ob_size": 0.005,
  "ob_r": 0.5,
  "ob_g": 0.5,
  "ob_b": 0.6,
  "ob_a": 1,
  "ib_size": 0.25,
  "mv_x": 0,
  "mv_y": 0,
  "mv_l": 1,
  "mv_a": 0
 },
 "warp": "",
 "comp": ""
}