{
 "shapes": [
  {
   "baseVals": {
    "enabled": 0
   }
  },
  {
   "baseVals": {
    "enabled": 0
   }
  },
  {
   "baseVals": {
    "enabled": 0
   }
  },
  {
   "baseVals": {
    "enabled": 0
   }
  }
 ],
 "waves": [
  {
   "baseVals": {},
   "init_eqs_str": " ",
   "frame_eqs_str": "",
   "point_eqs_str": ""
  },
  {
   "baseVals": {},
   "init_eqs_str": " ",
   "frame_eqs_str": "",
   "point_eqs_str": ""
  },
  {
   "baseVals": {},
   "init_eqs_str": " ",
   "frame_eqs_str": "",
   "point_eqs_str": ""
  },
  {
   "baseVals": {},
   "init_eqs_str": " ",
   "frame_eqs_str": "",
   "point_eqs_str": ""
  }
 ],
 "init_eqs_str": "",
 "frame_eqs_str": "a['wave_r']=(a['wave_r']+((Math.abs(above(a['bass'], 1.5))>0.00001)?(1):(0))); a['wave_b']=(a['wave_b']-((Math.abs(above(a['treb'], 1))>0.00001)?(1):(0)));",
 "pixel_eqs_str": "a['zoom']=(a['zoom']+((Math.abs(above(a['y'], (0*Math.sin(a['time']))))>0.00001)?(((Math.abs(below(a['y'], (0.5*Math.sin(a['time']))))>0.00001)?(((0.05*Math.sin((0.5*a['treb_att'])))+(0.045*Math.cos((2*a['mid_att']))))):(0))):(0))); a['zoom']=(a['zoom']+((Math.abs(above(a['y'], 0.5))>0.00001)?(((Math.abs(below(a['y'], (1*Math.sin((0.9*a['time'])))))>0.00001)?(((-0.05*Math.cos((0.5*a['bass_att'])))+(0.06*Math.sin((0.8*a['mid_att']))))):(0))):(0))); a['sy']=(a['sy']+((Math.abs(above(a['x'], (((0.45+(0.47*Math.sin(a['time'])))-(0.2*Math.tan(a['time'])))+(0.2*Math.tan((0.7*a['time']))))))>0.00001)?(((Math.abs(below(a['x'], (((0.55+(0.47*Math.sin(a['time'])))-(0.2*Math.tan(a['time'])))+(0.2*Math.tan((0.7*a['time']))))))>0.00001)?((0.1*Math.sin(a['bass']))):(0))):(0))); a['zoom']=(a['zoom']+((Math.abs(below(a['zoom'], 0.9999))>0.00001)?((-a['zoom']+1.020)):(0)));",
 "baseVals": {
  "rating": 2,
  "gammaadj": 1,
  "decay": 0.97,
  "echo_zoom": 1,
  "echo_orient": 1,
  "wave_mode": 7,
  "additivewave": 1,
  "wrap": 0,
  "wave_a": 100,
  "wave_scale": 0.184203,
  "wave_smoothing": 0.9,
  "modwavealphastart": 0.5,
  "modwavealphaend": 1,
  "warpscale": 100,
  "dy": 0.00001,
  "warp": 0.01,
  "wave_r": 0,
  "wave_g": 0.8,
  "wave_b": 0.1,
  "wave_y": 0.6,
  "ob_size": 0.005,
  "ob_r": 0.01,
  "ob_a": 1,
  "ib_size": 0.25,
  "mv_x": 0,
  "mv_y": 0,
  "mv_l": 1,
  "mv_a": 0
 },
 "warp": "",
 "comp": ""
}