{
 "shapes": [
  {
   "baseVals": {
    "enabled": 1,
    "textured": 1,
    "rad": 0.330038,
    "tex_zoom": 2.448623,
    "g": 1,
    "b": 1,
    "r2": 1,
    "b2": 1,
    "a2": 1,
    "border_r": 0,
    "border_g": 0,
    "border_b": 0,
    "border_a": 1
   },
   "init_eqs_str": "a['sg3'] = 0; a['sdx_r'] = 0; a['shpt'] = 0; a['a4y'] = 0; a['sg2'] = 0; a['sg1'] = 0; a['sg5'] = 0; a['a4x'] = 0; a['sdy_r'] = 0; a['a2y'] = 0; a['a1x'] = 0; a['a2x'] = 0; a['a1y'] = 0; a['sg4'] = 0; a['a3x'] = 0; a['a3y'] = 0; ",
   "frame_eqs_str": "a['shpt']=((above(a['bass_att'], a['shpt'])*2)+((1-above(a['bass_att'], a['shpt']))*(((a['shpt']-1.3)*0.96)+1.3))); a['sdx_r']=(((equal(a['shpt'], 2)*0.015)*Math.sin((5*a['time'])))+((1-equal(a['shpt'], 2))*a['sdx_r'])); a['sdy_r']=(((equal(a['shpt'], 2)*0.015)*Math.sin((6*a['time'])))+((1-equal(a['shpt'], 2))*a['sdy_r'])); a['a1x']=(0.5+(0.32*Math.cos((1-Math.sin((1.2*a['time'])))))); a['a1y']=(0.5+(0.37*Math.sin(((0.72*a['time'])-Math.cos((2*a['time'])))))); a['a2y']=(0.5+(0.32*Math.cos((1-Math.sin((1.2*a['time'])))))); a['a2x']=(0.5+(0.37*Math.sin(((0.72*a['time'])-Math.cos((2*a['time'])))))); a['a3x']=(0.5+(0.32*Math.sin((1-Math.cos((1.2*a['time'])))))); a['a3y']=(0.5+(0.37*Math.cos(((0.72*a['time'])-Math.sin((2*a['time'])))))); a['a4y']=(0.5+(0.32*Math.sin((1-Math.cos((1.2*a['time'])))))); a['a4x']=(0.5+(0.37*Math.cos(((0.72*a['time'])-Math.sin((2*a['time'])))))); a['sg1']=Math.abs(Math.sin(a['time'])); a['sg2']=((((a['a1x']*above(a['sg1'], 0.75))+(a['a2x']*below(a['sg1'], 0.25)))+((a['a3x']*above(a['sg1'], 0.25))*below(a['sg1'], 0.5)))+((a['a4x']*above(a['sg1'], 0.5))*below(a['sg1'], 0.75))); a['sg3']=((Math.abs(equal(a['shpt'], 2))>0.00001)?(a['sg2']):(a['sg3'])); a['sg4']=((((a['a1y']*above(a['sg1'], 0.75))+(a['a2y']*below(a['sg1'], 0.25)))+((a['a3y']*above(a['sg1'], 0.25))*below(a['sg1'], 0.5)))+((a['a4y']*above(a['sg1'], 0.5))*below(a['sg1'], 0.75))); a['sg5']=((Math.abs(equal(a['shpt'], 2))>0.00001)?(a['sg4']):(a['sg5'])); a['x']=a['sg3']; a['y']=a['sg5'];"
  },
  {
   "baseVals": {
    "enabled": 0
   }
  },
  {
   "baseVals": {
    "enabled": 0
   }
  },
  {
   "baseVals": {
    "enabled": 0
   }
  }
 ],
 "waves": [
  {
   "baseVals": {
    "enabled": 1,
    "scaling": 0.224799,
    "smoothing": 0
   },
   "init_eqs_str": "a['q1'] = 0; a['q2'] = 0; a['q3'] = 0; ",
   "frame_eqs_str": "",
   "point_eqs_str": "a['r']=a['q1']; a['g']=a['q2']; a['b']=a['q3']; a['x']=(a['x']+(0.42*Math.cos((1-Math.sin((1.2*a['time'])))))); a['y']=(a['y']+(0.47*Math.sin(((0.72*a['time'])-Math.cos((2*a['time']))))));"
  },
  {
   "baseVals": {
    "enabled": 1,
    "scaling": 0.224799,
    "smoothing": 0
   },
   "init_eqs_str": "a['q2'] = 0; a['q3'] = 0; a['q1'] = 0; ",
   "frame_eqs_str": "",
   "point_eqs_str": "a['r']=a['q2']; a['g']=a['q3']; a['b']=a['q1']; a['x']=(a['x']+(0.42*Math.cos((1-Math.sin((1.3*a['time'])))))); a['y']=(a['y']+(0.47*Math.sin(((0.72*a['time'])-Math.cos((2.1*a['time']))))));"
  },
  {
   "baseVals": {
    "enabled": 1,
    "scaling": 0.224799,
    "smoothing": 0
   },
   "init_eqs_str": "a['q3'] = 0; a['q1'] = 0; a['q2'] = 0; ",
   "frame_eqs_str": "",
   "point_eqs_str": "a['r']=a['q3']; a['g']=a['q1']; a['b']=a['q2']; a['x']=(a['x']+(0.42*Math.cos((1-Math.sin((1.4*a['time'])))))); a['y']=(a['y']+(0.47*Math.sin(((0.72*a['time'])-Math.cos((2.2*a['time']))))));"
  },
  {
   "baseVals": {
    "enabled": 1,
    "scaling": 0.224799,
    "smoothing": 0
   },
   "init_eqs_str": "a['q1'] = 0; a['q3'] = 0; a['q2'] = 0; ",
   "frame_eqs_str": "",
   "point_eqs_str": "a['r']=a['q1']; a['g']=a['q3']; a['b']=a['q2']; a['x']=(a['x']+(0.42*Math.cos((1-Math.sin((1.5*a['time'])))))); a['y']=(a['y']+(0.47*Math.sin(((0.72*a['time'])-Math.cos((2.3*a['time']))))));"
  }
 ],
 "init_eqs_str": "a['tg3'] = 0; a['rg2'] = 0; a['pfdx_r'] = 0; a['pfthresh'] = 0; a['thresh'] = 0; a['q1'] = 0; a['dy_r'] = 0; a['tg2'] = 0; a['tg1'] = 0; a['rg3'] = 0; a['pfdy_r'] = 0; a['rg1'] = 0; a['dx_r'] = 0; a['q2'] = 0; a['q3'] = 0;",
 "frame_eqs_str": "a['wave_r']=(0.5+(0.5*Math.sin((1.6*a['time'])))); a['wave_g']=(0.5+(0.5*Math.sin((4.1*a['time'])))); a['wave_b']=(-1+(((1-a['wave_r'])+1)-a['wave_g'])); a['warp']=0; a['pfthresh']=((above(a['bass_att'], a['pfthresh'])*2)+((1-above(a['bass_att'], a['pfthresh']))*(((a['pfthresh']-1.3)*0.96)+1.3))); a['pfdx_r']=(((equal(a['pfthresh'], 2)*0.015)*Math.sin((5*a['time'])))+((1-equal(a['pfthresh'], 2))*a['pfdx_r'])); a['pfdy_r']=(((equal(a['pfthresh'], 2)*0.015)*Math.sin((6*a['time'])))+((1-equal(a['pfthresh'], 2))*a['pfdy_r'])); a['rg1']=Math.abs(Math.sin(a['time'])); a['rg2']=(((12*a['pfdx_r'])*above(a['rg1'], 0.5))+((12*a['pfdy_r'])*below(a['rg1'], 0.5))); a['rg3']=((Math.abs(equal(a['pfthresh'], 2))>0.00001)?(a['rg2']):(a['rg3'])); a['q1']=a['wave_r']; a['q2']=a['wave_g']; a['q3']=a['wave_b'];",
 "pixel_eqs_str": "a['thresh']=((above(a['bass_att'], a['thresh'])*2)+((1-above(a['bass_att'], a['thresh']))*(((a['thresh']-1.3)*0.96)+1.3))); a['dx_r']=(((equal(a['thresh'], 2)*0.015)*Math.sin((5*a['time'])))+((1-equal(a['thresh'], 2))*a['dx_r'])); a['dy_r']=(((equal(a['thresh'], 2)*0.015)*Math.sin((6*a['time'])))+((1-equal(a['thresh'], 2))*a['dy_r'])); a['tg1']=Math.abs(Math.sin(a['time'])); a['tg2']=(((12*a['dx_r'])*above(a['tg1'], 0.5))+((12*a['dy_r'])*below(a['tg1'], 0.5))); a['tg3']=((Math.abs(equal(a['thresh'], 2))>0.00001)?(a['tg2']):(a['tg3'])); a['zoom']=(a['zoom']-0.01); a['rot']=(a['rot']+5);",
 "baseVals": {
  "rating": 2,
  "gammaadj": 1.35,
  "decay": 1,
  "echo_zoom": 0.999999,
  "echo_orient": 3,
  "wave_mode": 5,
  "wave_brighten": 0,
  "wrap": 0,
  "darken": 1,
  "wave_a": 0.001,
  "wave_scale": 0.721422,
  "wave_smoothing": 0.5,
  "modwavealphastart": 0.5,
  "modwavealphaend": 1,
  "dx": 0.00001,
  "dy": 0.00001,
  "warp": 0.01,
  "wave_r": 0.5,
  "wave_g": 0.5,
  "wave_b": 0.5,
  "ob_size": 0.005,
  "ob_a": 0.1,
  "ib_size": 0,
  "ib_r": 0,
  "ib_g": 0,
  "ib_b": 0,
  "mv_x": 0,
  "mv_y": 0,
  "mv_l": 1,
  "mv_a": 0
 },
 "warp": "",
 "comp": ""
}