{
 "shapes": [
  {
   "baseVals": {
    "enabled": 0
   }
  },
  {
   "baseVals": {
    "enabled": 0
   }
  },
  {
   "baseVals": {
    "enabled": 0
   }
  },
  {
   "baseVals": {
    "enabled": 0
   }
  }
 ],
 "waves": [
  {
   "baseVals": {},
   "init_eqs_str": " ",
   "frame_eqs_str": "",
   "point_eqs_str": ""
  },
  {
   "baseVals": {},
   "init_eqs_str": " ",
   "frame_eqs_str": "",
   "point_eqs_str": ""
  },
  {
   "baseVals": {},
   "init_eqs_str": " ",
   "frame_eqs_str": "",
   "point_eqs_str": ""
  },
  {
   "baseVals": {},
   "init_eqs_str": " ",
   "frame_eqs_str": "",
   "point_eqs_str": ""
  }
 ],
 "init_eqs_str": "",
 "frame_eqs_str": "a['wave_x']=(a['wave_x']+(0.01*Math.sin((0.8*a['time'])))); a['wave_y']=(a['wave_y']+(0.01*Math.sin((0.5*a['time'])))); a['wave_b']=(a['wave_b']+(1*Math.sin((3*a['bass'])))); a['wave_g']=(a['wave_g']+(1*Math.cos((3*a['treb'])))); a['wave_r']=(a['wave_r']+(1*Math.sin((3*a['mid'])))); a['zoom']=(a['zoom']+0.01); a['warp']=(5*a['bass']);",
 "pixel_eqs_str": "a['sx']=(a['sx']+((Math.abs(above(a['rad'], 0.38))>0.00001)?(0.01):(0))); a['sy']=(a['sy']+((Math.abs(above(a['rad'], 0.38))>0.00001)?(0.01):(0)));",
 "baseVals": {
  "rating": 2,
  "gammaadj": 1,
  "decay": 0.99,
  "echo_zoom": 1.000156,
  "echo_alpha": 1,
  "echo_orient": 3,
  "modwavealphabyvolume": 1,
  "wave_brighten": 0,
  "wrap": 0,
  "brighten": 1,
  "wave_a": 100,
  "wave_scale": 100,
  "wave_smoothing": 0,
  "modwavealphastart": 0.5,
  "modwavealphaend": 1,
  "warpscale": 3.30038,
  "zoomexp": 100,
  "zoom": 0.931007,
  "dx": 0.00001,
  "dy": 0.00001,
  "warp": 0.01,
  "sx": 1.000157,
  "sy": 0.899751,
  "wave_b": 0,
  "ob_size": 0,
  "ob_a": 1,
  "ib_size": 0,
  "mv_x": 64,
  "mv_y": 48,
  "mv_l": 0,
  "mv_g": 0.6,
  "mv_b": 0
 },
 "warp": "",
 "comp": ""
}