{
 "shapes": [
  {
   "baseVals": {
    "enabled": 0
   }
  },
  {
   "baseVals": {
    "enabled": 0
   }
  },
  {
   "baseVals": {
    "enabled": 0
   }
  },
  {
   "baseVals": {
    "enabled": 0
   }
  }
 ],
 "waves": [
  {
   "baseVals": {},
   "init_eqs_str": " ",
   "frame_eqs_str": "",
   "point_eqs_str": ""
  },
  {
   "baseVals": {},
   "init_eqs_str": " ",
   "frame_eqs_str": "",
   "point_eqs_str": ""
  },
  {
   "baseVals": {},
   "init_eqs_str": " ",
   "frame_eqs_str": "",
   "point_eqs_str": ""
  },
  {
   "baseVals": {},
   "init_eqs_str": " ",
   "frame_eqs_str": "",
   "point_eqs_str": ""
  }
 ],
 "init_eqs_str": "a['thresh'] = 0; a['dx_r'] = 0; a['dy_r'] = 0;",
 "frame_eqs_str": "a['wave_r']=((a['wave_r']+(0.133*Math.sin((1.4*a['time']))))+(0.254*Math.sin((2.25*a['time'])))); a['wave_g']=((a['wave_g']+(0.115*Math.sin((1.7*a['time']))))+(0.256*Math.sin((2.11*a['time'])))); a['wave_b']=((a['wave_b']+(0.125*Math.sin((1.84*a['time']))))+(0.251*Math.sin((2.3*a['time'])))); a['warp']=0; a['decay']=(0.99+(0.01*Math.sin(a['time']))); a['wave_mystery']=(a['wave_mystery']+(0.2*Math.sin(a['time'])));",
 "pixel_eqs_str": "a['thresh']=((above(a['bass_att'], a['thresh'])*2)+((1-above(a['bass_att'], a['thresh']))*(((a['thresh']-1.3)*0.96)+1.3))); a['dx_r']=(((equal(a['thresh'], 2)*0.015)*Math.sin((5*a['time'])))+((1-equal(a['thresh'], 2))*a['dx_r'])); a['dy_r']=(((equal(a['thresh'], 2)*0.015)*Math.sin((6*a['time'])))+((1-equal(a['thresh'], 2))*a['dy_r'])); a['dy']=(a['dy']+(((0.9*a['dy_r'])*a['rad'])*a['mid_att'])); a['dx']=(a['dx']+(((0.9*a['dx_r'])*a['rad'])*a['bass_att'])); a['rot']=(a['rot']+((0.1*Math.sin(((a['bass']*a['time'])*Math.cos(Math.sin((a['ang']*12))))))*(Math.sin((5*a['bass_att']))-a['rad']))); a['zoom']=(a['zoom']+((0.02*Math.sin(((a['treb']*a['time'])*Math.sin(Math.cos((a['ang']*12))))))*(Math.cos((5*a['time']))-a['rad']))); a['rot']=(a['rot']+(below(Math.sin(a['time']), 0)*6)); a['zoom']=(a['zoom']+(above(Math.sin(a['time']), 0)*0.006));",
 "baseVals": {
  "rating": 4,
  "gammaadj": 1,
  "decay": 1,
  "echo_zoom": 1.347849,
  "echo_alpha": 0.5,
  "echo_orient": 3,
  "wave_thick": 1,
  "wave_a": 100,
  "wave_scale": 0.266718,
  "wave_smoothing": 0.5,
  "modwavealphastart": 0.5,
  "modwavealphaend": 1,
  "dx": 0.00001,
  "dy": 0.00001,
  "warp": 0.01,
  "wave_r": 0.5,
  "wave_g": 0.5,
  "wave_b": 0.5,
  "ob_size": 0,
  "ob_a": 1,
  "ib_size": 0,
  "ib_r": 0,
  "ib_g": 0,
  "ib_b": 0,
  "mv_x": 0,
  "mv_y": 0,
  "mv_l": 1,
  "mv_a": 0
 },
 "warp": "",
 "comp": ""
}