{
 "shapes": [
  {
   "baseVals": {
    "enabled": 0
   }
  },
  {
   "baseVals": {
    "enabled": 0
   }
  },
  {
   "baseVals": {
    "enabled": 0
   }
  },
  {
   "baseVals": {
    "enabled": 0
   }
  }
 ],
 "waves": [
  {
   "baseVals": {},
   "init_eqs_str": " ",
   "frame_eqs_str": "",
   "point_eqs_str": ""
  },
  {
   "baseVals": {},
   "init_eqs_str": " ",
   "frame_eqs_str": "",
   "point_eqs_str": ""
  },
  {
   "baseVals": {},
   "init_eqs_str": " ",
   "frame_eqs_str": "",
   "point_eqs_str": ""
  },
  {
   "baseVals": {},
   "init_eqs_str": " ",
   "frame_eqs_str": "",
   "point_eqs_str": ""
  }
 ],
 "init_eqs_str": "",
 "frame_eqs_str": "a['wave_r']=(a['wave_r']+div((((0.5*Math.sin((12*a['treb'])))*3.12)*a['time']),5)); a['wave_b']=(a['wave_b']+div((((0.5*Math.sin((12*a['bass'])))*3.17)*a['time']),5)); a['wave_g']=(a['wave_g']+div((((0.5*Math.sin((12*a['mid'])))*3.22)*a['time']),5)); a['wave_x']=(a['wave_x']+(0.00*Math.sin((0.8*a['time'])))); a['wave_y']=(a['wave_y']+(0.00*Math.sin((0.5*a['time'])))); a['dx']=(a['dx']-0.0005); a['dy']=(a['dy']-0.0005);",
 "pixel_eqs_str": "a['rot']=(a['rot']+(0.05*a['rad'])); a['zoom']=(a['zoom']-((Math.abs(below(a['rad'], 0.61))>0.00001)?(0.05):(0))); a['zoom']=(a['zoom']+((Math.abs(above(a['rad'], 0.7))>0.00001)?(0):(0))); a['warp']=(a['warp']+((Math.abs(above(a['rad'], 0.86))>0.00001)?(0):(0)));",
 "baseVals": {
  "rating": 2,
  "gammaadj": 1,
  "decay": 0.99,
  "echo_zoom": 1,
  "echo_orient": 1,
  "wave_thick": 1,
  "wrap": 0,
  "brighten": 1,
  "wave_a": 100,
  "wave_scale": 0.899752,
  "wave_smoothing": 0,
  "wave_mystery": 0.4,
  "modwavealphastart": 0.5,
  "modwavealphaend": 1,
  "zoomexp": 0.94032,
  "dx": 0.00001,
  "dy": 0.00001,
  "warp": 0.01,
  "wave_r": 0.5,
  "wave_g": 0.5,
  "wave_b": 0.5,
  "ob_size": 0.005,
  "ob_a": 1,
  "ib_size": 0,
  "ib_r": 0.8,
  "ib_a": 1,
  "mv_x": 0,
  "mv_y": 0,
  "mv_l": 1,
  "mv_a": 0
 },
 "warp": "",
 "comp": ""
}