{
 "shapes": [
  {
   "baseVals": {
    "enabled": 0
   }
  },
  {
   "baseVals": {
    "enabled": 0
   }
  },
  {
   "baseVals": {
    "enabled": 0
   }
  },
  {
   "baseVals": {
    "enabled": 0
   }
  }
 ],
 "waves": [
  {
   "baseVals": {},
   "init_eqs_str": " ",
   "frame_eqs_str": "",
   "point_eqs_str": ""
  },
  {
   "baseVals": {},
   "init_eqs_str": " ",
   "frame_eqs_str": "",
   "point_eqs_str": ""
  },
  {
   "baseVals": {},
   "init_eqs_str": " ",
   "frame_eqs_str": "",
   "point_eqs_str": ""
  },
  {
   "baseVals": {},
   "init_eqs_str": " ",
   "frame_eqs_str": "",
   "point_eqs_str": ""
  }
 ],
 "init_eqs_str": "a['thresh'] = 0; a['dx_r'] = 0; a['dy_r'] = 0;",
 "frame_eqs_str": "a['wave_r']=((a['wave_r']+(0.25*Math.sin((1.4*a['time']))))+(0.25*Math.sin((2.25*a['time'])))); a['wave_g']=((a['wave_g']+(0.25*Math.sin((1.7*a['time']))))+(0.25*Math.sin((2.11*a['time'])))); a['wave_b']=((a['wave_b']+(0.25*Math.sin((1.84*a['time']))))+(0.25*Math.sin((2.3*a['time'])))); a['ib_r']=(a['wave_r']*0.5); a['ib_g']=(a['wave_g']*0.5); a['ib_b']=(a['wave_b']*0.5); a['ob_r']=a['wave_b']; a['ob_g']=a['wave_r']; a['ob_b']=a['wave_g']; a['wave_mystery']=(a['wave_mystery']+(0.5*a['time']));",
 "pixel_eqs_str": "a['thresh']=((above(a['bass_att'], a['thresh'])*2)+((1-above(a['bass_att'], a['thresh']))*(((a['thresh']-1.3)*0.96)+1.3))); a['dx_r']=(((equal(a['thresh'], 2)*0.015)*Math.sin((5*a['time'])))+((1-equal(a['thresh'], 2))*a['dx_r'])); a['dy_r']=(((equal(a['thresh'], 2)*0.015)*Math.sin((6*a['time'])))+((1-equal(a['thresh'], 2))*a['dy_r'])); a['rot']=(a['rot']+(0.1*(((0.1*div(a['bass'],a['treb_att']))+(0.5*(0.5-a['rad'])))+a['rad']))); a['rot']=(a['rot']-(0.5*Math.abs((((0.5*Math.cos((a['ang']*a['time'])))*0.4)*a['bass_att'])))); a['zoom']=(a['zoom']+(0.05*Math.sin(a['rad']))); a['zoom']=(a['zoom']-((0.32*above(a['y'], 0.5))*sqr(((0.5*Math.sin(div((a['rad']*12),a['time'])))*a['bass_att'])))); a['zoom']=(a['zoom']+((0.1*below(a['y'], 0.5))*sqr(((0.5*Math.cos(div(((0.5-a['rad'])*12),a['time'])))*a['treb_att'])))); a['dx']=(a['dx']+((1.4*a['dx_r'])*a['bass_att'])); a['dy']=(a['dy']+((1.4*a['dy_r'])*a['mid_att'])); a['zoom']=(a['zoom']-(Math.abs((0.7*Math.sin((a['bass_att']+div((0.4*a['treb']),(1-a['rad']))))))*0.1));",
 "baseVals": {
  "rating": 4,
  "gammaadj": 1,
  "decay": 0.97,
  "echo_zoom": 1.986892,
  "wave_mode": 7,
  "wave_thick": 1,
  "wrap": 0,
  "wave_a": 100,
  "wave_scale": 0.438652,
  "wave_smoothing": 0,
  "modwavealphastart": 0.5,
  "modwavealphaend": 1,
  "dx": 0.00001,
  "dy": 0.00001,
  "warp": 0.01,
  "wave_r": 0.5,
  "wave_g": 0.5,
  "wave_b": 0.5,
  "ob_size": 0.02,
  "ob_b": 1,
  "ob_a": 0.3,
  "ib_size": 0.02,
  "ib_r": 1,
  "ib_g": 0,
  "ib_b": 0,
  "ib_a": 0.3,
  "mv_x": 0,
  "mv_y": 0,
  "mv_l": 1,
  "mv_a": 0
 },
 "warp": "",
 "comp": ""
}