{
 "shapes": [
  {
   "baseVals": {
    "enabled": 0
   }
  },
  {
   "baseVals": {
    "enabled": 0
   }
  },
  {
   "baseVals": {
    "enabled": 0
   }
  },
  {
   "baseVals": {
    "enabled": 0
   }
  }
 ],
 "waves": [
  {
   "baseVals": {},
   "init_eqs_str": " ",
   "frame_eqs_str": "",
   "point_eqs_str": ""
  },
  {
   "baseVals": {},
   "init_eqs_str": " ",
   "frame_eqs_str": "",
   "point_eqs_str": ""
  },
  {
   "baseVals": {},
   "init_eqs_str": " ",
   "frame_eqs_str": "",
   "point_eqs_str": ""
  },
  {
   "baseVals": {},
   "init_eqs_str": " ",
   "frame_eqs_str": "",
   "point_eqs_str": ""
  }
 ],
 "init_eqs_str": "a['rad'] = 0;",
 "frame_eqs_str": "a['wave_r']=(a['wave_r']+(0.4*Math.sin((8*a['bass'])))); a['wave_g']=(a['wave_g']+(0.4*Math.sin((8*a['treb'])))); a['wave_b']=(a['wave_b']+(0.4*Math.sin((8*a['mid'])))); a['zoom']=(a['zoom']+((Math.abs(above(a['rad'], (0.5-(0.2*Math.sin((1.5*a['bass']))))))>0.00001)?((0.1*a['bass'])):(0))); a['zoom']=(a['zoom']+((Math.abs(below(a['warp'], 1))>0.00001)?(0.03):(0))); a['rot']=(a['rot']+((Math.abs(below(a['warp'], 0))>0.00001)?((0.025*a['bass'])):((-0.025*a['bass'])))); a['warp']=(a['warp']+((Math.abs(above(a['bass'], 1.1))>0.00001)?(2):(0)));",
 "pixel_eqs_str": "a['dx']=((a['dx']+(div((0.005*a['treb']),a['bass'])*Math.cos(a['time'])))+(0.01*Math.sin(((0.5*a['ang'])*(2*a['bass']))))); a['dy']=((a['dy']+(div((0.005*a['treb']),a['bass'])*Math.sin(a['time'])))+(0.01*Math.cos(((0.5*a['ang'])*(2*a['bass'])))));",
 "baseVals": {
  "rating": 2,
  "gammaadj": 1,
  "echo_zoom": 1,
  "echo_orient": 1,
  "wave_mode": 1,
  "wave_dots": 1,
  "modwavealphabyvolume": 1,
  "wave_brighten": 0,
  "wrap": 0,
  "darken_center": 1,
  "wave_a": 100,
  "wave_scale": 0.796896,
  "wave_smoothing": 0.5,
  "wave_mystery": -0.5,
  "modwavealphastart": 0.5,
  "modwavealphaend": 1,
  "dx": 0.00001,
  "dy": 0.00001,
  "warp": 0.01,
  "wave_r": 0.6,
  "wave_g": 0.6,
  "wave_b": 0.6,
  "ob_size": 0,
  "ob_a": 1,
  "ib_size": 0.25,
  "mv_x": 0,
  "mv_y": 0,
  "mv_l": 1,
  "mv_a": 0
 },
 "warp": "",
 "comp": ""
}