{
 "shapes": [
  {
   "baseVals": {
    "enabled": 0
   }
  },
  {
   "baseVals": {
    "enabled": 0
   }
  },
  {
   "baseVals": {
    "enabled": 0
   }
  },
  {
   "baseVals": {
    "enabled": 0
   }
  }
 ],
 "waves": [
  {
   "baseVals": {},
   "init_eqs_str": " ",
   "frame_eqs_str": "",
   "point_eqs_str": ""
  },
  {
   "baseVals": {},
   "init_eqs_str": " ",
   "frame_eqs_str": "",
   "point_eqs_str": ""
  },
  {
   "baseVals": {},
   "init_eqs_str": " ",
   "frame_eqs_str": "",
   "point_eqs_str": ""
  },
  {
   "baseVals": {},
   "init_eqs_str": " ",
   "frame_eqs_str": "",
   "point_eqs_str": ""
  }
 ],
 "init_eqs_str": "a['thresh'] = 0; a['dx_r'] = 0; a['dy_r'] = 0;",
 "frame_eqs_str": "a['wave_r']=((a['wave_r']+(0.35*Math.sin((4*a['time']))))+(0.15*Math.sin((2.5*a['time'])))); a['wave_g']=((a['wave_g']+(0.35*Math.sin((3.7*a['time']))))+(0.15*Math.sin((2.11*a['time'])))); a['wave_b']=((a['wave_b']+(0.35*Math.sin((3.84*a['time']))))+(0.15*Math.sin((2.3*a['time'])))); a['wave_x']=(0.5+(0.25*Math.sin(a['time']))); a['wave_y']=(0.5+(0.25*Math.cos(a['time']))); a['ib_r']=((above(Math.sin((0.2*a['time'])), -0.333)*1)*below(Math.sin((0.2*a['time'])), 0.333)); a['ib_g']=(below(Math.sin((0.2*a['time'])), -0.333)*1); a['ib_b']=(above(Math.sin((0.2*a['time'])), 0.333)*1);",
 "pixel_eqs_str": "a['thresh']=((above(a['bass_att'], a['thresh'])*2)+((1-above(a['bass_att'], a['thresh']))*(((a['thresh']-1.3)*0.96)+1.3))); a['dx_r']=(((equal(a['thresh'], 2)*0.015)*Math.sin((5*a['time'])))+((1-equal(a['thresh'], 2))*a['dx_r'])); a['dy_r']=(((equal(a['thresh'], 2)*0.015)*Math.sin((6*a['time'])))+((1-equal(a['thresh'], 2))*a['dy_r'])); a['dy']=(a['dy']+0.001); a['rot']=(a['rot']+(((0.4*(1-a['rad']))*0.5)*Math.sin(((70*a['dy_r'])+(a['dx_r']*60))))); a['zoom']=(a['zoom']+(((0.01*(1-(a['rad']*2)))*0.03)*(0.5-((a['rad']*0.1)*Math.sin(a['time']))))); a['dy']=(a['dy']+(0.005*Math.sin(((Math.cos((a['x']*a['time']))*1.76)*Math.sin(((0.52*a['time'])*Math.cos(Math.max((0.075*a['bass_att']), (0.0005*a['time']))))))))); a['dx']=(a['dx']+(0.005*Math.cos(((Math.sin((a['y']*a['time']))*1.54)*Math.sin(((0.79*a['time'])*Math.sin(Math.max((0.075*a['treb_att']), (0.0005*a['time'])))))))));",
 "baseVals": {
  "rating": 4,
  "gammaadj": 1,
  "decay": 1,
  "echo_zoom": 0.999837,
  "echo_alpha": 0.5,
  "echo_orient": 3,
  "wave_mode": 5,
  "wave_brighten": 0,
  "wave_a": 100,
  "wave_scale": 1.599171,
  "wave_smoothing": 0.9,
  "wave_mystery": 1,
  "modwavealphastart": 0.5,
  "modwavealphaend": 1,
  "warpanimspeed": 20.009382,
  "warpscale": 5.427911,
  "dx": 0.00001,
  "dy": 0.00001,
  "warp": 0.01,
  "wave_r": 0,
  "wave_g": 0.1,
  "wave_x": 0.4,
  "ob_size": 0.005,
  "ob_a": 1,
  "ib_size": 0.005,
  "ib_r": 0,
  "ib_g": 1,
  "ib_b": 0,
  "ib_a": 1,
  "mv_x": 6.4,
  "mv_y": 4.8,
  "mv_l": 5,
  "mv_a": 0
 },
 "warp": "",
 "comp": ""
}