{
 "shapes": [
  {
   "baseVals": {
    "enabled": 0
   }
  },
  {
   "baseVals": {
    "enabled": 0
   }
  },
  {
   "baseVals": {
    "enabled": 0
   }
  },
  {
   "baseVals": {
    "enabled": 0
   }
  }
 ],
 "waves": [
  {
   "baseVals": {},
   "init_eqs_str": " ",
   "frame_eqs_str": "",
   "point_eqs_str": ""
  },
  {
   "baseVals": {},
   "init_eqs_str": " ",
   "frame_eqs_str": "",
   "point_eqs_str": ""
  },
  {
   "baseVals": {},
   "init_eqs_str": " ",
   "frame_eqs_str": "",
   "point_eqs_str": ""
  },
  {
   "baseVals": {},
   "init_eqs_str": " ",
   "frame_eqs_str": "",
   "point_eqs_str": ""
  }
 ],
 "init_eqs_str": "",
 "frame_eqs_str": "a['wave_x']=(((a['wave_x']+(0.2*Math.sin((2.2*a['time']))))-(0.15*Math.cos((2.1*a['time']))))+(0.1*Math.sin((2*a['time'])))); a['wave_y']=(((a['wave_y']+(0.15*Math.sin((2.3*a['time']))))-(0.2*Math.sin((1.88*a['time']))))+(0.13*Math.cos(a['time']))); a['dx']=(a['dx']+(0.01*Math.sin((1.24*a['time'])))); a['dy']=(a['dy']+(0.01*Math.sin((1.12*a['time'])))); a['wave_r']=(a['wave_r']+(0.5*Math.sin((1.13*a['time'])))); a['wave_g']=(a['wave_g']+(0.5*Math.sin((1.23*a['time'])))); a['wave_b']=(a['wave_b']+(0.5*Math.sin((1.33*a['time'])))); a['wave_mystery']=(a['wave_mystery']+(0.00*Math.sin(a['time'])));",
 "pixel_eqs_str": "",
 "baseVals": {
  "rating": 3,
  "gammaadj": 1,
  "decay": 0.9,
  "echo_zoom": 1,
  "echo_orient": 3,
  "wave_mode": 5,
  "wave_dots": 1,
  "wave_brighten": 0,
  "wrap": 0,
  "wave_a": 100,
  "wave_scale": 0.799884,
  "wave_smoothing": 0,
  "modwavealphastart": 0.71,
  "modwavealphaend": 1.3,
  "zoomexp": 0.9,
  "fshader": 1,
  "warp": 0.01,
  "wave_g": 0,
  "wave_b": 0,
  "ob_size": 0.005,
  "ob_r": 0.01,
  "ob_a": 1,
  "ib_size": 0.26,
  "mv_x": 64,
  "mv_y": 48,
  "mv_l": 1,
  "mv_a": 0
 },
 "warp": "",
 "comp": ""
}