{
 "shapes": [
  {
   "baseVals": {
    "enabled": 1,
    "bdrawback": 0,
    "x_wrap_mode": 0,
    "y_wrap_mode": 0,
    "textured": 1,
    "tex_capture": 1,
    "tex_cx": 0.5,
    "tex_cy": 0.5,
    "y": 1.8
   },
   "init_eqs_str": " ",
   "frame_eqs_str": ""
  },
  {
   "baseVals": {
    "enabled": 1,
    "bdrawback": 0,
    "x_wrap_mode": 0,
    "y_wrap_mode": 0,
    "textured": 1,
    "tex_capture": 1,
    "tex_cx": 0.5,
    "tex_cy": 0.5,
    "y": 1.8
   },
   "init_eqs_str": " ",
   "frame_eqs_str": ""
  },
  {
   "baseVals": {
    "enabled": 1,
    "bdrawback": 0,
    "x_wrap_mode": 0,
    "y_wrap_mode": 0,
    "textured": 1,
    "tex_capture": 1,
    "tex_cx": 0.5,
    "tex_cy": 0.5,
    "y": 1.8
   },
   "init_eqs_str": " ",
   "frame_eqs_str": ""
  },
  {
   "baseVals": {
    "enabled": 0
   }
  }
 ],
 "waves": [
  {
   "baseVals": {
    "enabled": 0
   }
  },
  {
   "baseVals": {
    "enabled": 0
   }
  },
  {
   "baseVals": {
    "enabled": 0
   }
  },
  {
   "baseVals": {
    "enabled": 0
   }
  }
 ],
 "init_eqs_str": "a['thresh'] = 0; a['dx_r'] = 0; a['dy_r'] = 0; a['xy'] = 0;",
 "frame_eqs_str": "a['wave_y']=(a['wave_y']+(0.2*Math.sin((1.85*a['time'])))); a['warp']=0; a['wave_r']=1;",
 "pixel_eqs_str": "a['dx']=(a['dx']+((Math.abs(below(a['x'], 0.5))>0.00001)?(((Math.abs(above(a['bass'], 1.1))>0.00001)?((0.05*(0.5-a['x']))):(0))):(0))); a['dx']=(a['dx']+((Math.abs(above(a['x'], 0.5))>0.00001)?(((Math.abs(above(a['treb'], 1.1))>0.00001)?((0.05*(0.5-a['x']))):(0))):(0))); a['rot']=(a['rot']-((0.05*(0.5-a['x']))*Math.sin((3*a['bass'])))); a['thresh']=((above(a['bass_att'], a['thresh'])*2)+((1-above(a['bass_att'], a['thresh']))*(((a['thresh']-1.3)*0.96)+1.3))); a['dx_r']=(((equal(a['thresh'], 2)*0.015)*Math.sin((5*a['time'])))+((1-equal(a['thresh'], 2))*a['dx_r'])); a['dy_r']=(((equal(a['thresh'], 2)*0.015)*Math.sin((6*a['time'])))+((1-equal(a['thresh'], 2))*a['dy_r'])); a['xy']=(((above(Math.sin(a['time']), 0)*a['x'])+(below(Math.sin((1.34*a['time'])), 0)*a['y']))+(above(a['bass_att'], 1.1)*-1)); a['dx']=(a['dx']+a['dx_r']); a['dy']=(a['dy']+a['dy_r']); a['sx']=(a['sx']-Math.abs(((12*a['dx_r'])*(a['xy']*Math.sin(((a['xy']*a['bass_att'])*1.25)))))); a['sy']=(a['sy']-Math.abs(((12*a['dy_r'])*(a['xy']*Math.sin(((a['xy']*a['bass_att'])*1.25)))))); a['rot']=(a['rot']+((22*a['dx_r'])*(a['xy']*Math.cos(((4*a['xy'])*a['treb_att']))))); a['cx']=(a['cx']+((8*a['dx_r'])*(a['xy']*Math.sin(((a['xy']*a['mid_att'])*1.1))))); a['cy']=(a['cy']+((8*a['dy_r'])*(a['xy']*Math.sin(((a['xy']*a['mid_att'])*1.1)))));",
 "baseVals": {
  "rating": 2,
  "gammaadj": 1,
  "decay": 1,
  "echo_zoom": 1,
  "echo_orient": 1,
  "nechowrap_x": 0,
  "nechowrap_y": 0,
  "wave_mode": 7,
  "wave_thick": 1,
  "wave_brighten": 0,
  "wrap": 0,
  "nwrapmode_x": 1,
  "nwrapmode_y": 1,
  "wave_a": 100,
  "wave_scale": 0.721421,
  "wave_smoothing": 0.9,
  "wave_mystery": 1,
  "modwavealphastart": 0.5,
  "modwavealphaend": 1,
  "dx": 0.00001,
  "dy": 0.00001,
  "warp": 0.01,
  "sx": 0.990099,
  "wave_g": 0,
  "wave_b": 0,
  "ob_size": 0.115,
  "ob_a": 1,
  "ib_size": 0.02,
  "ib_r": 1,
  "ib_g": 1,
  "ib_b": 1,
  "ib_a": 1,
  "mv_x": 64,
  "mv_y": 48,
  "mv_l": 1,
  "mv_r": 0,
  "mv_g": 0,
  "mv_b": 0.8,
  "mv_a": 0
 },
 "warp": "",
 "comp": ""
}