{
 "shapes": [
  {
   "baseVals": {
    "enabled": 0
   }
  },
  {
   "baseVals": {
    "enabled": 0
   }
  },
  {
   "baseVals": {
    "enabled": 0
   }
  },
  {
   "baseVals": {
    "enabled": 0
   }
  }
 ],
 "waves": [
  {
   "baseVals": {},
   "init_eqs_str": " ",
   "frame_eqs_str": "",
   "point_eqs_str": ""
  },
  {
   "baseVals": {},
   "init_eqs_str": " ",
   "frame_eqs_str": "",
   "point_eqs_str": ""
  },
  {
   "baseVals": {},
   "init_eqs_str": " ",
   "frame_eqs_str": "",
   "point_eqs_str": ""
  },
  {
   "baseVals": {},
   "init_eqs_str": " ",
   "frame_eqs_str": "",
   "point_eqs_str": ""
  }
 ],
 "init_eqs_str": "",
 "frame_eqs_str": "a['wave_r']=((a['wave_r']+(0.35*Math.sin((4*a['time']))))+(0.15*Math.sin((2.5*a['time'])))); a['wave_g']=((a['wave_g']+(0.35*Math.sin((3.7*a['time']))))+(0.15*Math.sin((2.11*a['time'])))); a['wave_b']=((a['wave_b']+(0.35*Math.sin((3.84*a['time']))))+(0.15*Math.sin((2.3*a['time'])))); a['decay']=0.8; a['wave_x']=(a['wave_x']+((Math.abs(above(Math.sin(mod(a['frame'],3)), 0))>0.00001)?((0.2*Math.sin((a['time']+(0.13*a['bass_att']))))):(0))); a['wave_y']=(a['wave_y']+((Math.abs(above(Math.sin(mod(a['frame'],3)), 0))>0.00001)?((0.2*Math.cos((a['time']+(0.13*a['bass_att']))))):(0))); a['wave_mystery']=((Math.abs(above(Math.sin(mod(a['frame'],3)), 0))>0.00001)?(-0.45):(-0.4)); a['warp']=0; a['wave_r']=((Math.abs(above(Math.sin(mod(a['frame'],3)), 0))>0.00001)?(a['wave_g']):(a['wave_r'])); a['wave_g']=((Math.abs(above(Math.sin(mod(a['frame'],3)), 0))>0.00001)?(a['wave_b']):(a['wave_g'])); a['wave_b']=((Math.abs(above(Math.sin(mod(a['frame'],3)), 0))>0.00001)?(a['wave_r']):(a['wave_b']));",
 "pixel_eqs_str": "a['zoom']=(a['zoom']+((Math.abs(above(a['rad'], 0.05))>0.00001)?(((Math.abs(below(a['rad'], 0.155))>0.00001)?(0.1):(0))):(0.2))); a['rot']=(a['rot']+((Math.abs(above(a['rad'], 0.08))>0.00001)?(((Math.abs(below(a['rad'], 0.2))>0.00001)?(0.04):(0))):(-0.05)));",
 "baseVals": {
  "rating": 1,
  "gammaadj": 2.05,
  "decay": 0.9,
  "echo_zoom": 1.488862,
  "echo_alpha": 0.5,
  "echo_orient": 3,
  "wrap": 0,
  "brighten": 1,
  "wave_a": 100,
  "wave_scale": 0.01,
  "wave_smoothing": 0.5,
  "wave_mystery": -0.4,
  "modwavealphastart": 0.5,
  "modwavealphaend": 1,
  "dx": 0.00001,
  "dy": 0.00001,
  "warp": 0.01,
  "wave_r": 0.5,
  "wave_g": 0.5,
  "wave_b": 0.5,
  "ob_size": 0.005,
  "ob_a": 1,
  "ib_size": 0,
  "ib_r": 0,
  "ib_g": 0,
  "ib_b": 0,
  "mv_x": 6.4,
  "mv_y": 4.8,
  "mv_l": 5,
  "mv_a": 0
 },
 "warp": "",
 "comp": ""
}