{
 "shapes": [
  {
   "baseVals": {
    "enabled": 0
   }
  },
  {
   "baseVals": {
    "enabled": 0
   }
  },
  {
   "baseVals": {
    "enabled": 0
   }
  },
  {
   "baseVals": {
    "enabled": 0
   }
  }
 ],
 "waves": [
  {
   "baseVals": {},
   "init_eqs_str": " ",
   "frame_eqs_str": "",
   "point_eqs_str": ""
  },
  {
   "baseVals": {},
   "init_eqs_str": " ",
   "frame_eqs_str": "",
   "point_eqs_str": ""
  },
  {
   "baseVals": {},
   "init_eqs_str": " ",
   "frame_eqs_str": "",
   "point_eqs_str": ""
  },
  {
   "baseVals": {},
   "init_eqs_str": " ",
   "frame_eqs_str": "",
   "point_eqs_str": ""
  }
 ],
 "init_eqs_str": "",
 "frame_eqs_str": "a['wave_mystery']=(a['wave_mystery']+(1*Math.sin((20*a['time'])))); a['rot']=(a['rot']+(0.01*Math.sin((0.25*a['time'])))); a['wave_r']=(a['wave_r']+(0.51*Math.sin((1.3*a['time'])))); a['wave_b']=(a['wave_b']+(0.54*Math.sin((1.1*a['time'])))); a['wave_g']=(a['wave_g']+(0.45*Math.sin((1.2*a['time'])))); a['warp']=(a['warp']+(0.2*a['bass'])); a['zoom']=(a['zoom']-(0.01*Math.tan((50*a['time']))));",
 "pixel_eqs_str": "",
 "baseVals": {
  "rating": 3,
  "gammaadj": 1.700001,
  "decay": 0.979,
  "echo_zoom": 1.006596,
  "echo_orient": 3,
  "wave_mode": 6,
  "additivewave": 1,
  "wave_thick": 1,
  "modwavealphabyvolume": 1,
  "wave_brighten": 0,
  "wrap": 0,
  "brighten": 1,
  "solarize": 1,
  "wave_a": 100,
  "wave_scale": 0.399785,
  "wave_smoothing": 0.9,
  "modwavealphastart": 0.71,
  "modwavealphaend": 1.3,
  "warpscale": 1.331,
  "fshader": 0.8,
  "zoom": 0.999514,
  "warp": 0.01,
  "wave_r": 0.5,
  "wave_g": 0.6,
  "wave_b": 0.4,
  "ob_size": 0.5,
  "ob_r": 0.01,
  "ib_size": 0.26,
  "mv_a": 0
 },
 "warp": "",
 "comp": ""
}