{
 "shapes": [
  {
   "baseVals": {
    "enabled": 0
   }
  },
  {
   "baseVals": {
    "enabled": 0
   }
  },
  {
   "baseVals": {
    "enabled": 0
   }
  },
  {
   "baseVals": {
    "enabled": 0
   }
  }
 ],
 "waves": [
  {
   "baseVals": {},
   "init_eqs_str": " ",
   "frame_eqs_str": "",
   "point_eqs_str": ""
  },
  {
   "baseVals": {},
   "init_eqs_str": " ",
   "frame_eqs_str": "",
   "point_eqs_str": ""
  },
  {
   "baseVals": {},
   "init_eqs_str": " ",
   "frame_eqs_str": "",
   "point_eqs_str": ""
  },
  {
   "baseVals": {},
   "init_eqs_str": " ",
   "frame_eqs_str": "",
   "point_eqs_str": ""
  }
 ],
 "init_eqs_str": "",
 "frame_eqs_str": "a['wave_r']=(a['wave_r']+(0.5*Math.sin((a['time']*1.13)))); a['wave_g']=(a['wave_g']+(0.5*Math.sin((a['time']*1.23)))); a['wave_b']=(a['wave_b']+(0.5*Math.sin((a['time']*1.33)))); a['wave_x']=(a['wave_x']+(0.05*Math.sin(a['time']))); a['wave_y']=(a['wave_y']+(0.05*Math.cos(a['time']))); a['ib_r']=(a['ib_r']+(0.25*Math.sin(a['time']))); a['ib_g']=(a['ib_g']+(0.25*Math.cos(a['time']))); a['ib_b']=(a['ib_b']+(0.25*Math.sin((0.5*a['time']))));",
 "pixel_eqs_str": "a['zoom']=(a['zoom']+(0.05*(((Math.sin((Math.abs((50*Math.sin((0.1*a['time']))))*a['rad']))*Math.sin(Math.sin((((a['time']*2)*Math.sin((24*a['ang'])))*-a['rad']))))*3)*Math.cos(a['rad'])))); a['rot']=(a['rot']+(0.1*Math.sin(((0.2+(0.5*Math.sin(a['time'])))-a['rad'])))); a['cx']=(a['cx']+(((1.1*(0.99*(0.5-a['rad'])))*Math.sin((0.733*a['time'])))*below(Math.sin(a['time']), Math.cos(a['time'])))); a['cy']=(a['cy']+(((1.1*(0.99*(0.5-a['rad'])))*Math.cos((0.953*a['time'])))*above(Math.sin(a['time']), Math.cos((0.5*a['time'])))));",
 "baseVals": {
  "rating": 3,
  "gammaadj": 1.7,
  "decay": 0.99,
  "echo_zoom": 0.9996,
  "echo_alpha": 0.5,
  "echo_orient": 3,
  "wave_mode": 1,
  "wave_dots": 1,
  "wave_brighten": 0,
  "wave_a": 100,
  "wave_scale": 1.053726,
  "wave_smoothing": 0,
  "modwavealphastart": 0.71,
  "modwavealphaend": 1.3,
  "warpscale": 1.331,
  "zoom": 0.999513,
  "warp": 0.0101,
  "wave_r": 0.65,
  "wave_g": 0.65,
  "wave_b": 0.65,
  "ob_size": 0.005,
  "ob_a": 0.9,
  "ib_size": 0.005,
  "ib_r": 0,
  "ib_g": 0,
  "ib_b": 0,
  "ib_a": 0.9,
  "mv_a": 0
 },
 "warp": "",
 "comp": ""
}