{
 "shapes": [
  {
   "baseVals": {
    "enabled": 0
   }
  },
  {
   "baseVals": {
    "enabled": 0
   }
  },
  {
   "baseVals": {
    "enabled": 0
   }
  },
  {
   "baseVals": {
    "enabled": 0
   }
  }
 ],
 "waves": [
  {
   "baseVals": {},
   "init_eqs_str": " ",
   "frame_eqs_str": "",
   "point_eqs_str": ""
  },
  {
   "baseVals": {},
   "init_eqs_str": " ",
   "frame_eqs_str": "",
   "point_eqs_str": ""
  },
  {
   "baseVals": {},
   "init_eqs_str": " ",
   "frame_eqs_str": "",
   "point_eqs_str": ""
  },
  {
   "baseVals": {},
   "init_eqs_str": " ",
   "frame_eqs_str": "",
   "point_eqs_str": ""
  }
 ],
 "init_eqs_str": "",
 "frame_eqs_str": "a['wave_r']=(a['wave_r']+(0.5*Math.sin((a['time']*1.13)))); a['wave_g']=(a['wave_g']+(0.5*Math.sin((a['time']*1.23)))); a['wave_b']=(a['wave_b']+(0.5*Math.sin((a['time']*1.33))));",
 "pixel_eqs_str": "a['zoom']=(((a['zoom']+(0.03*a['bass']))+div(Math.sin(Math.sin((a['time']+a['rad']))),10))-div(Math.cos(a['rad']),30)); a['rot']=(0.06*Math.sin(a['rad'])); a['dx']=(a['dx']+((0.008*((0.99*1)-a['rad']))*Math.sin((0.733*a['time'])))); a['dy']=(a['dy']+((0.008*((0.99*1)-a['rad']))*Math.cos((0.953*a['time']))));",
 "baseVals": {
  "rating": 3,
  "gammaadj": 2.001,
  "decay": 0.945,
  "echo_zoom": 1.204029,
  "echo_alpha": 0.5,
  "wave_mode": 5,
  "additivewave": 1,
  "wave_brighten": 0,
  "wrap": 0,
  "red_blue": 1,
  "wave_a": 8.311003,
  "wave_scale": 1.568857,
  "wave_smoothing": 0,
  "modwavealphastart": 0.71,
  "modwavealphaend": 1.3,
  "warpscale": 1.331,
  "zoom": 0.999513,
  "warp": 0.0101,
  "wave_r": 0.65,
  "wave_g": 0.65,
  "wave_b": 0.65,
  "ob_size": 0.005,
  "ob_a": 0.8,
  "ib_size": 0,
  "mv_a": 0
 },
 "warp": "",
 "comp": ""
}