{
 "shapes": [
  {
   "baseVals": {
    "enabled": 0
   }
  },
  {
   "baseVals": {
    "enabled": 0
   }
  },
  {
   "baseVals": {
    "enabled": 0
   }
  },
  {
   "baseVals": {
    "enabled": 0
   }
  }
 ],
 "waves": [
  {
   "baseVals": {},
   "init_eqs_str": " ",
   "frame_eqs_str": "",
   "point_eqs_str": ""
  },
  {
   "baseVals": {},
   "init_eqs_str": " ",
   "frame_eqs_str": "",
   "point_eqs_str": ""
  },
  {
   "baseVals": {},
   "init_eqs_str": " ",
   "frame_eqs_str": "",
   "point_eqs_str": ""
  },
  {
   "baseVals": {},
   "init_eqs_str": " ",
   "frame_eqs_str": "",
   "point_eqs_str": ""
  }
 ],
 "init_eqs_str": "",
 "frame_eqs_str": "a['wave_b']=-1; a['wave_r']=(-1+Math.floor(randint(5))); a['wave_g']=(-1+Math.floor(randint(5))); a['zoom']=(a['zoom']+(0.025*Math.sin((10*a['time']))));",
 "pixel_eqs_str": "a['sy']=(a['sy']+((Math.abs(below(a['rad'], (0.5+(0.08*Math.sin((div(a['bass'],4)-Math.sin(a['time'])))))))>0.00001)?((0.05*Math.sin(a['bass']))):(0))); a['sx']=(a['sx']+((Math.abs(below(a['rad'], (0.5+(0.08*Math.sin((div(a['bass'],4)-Math.sin(a['time'])))))))>0.00001)?((0.05*Math.sin(a['bass']))):(0)));",
 "baseVals": {
  "rating": 4,
  "gammaadj": 1,
  "decay": 0.99,
  "echo_zoom": 1.644627,
  "echo_alpha": 0.5,
  "echo_orient": 3,
  "wave_mode": 5,
  "wave_dots": 1,
  "wave_brighten": 0,
  "wave_a": 100,
  "wave_scale": 2.3809,
  "wave_smoothing": 0.5,
  "modwavealphastart": 0.5,
  "modwavealphaend": 1,
  "warpanimspeed": 100,
  "warpscale": 0.01,
  "zoomexp": 0.499805,
  "dx": 0.00001,
  "dy": 0.00001,
  "warp": 0.400279,
  "wave_r": 0,
  "wave_g": 0,
  "wave_b": 0,
  "ob_size": 0,
  "ob_a": 1,
  "ib_size": 0.25,
  "mv_x": 64,
  "mv_y": 48,
  "mv_l": 1,
  "mv_a": 0.01
 },
 "warp": "",
 "comp": ""
}