{
 "shapes": [
  {
   "baseVals": {
    "enabled": 0
   }
  },
  {
   "baseVals": {
    "enabled": 0
   }
  },
  {
   "baseVals": {
    "enabled": 0
   }
  },
  {
   "baseVals": {
    "enabled": 0
   }
  }
 ],
 "waves": [
  {
   "baseVals": {},
   "init_eqs_str": " ",
   "frame_eqs_str": "",
   "point_eqs_str": ""
  },
  {
   "baseVals": {},
   "init_eqs_str": " ",
   "frame_eqs_str": "",
   "point_eqs_str": ""
  },
  {
   "baseVals": {},
   "init_eqs_str": " ",
   "frame_eqs_str": "",
   "point_eqs_str": ""
  },
  {
   "baseVals": {},
   "init_eqs_str": " ",
   "frame_eqs_str": "",
   "point_eqs_str": ""
  }
 ],
 "init_eqs_str": "a['thresh'] = 0; a['dx_r'] = 0; a['dy_r'] = 0;",
 "frame_eqs_str": "a['wave_r']=((a['wave_r']+(0.15*Math.sin((1.4*a['time']))))+(0.325*Math.sin((2.25*a['time'])))); a['wave_g']=((a['wave_g']+(0.15*Math.sin((1.7*a['time']))))+(0.325*Math.sin((1.11*a['time'])))); a['wave_b']=((a['wave_b']+(0.15*Math.sin((3.84*a['time']))))+(0.325*Math.sin((2.3*a['time'])))); a['warp']=0; a['ib_r']=(a['ib_r']+a['wave_r']); a['ib_g']=(a['ib_g']+a['wave_b']); a['ib_b']=(a['ib_b']+a['wave_g']);",
 "pixel_eqs_str": "a['thresh']=((above(a['bass_att'], a['thresh'])*2)+((1-above(a['bass_att'], a['thresh']))*(((a['thresh']-1.3)*0.96)+1.3))); a['dx_r']=(((equal(a['thresh'], 2)*0.015)*Math.sin((5*a['time'])))+((1-equal(a['thresh'], 2))*a['dx_r'])); a['dy_r']=(((equal(a['thresh'], 2)*0.015)*Math.sin((6*a['time'])))+((1-equal(a['thresh'], 2))*a['dy_r'])); a['rot']=(a['rot']+((((((0.2*Math.abs(Math.sin(a['time'])))*0.1)*(a['rad']*Math.log((8*a['time']))))*Math.abs(Math.sin(((a['rad']*2)*a['time']))))*above(a['x'], 0.5))*Math.sin(a['time']))); a['zoom']=(a['zoom']-0.062); a['zoom']=(a['zoom']+(((Math.abs(Math.sin(a['bass']))*0.5)*((a['bass']-a['rad'])*Math.abs(Math.cos((0.8*a['bass'])))))*Math.abs(Math.cos(((a['rad']*2)*a['time']))))); a['rot']=(a['rot']+((a['dx_r']*3)*(0.2*Math.abs(a['bass_att']))));",
 "baseVals": {
  "rating": 3,
  "gammaadj": 1,
  "echo_zoom": 1,
  "echo_alpha": 0.5,
  "echo_orient": 3,
  "wave_mode": 5,
  "wave_thick": 1,
  "wave_brighten": 0,
  "wave_a": 100,
  "wave_scale": 0.880271,
  "wave_smoothing": 0.5,
  "modwavealphastart": 0.5,
  "modwavealphaend": 1,
  "dx": 0.00001,
  "dy": 0.00001,
  "warp": 0.01,
  "wave_r": 0.5,
  "wave_g": 0.5,
  "wave_b": 0.5,
  "ob_size": 0,
  "ob_a": 1,
  "ib_size": 0.2,
  "ib_r": 0,
  "ib_g": 0,
  "ib_b": 0,
  "ib_a": 0.04,
  "mv_x": 0,
  "mv_y": 0,
  "mv_l": 1,
  "mv_a": 0
 },
 "warp": "",
 "comp": ""
}