{
 "shapes": [
  {
   "baseVals": {
    "enabled": 0
   }
  },
  {
   "baseVals": {
    "enabled": 0
   }
  },
  {
   "baseVals": {
    "enabled": 0
   }
  },
  {
   "baseVals": {
    "enabled": 0
   }
  }
 ],
 "waves": [
  {
   "baseVals": {},
   "init_eqs_str": " ",
   "frame_eqs_str": "",
   "point_eqs_str": ""
  },
  {
   "baseVals": {},
   "init_eqs_str": " ",
   "frame_eqs_str": "",
   "point_eqs_str": ""
  },
  {
   "baseVals": {},
   "init_eqs_str": " ",
   "frame_eqs_str": "",
   "point_eqs_str": ""
  },
  {
   "baseVals": {},
   "init_eqs_str": " ",
   "frame_eqs_str": "",
   "point_eqs_str": ""
  }
 ],
 "init_eqs_str": "",
 "frame_eqs_str": "a['wave_r']=((a['wave_r']+(0.35*Math.sin((1.4*a['time']))))+(0.15*Math.sin(((2.5*a['time'])+(2*a['mid']))))); a['wave_g']=((a['wave_g']+(0.35*Math.sin((1.7*a['time']))))+(0.15*Math.sin(((2.11*a['time'])+(2.2*a['treb']))))); a['wave_b']=((a['wave_b']+(0.35*Math.sin((1.84*a['time']))))+(0.15*Math.sin(((2.3*a['time'])+(2*a['bass']))))); a['wave_x']=(0.75+(0.45*Math.sin((Math.sin(((0.5*a['bass_att'])-(0.4*a['treb_att'])))*Math.sin(a['time'])))));",
 "pixel_eqs_str": "a['dy']=(a['dy']+(0.004*Math.sin(((Math.cos(((a['x']*2.25)*a['time']))*0.86)*Math.sin(((0.52*a['time'])*Math.cos(Math.max((0.075*a['bass_att']), (0.0005*a['time']))))))))); a['dx']=(a['dx']+(0.004*Math.cos(((Math.sin(((a['y']*2.25)*a['time']))*0.94)*Math.sin(((0.79*a['time'])*Math.sin(Math.max((0.075*a['treb_att']), (0.0005*a['time']))))))))); a['dy']=(a['dy']-(Math.sin((((1+a['x'])*a['time'])*0.94))*(0.005*above(a['y'], Math.sin(((1.14*a['time'])+(0.02*a['treb_att']))))))); a['dx']=(a['dx']+(Math.sin((((0.25-a['y'])*a['time'])*0.97))*(0.005*above(a['x'], Math.cos(((1.2*a['time'])+(0.02*a['bass_att'])))))));",
 "baseVals": {
  "rating": 4,
  "gammaadj": 1,
  "decay": 1,
  "echo_zoom": 5.427025,
  "echo_alpha": 0.5,
  "echo_orient": 3,
  "wave_mode": 6,
  "wave_a": 100,
  "wave_scale": 0.97236,
  "wave_smoothing": 0.5,
  "wave_mystery": 1,
  "modwavealphastart": 0.5,
  "modwavealphaend": 1,
  "warpanimspeed": 0.01,
  "warpscale": 1.766487,
  "dx": 0.00001,
  "dy": 0.00001,
  "warp": 0.01,
  "wave_r": 0,
  "wave_g": 0,
  "wave_b": 0,
  "wave_x": 0.4,
  "ob_size": 0,
  "ob_a": 1,
  "ib_size": 0,
  "ib_r": 0,
  "ib_g": 0,
  "ib_b": 0,
  "mv_x": 6.4,
  "mv_y": 4.8,
  "mv_l": 5,
  "mv_a": 0
 },
 "warp": "",
 "comp": ""
}