{
 "shapes": [
  {
   "baseVals": {
    "enabled": 1,
    "sides": 100,
    "bdrawback": 0,
    "x_wrap_mode": 0,
    "y_wrap_mode": 0,
    "textured": 1,
    "tex_capture": 1,
    "tex_cx": 0.5,
    "tex_cy": 0.5,
    "rad": 0.364567,
    "ang": 2.324779,
    "tex_ang": 0.251326,
    "tex_zoom": 2.448622,
    "g": 1,
    "b": 1,
    "r2": 1,
    "b2": 1,
    "a2": 1,
    "border_r": 0,
    "border_g": 0,
    "border_b": 0,
    "border_a": 0
   },
   "init_eqs_str": "a['thresh'] = 0; a['dx_r'] = 0; a['dy_r'] = 0; a['tg1'] = 0; a['tg2'] = 0; a['tg3'] = 0; a['q4'] = 0; ",
   "frame_eqs_str": "a['thresh']=((above(a['bass_att'], a['thresh'])*2)+((1-above(a['bass_att'], a['thresh']))*(((a['thresh']-1.3)*0.96)+1.3))); a['dx_r']=(((equal(a['thresh'], 2)*0.015)*Math.sin((5*a['time'])))+((1-equal(a['thresh'], 2))*a['dx_r'])); a['dy_r']=(((equal(a['thresh'], 2)*0.015)*Math.sin((6*a['time'])))+((1-equal(a['thresh'], 2))*a['dy_r'])); a['tg1']=Math.abs(Math.sin(a['time'])); a['tg2']=(((((0.25*above(a['tg1'], 0.80))-(0.25*below(a['tg1'], 0.20)))+((0.33*above(a['tg1'], 0.2))*below(a['tg1'], 0.4)))-((0.33*above(a['tg1'], 0.4))*below(a['tg1'], 0.6)))+((0*below(a['tg1'], 0.8))*above(a['tg1'], 0.6))); a['tg3']=((Math.abs(equal(a['thresh'], 2))>0.00001)?(a['tg2']):(a['tg3'])); a['x']=(a['x']+((42*a['dy_r'])*a['tg3'])); a['y']=(a['y']+((42*a['dx_r'])*a['tg3'])); a['ang']=((0.6*a['q4'])+0.4);"
  },
  {
   "baseVals": {
    "enabled": 1,
    "sides": 5,
    "bdrawback": 0,
    "x_wrap_mode": 0,
    "y_wrap_mode": 0,
    "textured": 1,
    "tex_capture": 1,
    "tex_cx": 0.5,
    "tex_cy": 0.5,
    "rad": 0.402709,
    "ang": 2.324779,
    "tex_ang": 0.251326,
    "tex_zoom": 2.448611,
    "g": 1,
    "b": 1,
    "r2": 1,
    "b2": 1,
    "a2": 1,
    "border_r": 0,
    "border_g": 0,
    "border_b": 0,
    "border_a": 0
   },
   "init_eqs_str": "a['thresh'] = 0; a['dx_r'] = 0; a['dy_r'] = 0; a['tg1'] = 0; a['tg2'] = 0; a['tg3'] = 0; a['q4'] = 0; ",
   "frame_eqs_str": "a['thresh']=((above(a['bass_att'], a['thresh'])*2)+((1-above(a['bass_att'], a['thresh']))*(((a['thresh']-1.3)*0.96)+1.3))); a['dx_r']=(((equal(a['thresh'], 2)*0.015)*Math.sin((5*a['time'])))+((1-equal(a['thresh'], 2))*a['dx_r'])); a['dy_r']=(((equal(a['thresh'], 2)*0.015)*Math.sin((6*a['time'])))+((1-equal(a['thresh'], 2))*a['dy_r'])); a['tg1']=Math.abs(Math.sin(a['time'])); a['tg2']=(((((0.25*above(a['tg1'], 0.80))-(0.25*below(a['tg1'], 0.20)))+((0.33*above(a['tg1'], 0.2))*below(a['tg1'], 0.4)))-((0.33*above(a['tg1'], 0.4))*below(a['tg1'], 0.6)))+((0*below(a['tg1'], 0.8))*above(a['tg1'], 0.6))); a['tg3']=((Math.abs(equal(a['thresh'], 2))>0.00001)?(a['tg2']):(a['tg3'])); a['x']=(a['x']-((72*a['dy_r'])*a['tg3'])); a['y']=(a['y']-((72*a['dx_r'])*a['tg3'])); a['ang']=-a['q4'];"
  },
  {
   "baseVals": {
    "enabled": 1,
    "bdrawback": 0,
    "x_wrap_mode": 0,
    "y_wrap_mode": 0,
    "textured": 1,
    "tex_capture": 1,
    "tex_cx": 0.5,
    "tex_cy": 0.5,
    "rad": 0.298779,
    "ang": 1.570797,
    "tex_ang": 0.251326,
    "tex_zoom": 1.104611,
    "g": 1,
    "b": 1,
    "r2": 1,
    "b2": 1,
    "a2": 1,
    "border_r": 0,
    "border_g": 0,
    "border_b": 0,
    "border_a": 0
   },
   "init_eqs_str": "a['thresh'] = 0; a['dx_r'] = 0; a['dy_r'] = 0; a['tg1'] = 0; a['tg2'] = 0; a['tg3'] = 0; a['q4'] = 0; ",
   "frame_eqs_str": "a['thresh']=((above(a['bass_att'], a['thresh'])*2)+((1-above(a['bass_att'], a['thresh']))*(((a['thresh']-1.3)*0.96)+1.3))); a['dx_r']=(((equal(a['thresh'], 2)*0.015)*Math.sin((5*a['time'])))+((1-equal(a['thresh'], 2))*a['dx_r'])); a['dy_r']=(((equal(a['thresh'], 2)*0.015)*Math.sin((6*a['time'])))+((1-equal(a['thresh'], 2))*a['dy_r'])); a['tg1']=Math.abs(Math.sin(a['time'])); a['tg2']=(((((0.25*above(a['tg1'], 0.80))-(0.25*below(a['tg1'], 0.20)))+((0.33*above(a['tg1'], 0.2))*below(a['tg1'], 0.4)))-((0.33*above(a['tg1'], 0.4))*below(a['tg1'], 0.6)))+((0*below(a['tg1'], 0.8))*above(a['tg1'], 0.6))); a['tg3']=((Math.abs(equal(a['thresh'], 2))>0.00001)?(a['tg2']):(a['tg3'])); a['x']=(a['x']+((95*a['dx_r'])*a['tg3'])); a['y']=(a['y']+((95*a['dy_r'])*a['tg3'])); a['ang']=(a['q4']+1.5);"
  },
  {
   "baseVals": {
    "enabled": 1,
    "bdrawback": 0,
    "x_wrap_mode": 0,
    "y_wrap_mode": 0,
    "tex_capture": 1,
    "tex_cx": 0.5,
    "tex_cy": 0.5,
    "rad": 0.491381,
    "tex_zoom": 2.216707,
    "g": 1,
    "b": 1,
    "r2": 1,
    "b2": 1,
    "a2": 1,
    "border_a": 0
   },
   "init_eqs_str": "a['sg3'] = 0; a['sdx_r'] = 0; a['xg3'] = 0; a['xg2'] = 0; a['shpt'] = 0; a['ocog'] = 0; a['a4y'] = 0; a['sg2'] = 0; a['q1'] = 0; a['cog'] = 0; a['sg1'] = 0; a['sg5'] = 0; a['a4x'] = 0; a['q4'] = 0; a['sdy_r'] = 0; a['a2y'] = 0; a['a1x'] = 0; a['a2x'] = 0; a['xg1'] = 0; a['a1y'] = 0; a['sg4'] = 0; a['q2'] = 0; a['q3'] = 0; a['a3x'] = 0; a['a3y'] = 0; ",
   "frame_eqs_str": "a['shpt']=((above(a['bass_att'], a['shpt'])*2)+((1-above(a['bass_att'], a['shpt']))*(((a['shpt']-1.3)*0.96)+1.3))); a['sdx_r']=(((equal(a['shpt'], 2)*0.015)*Math.sin((5*a['time'])))+((1-equal(a['shpt'], 2))*a['sdx_r'])); a['sdy_r']=(((equal(a['shpt'], 2)*0.015)*Math.sin((6*a['time'])))+((1-equal(a['shpt'], 2))*a['sdy_r'])); a['a1x']=(0.5+(0.232*Math.cos((1-Math.sin((1.2*a['time'])))))); a['a1y']=(0.5+(0.237*Math.sin(((0.72*a['time'])-Math.cos((2*a['time'])))))); a['a2y']=(0.5+(0.232*Math.cos((1-Math.sin((1.2*a['time'])))))); a['a2x']=(0.5+(0.237*Math.sin(((0.72*a['time'])-Math.cos((2*a['time'])))))); a['a3x']=(0.5+(0.232*Math.sin((1-Math.cos((1.2*a['time'])))))); a['a3y']=(0.5+(0.237*Math.cos(((0.72*a['time'])-Math.sin((2*a['time'])))))); a['a4y']=(0.5+(0.232*Math.sin((1-Math.cos((1.2*a['time'])))))); a['a4x']=(0.5+(0.237*Math.cos(((0.72*a['time'])-Math.sin((2*a['time'])))))); a['sg1']=Math.abs(Math.sin(a['time'])); a['sg2']=((((a['a1x']*above(a['sg1'], 0.75))+(a['a2x']*below(a['sg1'], 0.25)))+((a['a3x']*above(a['sg1'], 0.25))*below(a['sg1'], 0.5)))+((a['a4x']*above(a['sg1'], 0.5))*below(a['sg1'], 0.75))); a['sg3']=((Math.abs(above(a['shpt'], 1.42))>0.00001)?(a['sg2']):(a['sg3'])); a['sg4']=((((a['a1y']*above(a['sg1'], 0.75))+(a['a2y']*below(a['sg1'], 0.25)))+((a['a3y']*above(a['sg1'], 0.25))*below(a['sg1'], 0.5)))+((a['a4y']*above(a['sg1'], 0.5))*below(a['sg1'], 0.75))); a['sg5']=((Math.abs(above(a['shpt'], 1.42))>0.00001)?(a['sg4']):(a['sg5'])); a['xg1']=Math.abs(Math.sin((1.2*a['q4']))); a['xg2']=((0*above(a['xg1'], 0.5))+(1*below(a['xg1'], 0.5))); a['xg3']=((Math.abs(equal(a['shpt'], 2))>0.00001)?(a['xg2']):(a['xg3'])); a['x']=a['sg3']; a['y']=a['sg5']; a['r']=a['q2']; a['g']=a['q1']; a['b']=a['q3']; a['r2']=(1-Math.abs(a['q2'])); a['g2']=(1-Math.abs(a['q3'])); a['b2']=a['q3']; a['cog']=(a['ocog']+(0.005*(((a['bass']+a['bass_att'])+(a['bass']*a['bass_att']))-2))); a['ocog']=(below(a['cog'], 30000)*a['cog']); a['q4']=a['cog']; a['ang']=(a['q4']+1.2);"
  }
 ],
 "waves": [
  {
   "baseVals": {
    "enabled": 0
   }
  },
  {
   "baseVals": {
    "enabled": 0
   }
  },
  {
   "baseVals": {
    "enabled": 0
   }
  },
  {
   "baseVals": {
    "enabled": 0
   }
  }
 ],
 "init_eqs_str": "a['cen_x'] = 0; a['dist_x'] = 0; a['outy'] = 0; a['dist_y'] = 0; a['inx'] = 0; a['thresh'] = 0; a['q1'] = 0; a['dvy'] = 0; a['dy_r'] = 0; a['outx'] = 0; a['vx'] = 0; a['pi'] = 0; a['vy'] = 0; a['cinc'] = 0; a['an'] = 0; a['vang'] = 0; a['dx_r'] = 0; a['cen_y'] = 0; a['arc'] = 0; a['oy'] = 0; a['out'] = 0; a['mod'] = 0; a['radxy'] = 0; a['crude'] = 0; a['dvx'] = 0; a['num'] = 0; a['q2'] = 0; a['iny'] = 0; a['seg'] = 0; a['q3'] = 0; a['anga'] = 0; a['radi'] = 0; a['in'] = 0; a['ox'] = 0;",
 "frame_eqs_str": "a['wave_r']=(0.5+(0.5*Math.sin((6*a['time'])))); a['wave_g']=(0.5+(0.5*Math.sin((4.1*a['time'])))); a['wave_b']=(-1+(((1-a['wave_r'])+1)-a['wave_g'])); a['warp']=3; a['q1']=a['wave_r']; a['q2']=a['wave_g']; a['q3']=a['wave_b'];",
 "pixel_eqs_str": "a['thresh']=((above(a['bass_att'], a['thresh'])*2)+((1-above(a['bass_att'], a['thresh']))*(((a['thresh']-1.3)*0.96)+1.3))); a['dx_r']=(((equal(a['thresh'], 2)*0.015)*Math.sin((5*a['time'])))+((1-equal(a['thresh'], 2))*a['dx_r'])); a['dy_r']=(((equal(a['thresh'], 2)*0.015)*Math.sin((6*a['time'])))+((1-equal(a['thresh'], 2))*a['dy_r'])); a['crude']=(5*Math.abs(((3*Math.cos((a['bass_att']-(12*a['rad']))))*(a['rad']*Math.sin(a['ang']))))); a['arc']=Math.cos((12*Math.cos((2-Math.abs(Math.cos(((2*a['rad'])-Math.sin(a['ang'])))))))); a['cinc']=((above(Math.sin(a['bass_att']), 1)*a['arc'])+(below(Math.sin(a['bass_att']), 0.9)*a['crude'])); a['zoom']=(a['zoom']-0.04); a['sx']=(a['sx']+((0.83*a['dx_r'])*a['cinc'])); a['sy']=(a['sy']+((0.83*a['dy_r'])*a['cinc'])); a['dx']=((a['dx']+(0.003*Math.sin((((a['y']*2)-1)*64))))+(0.001*Math.sin((((a['y']*2)-1)*96)))); a['dy']=((a['dy']+(0.004*Math.cos((((a['x']*2)-1)*64))))+(0.002*Math.cos((((a['x']*2)-1)*96)))); a['cen_x']=a['q1']; a['cen_y']=a['q2']; a['radxy']=((Math.sin((a['time']*0.1))*0.2)+0.3); a['dist_x']=div((a['x']-a['cen_x']),(a['radxy']*(((Math.sin(((a['time']*0.2)*0))*0.3)+(Math.cos(((((a['cen_x']-a['x'])+(a['cen_y']-a['y']))*10)+(a['time']*2)))*0.3))+1))); a['dist_y']=div((a['y']-a['cen_y']),(a['radxy']*(((Math.sin(((a['time']*0.2)*0))*0.3)+(Math.sin(((((a['cen_x']-a['x'])+(a['cen_y']-a['y']))*10)+(a['time']*2)))*0.3))+1))); a['in']=(below(Math.abs(a['dist_x']), 1)*below(Math.abs(a['dist_y']), 1)); a['out']=bnot(a['in']); a['inx']=((a['cen_x']-a['q1'])+((0.1*sign(a['dist_x']))*(1-Math.abs(a['dist_x'])))); a['iny']=((a['cen_y']-a['q2'])+((0.1*sign(a['dist_y']))*(1-Math.abs(a['dist_y'])))); a['vang']=(a['time']*0.1); a['vx']=((((a['x']-0.5)*Math.cos(a['vang']))-((a['y']-0.5)*Math.sin(a['vang'])))+0.5); a['vy']=((((a['x']-0.5)*Math.sin(a['vang']))+((a['y']-0.5)*Math.cos(a['vang'])))+0.5); a['dvx']=(0.01*Math.sin((a['time']+((a['vy']*80)*a['radxy'])))); a['dvy']=(0.01*Math.cos((a['time']+((a['vx']*80)*a['radxy'])))); a['outx']=((a['dvx']*Math.cos(a['vang']))-(a['dvy']*Math.sin(a['vang']))); a['outy']=((-a['dvx']*Math.sin(a['vang']))-(a['dvy']*Math.cos(a['vang']))); a['dx']=((a['in']*a['inx'])+(a['out']*a['outx'])); a['dy']=((a['in']*a['iny'])+(a['out']*a['outy'])); a['num']=8; a['pi']=3.141592654; a['radi']=((a['y']-0.5)*0.75); a['radi']=(a['y']-0.5); a['radi']=pow(((a['radi']*a['radi'])+((a['x']-0.5)*(a['x']-0.5))), 0.5); a['an']=((a['ang']+a['pi'])+a['time']); a['an']=(a['an']-((a['pi']*2)*Math.floor(div(a['an'],(a['pi']*2))))); a['mod']=0.1; a['seg']=(a['ang']+a['pi']); a['seg']=(div(a['seg'],(a['pi']*2))*a['num']); a['seg']=Math.floor(a['seg']); a['seg']=(a['seg']-equal(a['seg'], a['num'])); a['anga']=((a['ang']+a['pi'])-(div((a['pi']*2),a['num'])*a['seg'])); a['anga']=((Math.abs(equal(mod(a['seg'],2), 0))>0.00001)?((div((a['pi']*2),a['num'])-a['anga'])):(a['anga'])); a['anga']=(a['anga']+div(a['pi'],4)); a['ox']=(0.5-(a['radi']*Math.sin(a['anga']))); a['oy']=(0.5+(a['radi']*Math.cos(a['anga']))); a['dx']=(equal(a['seg'], 3)*(a['x']-a['ox'])); a['dy']=(equal(a['seg'], 3)*(a['y']-a['oy'])); a['dx']=(above(a['seg'], 0)*(a['x']-a['ox'])); a['dy']=(above(a['seg'], 0)*(a['y']-a['oy']));",
 "baseVals": {
  "rating": 1,
  "gammaadj": 1,
  "decay": 1,
  "echo_zoom": 1,
  "echo_alpha": 1,
  "nechowrap_x": 0,
  "nechowrap_y": 0,
  "wave_mode": 2,
  "wave_brighten": 0,
  "wrap": 0,
  "nwrapmode_x": 1,
  "nwrapmode_y": 1,
  "wave_a": 100,
  "wave_scale": 0.266718,
  "wave_smoothing": 0.5,
  "modwavealphastart": 0.5,
  "modwavealphaend": 1,
  "warpanimspeed": 0.136686,
  "warpscale": 29.462219,
  "dx": 0.00001,
  "dy": 0.00001,
  "warp": 0.01,
  "wave_r": 0.5,
  "wave_g": 0.5,
  "wave_b": 0.5,
  "ob_size": 0.005,
  "ob_a": 1,
  "ib_size": 0,
  "ib_r": 0,
  "ib_g": 0,
  "ib_b": 0,
  "mv_x": 0,
  "mv_y": 0,
  "mv_l": 1,
  "mv_a": 0
 },
 "warp": "",
 "comp": ""
}