{
 "shapes": [
  {
   "baseVals": {
    "enabled": 0
   }
  },
  {
   "baseVals": {
    "enabled": 0
   }
  },
  {
   "baseVals": {
    "enabled": 0
   }
  },
  {
   "baseVals": {
    "enabled": 0
   }
  }
 ],
 "waves": [
  {
   "baseVals": {
    "enabled": 0
   }
  },
  {
   "baseVals": {
    "enabled": 0
   }
  },
  {
   "baseVals": {
    "enabled": 0
   }
  },
  {
   "baseVals": {
    "enabled": 0
   }
  }
 ],
 "init_eqs_str": "a['rg2'] = 0; a['pfdx_r'] = 0; a['pfthresh'] = 0; a['thresh'] = 0; a['xbar'] = 0; a['dy_r'] = 0; a['rg3'] = 0; a['pfdy_r'] = 0; a['rg1'] = 0; a['dx_r'] = 0; a['ybar'] = 0;",
 "frame_eqs_str": "a['wave_r']=(0.5+(0.5*Math.sin((6*a['time'])))); a['wave_g']=(0.5+(0.5*Math.sin((4.1*a['time'])))); a['wave_b']=(-1+(((1-a['wave_r'])+1)-a['wave_g'])); a['warp']=0; a['wave_x']=((a['wave_x']+((0.1*Math.cos((1.2*a['time'])))*Math.sin((1.1*a['time']))))+(0.1*Math.sin((0.61*a['time'])))); a['wave_y']=((a['wave_y']+((0.1*Math.sin((1.2*a['time'])))*Math.cos((4.1*a['time']))))+(0.11*Math.cos((1.1*a['time'])))); a['ob_r']=(1-Math.abs(a['wave_r'])); a['ob_b']=(1-Math.abs(a['wave_b'])); a['ob_g']=(1-Math.abs(a['wave_g'])); a['pfthresh']=((above(a['bass_att'], a['pfthresh'])*2)+((1-above(a['bass_att'], a['pfthresh']))*(((a['pfthresh']-1.3)*0.96)+1.3))); a['pfdx_r']=(((equal(a['pfthresh'], 2)*0.015)*Math.sin((5*a['time'])))+((1-equal(a['pfthresh'], 2))*a['pfdx_r'])); a['pfdy_r']=(((equal(a['pfthresh'], 2)*0.015)*Math.sin((6*a['time'])))+((1-equal(a['pfthresh'], 2))*a['pfdy_r'])); a['rg1']=Math.abs(Math.sin(a['time'])); a['rg2']=((((0*above(a['rg1'], 0.75))+(3*below(a['rg1'], 0.25)))+((1*above(a['rg1'], 0.25))*below(a['rg1'], 0.5)))+((2*above(a['rg1'], 0.5))*below(a['rg1'], 0.75))); a['rg3']=((Math.abs(equal(a['pfthresh'], 2))>0.00001)?(a['rg2']):(a['rg3'])); a['echo_orient']=a['rg3'];",
 "pixel_eqs_str": "a['thresh']=((above(a['bass_att'], a['thresh'])*2)+((1-above(a['bass_att'], a['thresh']))*(((a['thresh']-1.3)*0.96)+1.3))); a['dx_r']=(((equal(a['thresh'], 2)*0.015)*Math.sin((5*a['time'])))+((1-equal(a['thresh'], 2))*a['dx_r'])); a['dy_r']=(((equal(a['thresh'], 2)*0.015)*Math.sin((6*a['time'])))+((1-equal(a['thresh'], 2))*a['dy_r'])); a['xbar']=((above(Math.sin(((a['dx_r']*2)*a['time'])), 0)*Math.abs((4-(a['x']*Math.tan((4*Math.cos((a['y']*a['time']))))))))+(below(Math.sin(((a['dx_r']*2)*a['time'])), 0)*Math.sin(((3*a['x'])*Math.sin((3*Math.cos(((a['dx_r']*a['y'])*a['time'])))))))); a['ybar']=((above(Math.cos(((a['dy_r']*1.2)*a['time'])), 0)*Math.abs((4-(a['y']*Math.tan((4*Math.cos((a['x']*a['time']))))))))+(below(Math.cos(((a['dy_r']*1.2)*a['time'])), 0)*Math.sin(((3*a['y'])*Math.sin((3*Math.cos(((a['dy_r']*a['x'])*a['time'])))))))); a['dx']=(a['dx']+(a['dx_r']*Math.cos((1.6*a['xbar'])))); a['dy']=(a['dy']+(a['dy_r']*Math.cos((1.6*a['ybar'])))); a['zoom']=(a['zoom']-(0.01*(3*div(a['xbar'],a['ybar'])))); a['rot']=(a['rot']+((0.01*(2*(a['ybar']+a['xbar'])))*Math.cos((1.52*a['time'])))); a['cx']=(a['cx']+((a['xbar']*2)*a['dx_r'])); a['cy']=(a['cy']+((a['ybar']*2)*a['dy_r']));",
 "baseVals": {
  "rating": 1,
  "gammaadj": 1,
  "decay": 1,
  "echo_zoom": 1,
  "echo_alpha": 0.5,
  "echo_orient": 1,
  "wave_mode": 5,
  "wave_brighten": 0,
  "wrap": 0,
  "darken": 1,
  "wave_a": 100,
  "wave_scale": 0.653092,
  "wave_smoothing": 0.5,
  "modwavealphastart": 0.5,
  "modwavealphaend": 1,
  "dx": 0.00001,
  "dy": 0.00001,
  "warp": 0.01,
  "wave_r": 0.5,
  "wave_g": 0.5,
  "wave_b": 0.5,
  "ob_size": 0.005,
  "ob_a": 0.2,
  "ib_size": 0,
  "ib_r": 0,
  "ib_g": 0,
  "ib_b": 0,
  "mv_x": 0,
  "mv_y": 0,
  "mv_l": 1,
  "mv_a": 0
 },
 "warp": "",
 "comp": ""
}