{
 "shapes": [
  {
   "baseVals": {
    "enabled": 0
   }
  },
  {
   "baseVals": {
    "enabled": 0
   }
  },
  {
   "baseVals": {
    "enabled": 0
   }
  },
  {
   "baseVals": {
    "enabled": 0
   }
  }
 ],
 "waves": [
  {
   "baseVals": {},
   "init_eqs_str": " ",
   "frame_eqs_str": "",
   "point_eqs_str": ""
  },
  {
   "baseVals": {},
   "init_eqs_str": " ",
   "frame_eqs_str": "",
   "point_eqs_str": ""
  },
  {
   "baseVals": {},
   "init_eqs_str": " ",
   "frame_eqs_str": "",
   "point_eqs_str": ""
  },
  {
   "baseVals": {},
   "init_eqs_str": " ",
   "frame_eqs_str": "",
   "point_eqs_str": ""
  }
 ],
 "init_eqs_str": "a['caps'] = 0; a['truecolors'] = 0;",
 "frame_eqs_str": "a['mv_l']=a['bass']; a['wave_r']=(a['wave_r']+(6*a['bass_att'])); a['ob_size']=(a['ob_size']+(0.08*Math.sin(a['bass_att']))); a['ib_size']=(a['ib_size']+(0.08*Math.sin(a['treb_att']))); a['truecolors']=(2*Math.sin((0.75*a['time']))); a['ob_r']=((Math.abs(above(a['truecolors'], 0))>0.00001)?(1):(0.1)); a['ob_g']=((Math.abs(above(a['truecolors'], 0))>0.00001)?(0.2):(0.2)); a['ob_b']=((Math.abs(above(a['truecolors'], 0))>0.00001)?(0):(0.9)); a['ib_r']=((Math.abs(above(a['truecolors'], 0))>0.00001)?(1):(0)); a['ib_g']=((Math.abs(above(a['truecolors'], 0))>0.00001)?(0.7):(0.7)); a['ib_b']=((Math.abs(above(a['truecolors'], 0))>0.00001)?(0):(0.5));",
 "pixel_eqs_str": "a['caps']=div((2-a['rad']),2); a['rot']=(a['rot']+((((0.1*sqr(a['caps']))*Math.sin(a['bass_att']))*3)*Math.sin(a['time']))); a['zoom']=(a['zoom']+(0.025*div(a['caps'],a['bass_att']))); a['warp']=0;",
 "baseVals": {
  "rating": 2,
  "gammaadj": 1,
  "decay": 0.995,
  "echo_zoom": 1,
  "echo_orient": 1,
  "additivewave": 1,
  "wave_thick": 1,
  "wave_brighten": 0,
  "wrap": 0,
  "wave_a": 100,
  "wave_scale": 1.999106,
  "wave_smoothing": 0,
  "wave_mystery": -0.5,
  "modwavealphastart": 0.5,
  "modwavealphaend": 1,
  "warpscale": 0.819542,
  "dx": 0.00001,
  "dy": 0.00001,
  "warp": 0.01,
  "wave_g": 0,
  "wave_b": 0,
  "ob_size": 0.3,
  "ob_r": 1,
  "ob_g": 0.2,
  "ob_a": 0.02,
  "ib_size": 0.4,
  "ib_r": 1,
  "ib_g": 0.7,
  "ib_b": 0,
  "ib_a": 0.1,
  "mv_x": 6.399996,
  "mv_y": 9.600006,
  "mv_l": 5,
  "mv_r": 0,
  "mv_g": 0,
  "mv_a": 0
 },
 "warp": "",
 "comp": ""
}