{
 "shapes": [
  {
   "baseVals": {
    "enabled": 0
   }
  },
  {
   "baseVals": {
    "enabled": 0
   }
  },
  {
   "baseVals": {
    "enabled": 0
   }
  },
  {
   "baseVals": {
    "enabled": 0
   }
  }
 ],
 "waves": [
  {
   "baseVals": {},
   "init_eqs_str": " ",
   "frame_eqs_str": "",
   "point_eqs_str": ""
  },
  {
   "baseVals": {},
   "init_eqs_str": " ",
   "frame_eqs_str": "",
   "point_eqs_str": ""
  },
  {
   "baseVals": {},
   "init_eqs_str": " ",
   "frame_eqs_str": "",
   "point_eqs_str": ""
  },
  {
   "baseVals": {},
   "init_eqs_str": " ",
   "frame_eqs_str": "",
   "point_eqs_str": ""
  }
 ],
 "init_eqs_str": "a['thresh'] = 0; a['dx_r'] = 0; a['dy_r'] = 0;",
 "frame_eqs_str": "a['warp']=0; a['mv_r']=((a['mv_r']+(0.5*(0.2*Math.sin((1.5*a['time'])))))+(0.1*Math.sin((2*a['time'])))); a['mv_g']=((a['mv_g']+(0.5*(0.2*Math.sin((1.24*a['time'])))))+(0.1*Math.sin((1.57*a['time'])))); a['mv_b']=((a['mv_b']+(0.5*(0.2*Math.sin((1.34*a['time'])))))+(0.1*Math.sin((1.73*a['time'])))); a['wave_r']=(1-a['mv_r']); a['wave_g']=(1-a['mv_b']); a['wave_b']=(1-a['mv_g']);",
 "pixel_eqs_str": "a['thresh']=((above(a['bass_att'], a['thresh'])*2)+((1-above(a['bass_att'], a['thresh']))*(((a['thresh']-1.3)*0.96)+1.3))); a['dx_r']=(((equal(a['thresh'], 2)*0.015)*Math.sin((5*a['time'])))+((1-equal(a['thresh'], 2))*a['dx_r'])); a['dy_r']=(((equal(a['thresh'], 2)*0.015)*Math.sin((6*a['time'])))+((1-equal(a['thresh'], 2))*a['dy_r'])); a['dy']=(((a['dy']+a['dy_r'])+(0.15*(0.2*Math.sin((1.75*a['time'])))))+(((0.25*Math.sin((0.7*a['time'])))*Math.sin((1.9*a['time'])))*(0.5-a['rad']))); a['dx']=(((a['dx']+a['dy_r'])+(0.15*(0.1*Math.cos((1.55*a['time'])))))+(((0.25*Math.sin(a['time']))*Math.sin((1.9*a['time'])))*(0.5-a['rad']))); a['dx']=(a['dx']+(0.15*((0.2*Math.sin((1.2*a['time'])))+((0.33*Math.cos((0.2*a['time'])))*Math.cos((12*a['rad'])))))); a['dy']=(a['dy']+(0.15*((0.2*Math.cos((2*a['bass_att'])))+((0.33*Math.sin((0.2*a['time'])))*Math.sin((12*a['rad']))))));",
 "baseVals": {
  "rating": 3,
  "gammaadj": 1,
  "echo_zoom": 1,
  "echo_orient": 1,
  "wave_mode": 1,
  "wave_thick": 1,
  "wave_a": 100,
  "wave_scale": 1.951303,
  "wave_smoothing": 0.5,
  "modwavealphastart": 0.5,
  "modwavealphaend": 1,
  "zoomexp": 0.999999,
  "fshader": 1,
  "zoom": 0.999999,
  "dx": 0.00001,
  "dy": 0.00001,
  "warp": 0.01,
  "ob_size": 0,
  "ob_a": 1,
  "ib_size": 0,
  "ib_r": 0,
  "ib_g": 0,
  "ib_b": 0,
  "mv_x": 38.399994,
  "mv_y": 24.000004,
  "mv_l": 2,
  "mv_r": 0.5,
  "mv_g": 0.5,
  "mv_b": 0.5,
  "mv_a": 0.2
 },
 "warp": "",
 "comp": ""
}