{
 "shapes": [
  {
   "baseVals": {
    "enabled": 0
   }
  },
  {
   "baseVals": {
    "enabled": 0
   }
  },
  {
   "baseVals": {
    "enabled": 0
   }
  },
  {
   "baseVals": {
    "enabled": 0
   }
  }
 ],
 "waves": [
  {
   "baseVals": {},
   "init_eqs_str": " ",
   "frame_eqs_str": "",
   "point_eqs_str": ""
  },
  {
   "baseVals": {},
   "init_eqs_str": " ",
   "frame_eqs_str": "",
   "point_eqs_str": ""
  },
  {
   "baseVals": {},
   "init_eqs_str": " ",
   "frame_eqs_str": "",
   "point_eqs_str": ""
  },
  {
   "baseVals": {},
   "init_eqs_str": " ",
   "frame_eqs_str": "",
   "point_eqs_str": ""
  }
 ],
 "init_eqs_str": "a['thresh'] = 0; a['dx_r'] = 0; a['dy_r'] = 0;",
 "frame_eqs_str": "a['wave_r']=((a['wave_r']+(0.35*Math.sin((4*a['time']))))+(0.15*Math.sin((2.5*a['time'])))); a['wave_g']=((a['wave_g']+(0.35*Math.sin((3.7*a['time']))))+(0.15*Math.sin((2.11*a['time'])))); a['wave_b']=((a['wave_b']+(0.35*Math.sin((3.84*a['time']))))+(0.15*Math.sin((2.3*a['time'])))); a['warp']=0; a['wave_x']=(a['wave_x']+((Math.abs(above(Math.sin((100*a['time'])), 0))>0.00001)?(0.75):(0.25))); a['wave_y']=(a['wave_y']+((Math.abs(above(Math.sin((100*a['time'])), 0))>0.00001)?(0):(1))); a['ob_size']=0.85; a['ib_r']=a['wave_r']; a['ib_g']=a['wave_g']; a['ib_b']=a['wave_b'];",
 "pixel_eqs_str": "a['thresh']=((above(a['bass_att'], a['thresh'])*2)+((1-above(a['bass_att'], a['thresh']))*(((a['thresh']-1.3)*0.96)+1.3))); a['dx_r']=(((equal(a['thresh'], 2)*0.015)*Math.sin((5*a['time'])))+((1-equal(a['thresh'], 2))*a['dx_r'])); a['dy_r']=(((equal(a['thresh'], 2)*0.015)*Math.sin((6*a['time'])))+((1-equal(a['thresh'], 2))*a['dy_r'])); a['dy']=(a['dy']+((Math.abs(below(a['x'], 0.35))>0.00001)?(0.01):(0))); a['dy']=(a['dy']+((Math.abs(above(a['x'], 0.65))>0.00001)?(-0.01):(0))); a['dx']=(a['dx']+(above(a['bass'], 1.1)*a['dx_r'])); a['dy']=(a['dy']+((Math.abs(above(a['x'], 0.35))>0.00001)?(((Math.abs(below(a['x'], 0.65))>0.00001)?(((Math.abs(below(a['y'], 0.38))>0.00001)?(0.05):(0))):(0))):(0))); a['dy']=(a['dy']+((Math.abs(above(a['x'], 0.35))>0.00001)?(((Math.abs(below(a['x'], 0.65))>0.00001)?(((Math.abs(above(a['y'], 0.62))>0.00001)?(-0.05):(0))):(0))):(0)));",
 "baseVals": {
  "rating": 2,
  "gammaadj": 1,
  "echo_zoom": 1.220188,
  "echo_alpha": 0.5,
  "echo_orient": 2,
  "wave_mode": 4,
  "wave_thick": 1,
  "wave_brighten": 0,
  "wrap": 0,
  "wave_a": 100,
  "wave_scale": 0.080814,
  "wave_smoothing": 0.5,
  "wave_mystery": -0.4,
  "modwavealphastart": 0.5,
  "modwavealphaend": 1,
  "dx": 0.00001,
  "dy": 0.00001,
  "warp": 0.01,
  "wave_r": 0.5,
  "wave_g": 0.5,
  "wave_b": 0.5,
  "wave_x": 0,
  "wave_y": 0,
  "ob_size": 0.5,
  "ib_size": 0.05,
  "ib_r": 0.2,
  "ib_g": 0.3,
  "ib_b": 1,
  "ib_a": 1,
  "mv_x": 0,
  "mv_y": 0,
  "mv_l": 1,
  "mv_a": 0
 },
 "warp": "",
 "comp": ""
}