{
 "shapes": [
  {
   "baseVals": {
    "enabled": 0
   }
  },
  {
   "baseVals": {
    "enabled": 0
   }
  },
  {
   "baseVals": {
    "enabled": 0
   }
  },
  {
   "baseVals": {
    "enabled": 0
   }
  }
 ],
 "waves": [
  {
   "baseVals": {},
   "init_eqs_str": " ",
   "frame_eqs_str": "",
   "point_eqs_str": ""
  },
  {
   "baseVals": {},
   "init_eqs_str": " ",
   "frame_eqs_str": "",
   "point_eqs_str": ""
  },
  {
   "baseVals": {},
   "init_eqs_str": " ",
   "frame_eqs_str": "",
   "point_eqs_str": ""
  },
  {
   "baseVals": {},
   "init_eqs_str": " ",
   "frame_eqs_str": "",
   "point_eqs_str": ""
  }
 ],
 "init_eqs_str": "",
 "frame_eqs_str": "a['wave_r']=(a['wave_r']+div((((0.5*Math.sin((12*a['treb'])))*3.12)*a['time']),5)); a['wave_b']=(a['wave_b']+div((((0.5*Math.sin((12*a['bass'])))*3.17)*a['time']),5)); a['wave_g']=(a['wave_g']+div((((0.5*Math.sin((12*a['mid'])))*3.22)*a['time']),5)); a['wave_x']=(a['wave_x']+(0.00*Math.sin((0.8*a['time'])))); a['wave_y']=(a['wave_y']+(0.00*Math.sin((0.5*a['time'])))); a['zoom']=(a['zoom']+0.01);",
 "pixel_eqs_str": "a['sx']=(a['sx']+((Math.abs(above(a['rad'], 0.38))>0.00001)?(0.01):(0))); a['sy']=(a['sy']+((Math.abs(above(a['rad'], 0.38))>0.00001)?(0.01):(0))); a['warp']=(a['warp']+((Math.abs(above(a['rad'], (0.56+(0.05*Math.sin(a['time'])))))>0.00001)?((0.5*Math.sin(a['rad']))):(0)));",
 "baseVals": {
  "rating": 2,
  "gammaadj": 1,
  "decay": 1,
  "echo_zoom": 1,
  "echo_orient": 1,
  "wave_thick": 1,
  "modwavealphabyvolume": 1,
  "wave_brighten": 0,
  "wrap": 0,
  "darken_center": 1,
  "brighten": 1,
  "wave_a": 1.868317,
  "wave_scale": 0.484545,
  "wave_smoothing": 0,
  "wave_mystery": -0.5,
  "modwavealphastart": 0.5,
  "modwavealphaend": 1,
  "zoomexp": 0.01,
  "fshader": 1,
  "dx": 0.00001,
  "dy": 0.00001,
  "warp": 0.01,
  "wave_r": 0.5,
  "wave_g": 0.5,
  "wave_b": 0.5,
  "ob_size": 0.005,
  "ob_r": 0.01,
  "ob_a": 1,
  "ib_size": 0.25,
  "mv_x": 64,
  "mv_y": 48,
  "mv_l": 0,
  "mv_a": 0
 },
 "warp": "",
 "comp": ""
}