{
 "shapes": [
  {
   "baseVals": {
    "enabled": 0
   }
  },
  {
   "baseVals": {
    "enabled": 0
   }
  },
  {
   "baseVals": {
    "enabled": 0
   }
  },
  {
   "baseVals": {
    "enabled": 0
   }
  }
 ],
 "waves": [
  {
   "baseVals": {},
   "init_eqs_str": " ",
   "frame_eqs_str": "",
   "point_eqs_str": ""
  },
  {
   "baseVals": {},
   "init_eqs_str": " ",
   "frame_eqs_str": "",
   "point_eqs_str": ""
  },
  {
   "baseVals": {},
   "init_eqs_str": " ",
   "frame_eqs_str": "",
   "point_eqs_str": ""
  },
  {
   "baseVals": {},
   "init_eqs_str": " ",
   "frame_eqs_str": "",
   "point_eqs_str": ""
  }
 ],
 "init_eqs_str": "a['thresh'] = 0; a['dx_r'] = 0; a['dy_r'] = 0; a['randomize'] = 0;",
 "frame_eqs_str": "a['wave_r']=((a['wave_r']+(0.35*Math.sin((1.4*a['time']))))+(0.15*Math.sin((1.5*a['time'])))); a['wave_g']=((a['wave_g']+(0.35*Math.sin((1.7*a['time']))))+(0.15*Math.sin((2.11*a['time'])))); a['wave_b']=((a['wave_b']+(0.35*Math.sin((1.84*a['time']))))+(0.15*Math.sin((2.3*a['time'])))); a['ib_r']=a['wave_g']; a['ib_g']=a['wave_b']; a['ib_b']=a['wave_r']; a['ob_r']=a['wave_b']; a['ob_g']=a['wave_r']; a['ob_b']=a['wave_g'];",
 "pixel_eqs_str": "a['thresh']=((above(a['bass_att'], a['thresh'])*2)+((1-above(a['bass_att'], a['thresh']))*(((a['thresh']-1.3)*0.96)+1.3))); a['dx_r']=(((equal(a['thresh'], 2)*0.015)*Math.sin((5*a['time'])))+((1-equal(a['thresh'], 2))*a['dx_r'])); a['dy_r']=(((equal(a['thresh'], 2)*0.015)*Math.sin((6*a['time'])))+((1-equal(a['thresh'], 2))*a['dy_r'])); a['randomize']=(((Math.sin(a['time'])-(0.75*Math.cos((1.52*a['time']))))+(1.52*Math.sin((5.5*a['time']))))-Math.floor(randint(2))); a['dx']=((a['dx']+((0.07*pow(a['rad'], (a['x']*2)))*Math.sin(a['time'])))+((a['dx_r']*1.75)*Math.sin((0.25-(a['rad']*a['randomize']))))); a['dy']=((a['dy']+((0.07*pow(a['rad'], (a['x']*2)))*Math.cos(a['time'])))+((a['dy_r']*1.75)*Math.sin((0.25-(a['rad']*a['randomize']))))); a['zoom']=(a['zoom']-((((0.1*pow(a['rad'], ((a['x']*0.6)+(a['y']*0.6))))*Math.cos((a['rad']*a['randomize'])))*2)*Math.sin(a['time']))); a['rot']=(a['rot']-((0.25*(((0.75*Math.sin((1.25*a['time'])))*pow(a['rad'], a['x']))*Math.sin((1.45*a['time']))))*Math.sin(a['time'])));",
 "baseVals": {
  "rating": 4,
  "gammaadj": 1,
  "decay": 1,
  "echo_zoom": 1.220183,
  "wave_mode": 3,
  "additivewave": 1,
  "wave_brighten": 0,
  "wrap": 0,
  "wave_a": 100,
  "wave_scale": 0.241455,
  "wave_smoothing": 0,
  "modwavealphastart": 0.5,
  "modwavealphaend": 1,
  "fshader": 1,
  "dx": 0.00001,
  "dy": 0.00001,
  "warp": 0.01,
  "wave_r": 0.5,
  "wave_g": 0.5,
  "wave_b": 0.5,
  "ob_size": 0.0045,
  "ob_r": 1,
  "ob_g": 0.8,
  "ob_a": 1,
  "ib_size": 0.005,
  "ib_r": 0,
  "ib_g": 0,
  "ib_b": 0,
  "ib_a": 0.5,
  "mv_x": 3,
  "mv_y": 48,
  "mv_l": 5,
  "mv_r": 0,
  "mv_a": 0
 },
 "warp": "",
 "comp": ""
}