{
 "shapes": [
  {
   "baseVals": {
    "enabled": 0
   }
  },
  {
   "baseVals": {
    "enabled": 0
   }
  },
  {
   "baseVals": {
    "enabled": 0
   }
  },
  {
   "baseVals": {
    "enabled": 0
   }
  }
 ],
 "waves": [
  {
   "baseVals": {},
   "init_eqs_str": " ",
   "frame_eqs_str": "",
   "point_eqs_str": ""
  },
  {
   "baseVals": {},
   "init_eqs_str": " ",
   "frame_eqs_str": "",
   "point_eqs_str": ""
  },
  {
   "baseVals": {},
   "init_eqs_str": " ",
   "frame_eqs_str": "",
   "point_eqs_str": ""
  },
  {
   "baseVals": {},
   "init_eqs_str": " ",
   "frame_eqs_str": "",
   "point_eqs_str": ""
  }
 ],
 "init_eqs_str": "",
 "frame_eqs_str": "a['wave_x']=(0.5+(0.3*Math.sin((0.75*a['time'])))); a['wave_y']=(0.5+(0.3*Math.cos((0.75*a['time'])))); a['ob_r']=(a['ob_r']+(0.445*Math.sin((1.52*a['time'])))); a['ob_g']=(a['ob_g']+(0.436*Math.sin((1.062*a['time'])))); a['ob_b']=(a['ob_b']+(0.325*Math.sin((1.22*a['time'])))); a['ib_a']=(a['ib_a']+(5*Math.tan((0.5*a['time'])))); a['zoom']=(a['zoom']-(0.1*a['zoom']));",
 "pixel_eqs_str": "a['dx']=(a['dx']+(((Math.sin(a['rad'])*0.05)*0.76)*Math.sin((1.2255*a['time'])))); a['dy']=(a['dy']+(((Math.sin(a['rad'])*0.05)*0.76)*Math.cos((1.435*a['time'])))); a['rot']=(a['rot']+(((0.1*Math.max(above(a['dx'], a['dy']), above(a['dy'], a['dx'])))*a['bass_att'])*(0.75-a['rad'])));",
 "baseVals": {
  "rating": 4,
  "gammaadj": 1,
  "decay": 1,
  "echo_zoom": 1.220186,
  "wave_thick": 1,
  "wave_brighten": 0,
  "wave_a": 0.45916,
  "wave_scale": 0.01,
  "wave_smoothing": 0.9,
  "wave_mystery": -0.34,
  "modwavealphastart": 0.5,
  "modwavealphaend": 1,
  "dx": 0.00001,
  "dy": 0.00001,
  "warp": 0.01,
  "wave_x": 0.1,
  "wave_y": 0.9,
  "ob_size": 0.07,
  "ob_r": 1,
  "ob_g": 1,
  "ob_b": 1,
  "ob_a": 0.1,
  "ib_r": 0,
  "ib_g": 0,
  "ib_b": 0,
  "mv_x": 0,
  "mv_y": 0,
  "mv_l": 1,
  "mv_a": 0
 },
 "warp": "",
 "comp": ""
}