{
 "shapes": [
  {
   "baseVals": {
    "enabled": 0
   }
  },
  {
   "baseVals": {
    "enabled": 0
   }
  },
  {
   "baseVals": {
    "enabled": 0
   }
  },
  {
   "baseVals": {
    "enabled": 0
   }
  }
 ],
 "waves": [
  {
   "baseVals": {},
   "init_eqs_str": " ",
   "frame_eqs_str": "",
   "point_eqs_str": ""
  },
  {
   "baseVals": {},
   "init_eqs_str": " ",
   "frame_eqs_str": "",
   "point_eqs_str": ""
  },
  {
   "baseVals": {},
   "init_eqs_str": " ",
   "frame_eqs_str": "",
   "point_eqs_str": ""
  },
  {
   "baseVals": {},
   "init_eqs_str": " ",
   "frame_eqs_str": "",
   "point_eqs_str": ""
  }
 ],
 "init_eqs_str": "",
 "frame_eqs_str": "a['wave_r']=1; a['wave_b']=1; a['wave_g']=1; a['ib_r']=4; a['ib_g']=0; a['ib_b']=0; a['wave_x']=(a['wave_x']+((Math.abs(above(a['wave_y'], 0.75))>0.00001)?((0.40*Math.sin(a['time']))):((0.15*Math.sin(a['time']))))); a['wave_y']=(a['wave_y']+(0.30*Math.cos((0.9*a['time'])))); a['cx']=(a['cx']+((Math.abs(above(a['wave_x'], 0.5))>0.00001)?((0.0*Math.sin((7*a['treb_att'])))):((-0.0*Math.sin((7*a['mid_att'])))))); a['cy']=(a['cy']+((Math.abs(above(a['wave_x'], 0.5))>0.00001)?((0.0*Math.cos((7*a['bass_att'])))):((-0.0*Math.cos((7*a['mid_att'])))))); a['ob_r']=((0.5*Math.sin(a['treb']))*a['time']); a['ob_b']=(((0.5*Math.sin(a['mid']))*0.9)*a['time']); a['ob_g']=(((0.5*Math.sin(a['bass']))*0.8)*a['time']); a['dx']=(a['dx']+(0.008*Math.sin(a['time']))); a['dy']=(a['dy']+(0.008*Math.sin(a['time']))); a['zoom']=(a['zoom']+((Math.abs(above(a['wave_x'], 0.75))>0.00001)?(0.005):(-0.005))); a['rot']=(a['rot']+(0.08*Math.sin((3*a['time'])))); a['warp']=(a['warp']+((Math.abs(above(a['bass_att'], 1.5))>0.00001)?(1.5):(0)));",
 "pixel_eqs_str": "",
 "baseVals": {
  "rating": 2,
  "gammaadj": 1,
  "decay": 1,
  "echo_zoom": 1.0201,
  "echo_alpha": 1,
  "echo_orient": 3,
  "wave_mode": 5,
  "additivewave": 1,
  "wave_brighten": 0,
  "wrap": 0,
  "wave_a": 100,
  "wave_scale": 0.800075,
  "wave_smoothing": 0.5,
  "wave_mystery": -0.3,
  "modwavealphastart": 0.5,
  "modwavealphaend": 1,
  "warpscale": 2.500333,
  "fshader": 0.1,
  "zoom": 0.990099,
  "cy": 0.41,
  "dx": -0.00399,
  "dy": 0.00001,
  "warp": 0.01,
  "wave_b": 0,
  "ob_size": 0.005,
  "ob_a": 0.2,
  "ib_size": 0.05,
  "ib_r": 0,
  "ib_g": 0,
  "ib_b": 0,
  "ib_a": 0.1,
  "mv_x": 55.68,
  "mv_y": 47.999996,
  "mv_l": 0.25,
  "mv_a": 0
 },
 "warp": "",
 "comp": ""
}