{
 "shapes": [
  {
   "baseVals": {
    "enabled": 0
   }
  },
  {
   "baseVals": {
    "enabled": 0
   }
  },
  {
   "baseVals": {
    "enabled": 0
   }
  },
  {
   "baseVals": {
    "enabled": 0
   }
  }
 ],
 "waves": [
  {
   "baseVals": {
    "enabled": 0
   }
  },
  {
   "baseVals": {
    "enabled": 0
   }
  },
  {
   "baseVals": {
    "enabled": 0
   }
  },
  {
   "baseVals": {
    "enabled": 0
   }
  }
 ],
 "init_eqs_str": "a['thresh'] = 0; a['dx_r'] = 0; a['dy_r'] = 0;",
 "frame_eqs_str": "a['wave_r']=((a['wave_r']+(0.25*Math.sin((1.4*a['time']))))+(0.25*Math.sin((2.25*a['time'])))); a['wave_g']=((a['wave_g']+(0.25*Math.sin((1.7*a['time']))))+(0.25*Math.sin((2.11*a['time'])))); a['wave_b']=((a['wave_b']+(0.25*Math.sin((1.84*a['time']))))+(0.25*Math.sin((2.3*a['time'])))); a['warp']=0; a['ib_r']=a['wave_r']; a['ib_g']=a['wave_g']; a['ib_b']=a['wave_b']; a['wave_mystery']=(a['wave_mystery']+(0.3*a['time']));",
 "pixel_eqs_str": "a['thresh']=((above(a['bass_att'], a['thresh'])*2)+((1-above(a['bass_att'], a['thresh']))*(((a['thresh']-1.3)*0.96)+1.3))); a['dx_r']=(((equal(a['thresh'], 2)*0.015)*Math.sin((5*a['time'])))+((1-equal(a['thresh'], 2))*a['dx_r'])); a['dy_r']=(((equal(a['thresh'], 2)*0.015)*Math.sin((6*a['time'])))+((1-equal(a['thresh'], 2))*a['dy_r'])); a['zoom']=(a['zoom']-(((0.2*(1.5-a['rad']))*Math.sin((div(a['bass'],2)*a['treb_att'])))*((a['rad']*2)*(a['rad']*Math.abs(Math.sin((9*a['ang']))))))); a['rot']=(a['rot']+((((a['dy_r']*(2-a['zoom']))*0.3)*Math.cos(a['bass']))*20)); a['rot']=(a['rot']-((0.4*(a['rad']*Math.cos(Math.abs((12*a['ang'])))))*below(a['rad'], (0.3+(0.4*Math.sin(a['bass'])))))); a['dx']=(a['dx']+((0.5*Math.abs(((a['rad']+a['x'])-(0.5*(div(a['bass'],a['y'])*0.2)))))*a['dx_r'])); a['dy']=(a['dy']+((0.5*Math.abs(((a['rad']+a['y'])-(0.5*(div(a['treb'],a['x'])*0.2)))))*a['dy_r']));",
 "baseVals": {
  "rating": 3,
  "gammaadj": 1,
  "decay": 1,
  "echo_zoom": 2.449,
  "wave_mode": 7,
  "wave_thick": 1,
  "wave_brighten": 0,
  "wave_a": 100,
  "wave_scale": 1.311,
  "wave_smoothing": 0.9,
  "modwavealphastart": 0.5,
  "modwavealphaend": 1,
  "zoomexp": 0.9999,
  "rot": 0.3,
  "dx": 0.00001,
  "dy": 0.00001,
  "warp": 0.01,
  "wave_r": 0.5,
  "wave_g": 0.5,
  "wave_b": 0.5,
  "ob_size": 0.005,
  "ob_a": 1,
  "ib_size": 0.05,
  "ib_r": 0,
  "ib_g": 0,
  "ib_b": 0,
  "ib_a": 0.2,
  "mv_x": 64,
  "mv_y": 48,
  "mv_l": 0,
  "mv_g": 0.6,
  "mv_b": 0,
  "mv_a": 0
 },
 "warp": "",
 "comp": ""
}