{
 "shapes": [
  {
   "baseVals": {
    "enabled": 0
   }
  },
  {
   "baseVals": {
    "enabled": 0
   }
  },
  {
   "baseVals": {
    "enabled": 0
   }
  },
  {
   "baseVals": {
    "enabled": 0
   }
  }
 ],
 "waves": [
  {
   "baseVals": {},
   "init_eqs_str": " ",
   "frame_eqs_str": "",
   "point_eqs_str": ""
  },
  {
   "baseVals": {},
   "init_eqs_str": " ",
   "frame_eqs_str": "",
   "point_eqs_str": ""
  },
  {
   "baseVals": {},
   "init_eqs_str": " ",
   "frame_eqs_str": "",
   "point_eqs_str": ""
  },
  {
   "baseVals": {},
   "init_eqs_str": " ",
   "frame_eqs_str": "",
   "point_eqs_str": ""
  }
 ],
 "init_eqs_str": "a['thresh'] = 0; a['dx_r'] = 0; a['dy_r'] = 0;",
 "frame_eqs_str": "a['wave_r']=((a['wave_r']+(0.4*Math.sin((0.622*a['time']))))+(0.3*Math.sin((0.155*a['time'])))); a['wave_g']=((a['wave_g']+(0.4*Math.sin((0.45*a['time']))))+(0.3*Math.sin((0.674*a['time'])))); a['wave_b']=((a['wave_b']+(0.4*Math.sin((0.256*a['time']))))+(0.3*Math.sin((0.35*a['time'])))); a['ob_r']=(1-a['wave_r']); a['ob_g']=(1-a['wave_g']); a['ob_b']=(1-a['wave_b']); a['ib_r']=(0.9*a['ob_r']); a['ib_g']=(0.9*a['ob_g']); a['ib_b']=(0.9*a['ob_b']); a['thresh']=((above(a['bass_att'], a['thresh'])*2)+((1-above(a['bass_att'], a['thresh']))*(((a['thresh']-1.3)*0.96)+1.3))); a['dx_r']=(((equal(a['thresh'], 2)*0.015)*Math.sin((5*a['time'])))+((1-equal(a['thresh'], 2))*a['dx_r'])); a['dy_r']=(((equal(a['thresh'], 2)*0.015)*Math.sin((6*a['time'])))+((1-equal(a['thresh'], 2))*a['dy_r'])); a['dx']=(a['dx']+a['dx_r']); a['dy']=(a['dy']+a['dy_r']);",
 "pixel_eqs_str": "a['rot']=(a['rot']+(0.04*Math.sin((a['time']*a['rad'])))); a['zoom']=(a['zoom']+(0.025*Math.cos((a['time']*a['rad']))));",
 "baseVals": {
  "rating": 2,
  "gammaadj": 1,
  "decay": 1,
  "echo_zoom": 1,
  "echo_orient": 1,
  "wave_mode": 1,
  "wave_brighten": 0,
  "wave_a": 100,
  "wave_scale": 0.325446,
  "wave_smoothing": 0.5,
  "modwavealphastart": 0.5,
  "modwavealphaend": 1,
  "dx": 0.00001,
  "dy": 0.00001,
  "warp": 0.01,
  "wave_r": 0.2,
  "wave_g": 0.2,
  "wave_b": 0.2,
  "ob_size": 0.03,
  "ob_r": 1,
  "ob_a": 0.1,
  "ib_size": 0.03,
  "ib_r": 0,
  "ib_g": 0,
  "ib_b": 1,
  "ib_a": 0.1,
  "mv_x": 0,
  "mv_y": 0,
  "mv_l": 1,
  "mv_a": 0
 },
 "warp": "",
 "comp": ""
}