{
 "shapes": [
  {
   "baseVals": {
    "enabled": 1,
    "sides": 100,
    "rad": 0.625314,
    "tex_ang": 0.628319,
    "tex_zoom": 0.498313,
    "r": 0,
    "a": 0,
    "g2": 0,
    "border_a": 0
   },
   "init_eqs_str": "a['q4'] = 0; a['t1'] = 0; a['t2'] = 0; a['t1']=(Math.floor(randint(100))*0.01); a['t2']=(Math.floor(randint(100))*0.01);",
   "frame_eqs_str": "a['x']=(a['x']+(0.2*Math.sin((5*a['q4'])))); a['y']=(a['y']+(0.2*Math.cos((5*a['q4'])))); a['ang']=((4*a['time'])*(0.3+(0.1*a['t1']))); a['rad']=(a['rad']*(0.9+(0.2*a['t2'])));"
  },
  {
   "baseVals": {
    "enabled": 1,
    "sides": 50,
    "textured": 1,
    "x": 0.37,
    "rad": 0.706533,
    "ang": 3.644249,
    "tex_zoom": 0.905287,
    "g": 1,
    "b": 1,
    "a": 0.6,
    "r2": 1,
    "b2": 1,
    "border_a": 0
   },
   "init_eqs_str": "a['t1'] = 0; a['t2'] = 0; a['q1'] = 0; a['q3'] = 0; a['q2'] = 0; a['t1']=(Math.floor(randint(100))*0.01); a['t2']=(Math.floor(randint(100))*0.01);",
   "frame_eqs_str": "a['x']=(a['x']+(0.05*Math.sin(((a['time']*1.05)+3)))); a['y']=(a['y']+(0.03*Math.sin(((a['time']*1.29)+1)))); a['ang']=(a['time']*(0.1+(0.1*a['t1']))); a['rad']=(a['rad']*(0.9+(0.2*a['t2']))); a['r']=a['q1']; a['g']=a['q3']; a['b']=a['q2']; a['r2']=Math.min(1, Math.max(0, (a['r2']+(0.1*Math.sin(((a['time']*0.457)+3)))))); a['g2']=Math.min(1, Math.max(0, (a['g2']+(0.1*Math.sin(((a['time']*0.437)+5)))))); a['b2']=Math.min(1, Math.max(0, (a['b2']+(0.1*Math.sin(((a['time']*0.484)+6))))));"
  },
  {
   "baseVals": {
    "enabled": 1,
    "sides": 50,
    "textured": 1,
    "x": 0.67,
    "y": 0.43,
    "rad": 0.706533,
    "ang": 4.209736,
    "tex_zoom": 0.905287,
    "g": 1,
    "b": 1,
    "a": 0.4,
    "r2": 1,
    "b2": 1,
    "border_a": 0
   },
   "init_eqs_str": "a['t1'] = 0; a['t2'] = 0; a['q3'] = 0; a['q1'] = 0; a['q2'] = 0; a['t1']=(Math.floor(randint(100))*0.01); a['t2']=(Math.floor(randint(100))*0.01);",
   "frame_eqs_str": "a['x']=(a['x']+(0.05*Math.sin((a['time']*0.17)))); a['y']=(a['y']+(0.03*Math.sin((a['time']*0.83)))); a['ang']=(a['time']*(0.2+(0.1*a['t1']))); a['rad']=(a['rad']*(0.9+(0.2*a['t2']))); a['r']=a['q3']; a['g']=a['q1']; a['b']=a['q2']; a['r2']=Math.min(1, Math.max(0, (a['r2']+(0.1*Math.sin(((a['time']*0.457)+3)))))); a['g2']=Math.min(1, Math.max(0, (a['g2']+(0.1*Math.sin(((a['time']*0.437)+5)))))); a['b2']=Math.min(1, Math.max(0, (a['b2']+(0.1*Math.sin(((a['time']*0.484)+6))))));"
  },
  {
   "baseVals": {
    "enabled": 1,
    "sides": 100,
    "additive": 1,
    "textured": 1,
    "rad": 0.59123,
    "tex_ang": 1.256637,
    "tex_zoom": 0.850127,
    "g": 1,
    "b": 1,
    "a": 0.9,
    "r2": 1,
    "g2": 0,
    "border_a": 0
   },
   "init_eqs_str": " ",
   "frame_eqs_str": "a['x']=(a['x']+(0.2*Math.sin((a['time']*0.25)))); a['y']=(a['y']+(0.1*Math.sin(((a['time']*0.5)+2))));"
  }
 ],
 "waves": [
  {
   "baseVals": {
    "enabled": 0
   }
  },
  {
   "baseVals": {
    "enabled": 0
   }
  },
  {
   "baseVals": {
    "enabled": 0
   }
  },
  {
   "baseVals": {
    "enabled": 0
   }
  }
 ],
 "init_eqs_str": "a['ocog'] = 0; a['thresh'] = 0; a['q1'] = 0; a['cog'] = 0; a['dy_r'] = 0; a['q4'] = 0; a['dx_r'] = 0; a['q2'] = 0; a['q3'] = 0;",
 "frame_eqs_str": "a['wave_r']=(a['wave_r']+(0.5*Math.sin((a['time']*1.13)))); a['wave_g']=(a['wave_g']+(0.5*Math.sin((a['time']*1.23)))); a['wave_b']=(a['wave_b']+(0.5*Math.sin((a['time']*1.33)))); a['wave_x']=(a['wave_x']+(0.2*Math.sin((0.32*a['time'])))); a['wave_y']=(a['wave_y']+(0.2*Math.cos((0.32*a['time'])))); a['ob_r']=a['wave_r']; a['ob_g']=a['wave_g']; a['ob_b']=a['wave_b']; a['q1']=a['ob_r']; a['q2']=a['ob_g']; a['q3']=a['ob_b']; a['cog']=(a['ocog']+(0.005*(((a['bass']+a['bass_att'])+(a['bass']*a['bass_att']))-2))); a['ocog']=(below(a['cog'], 30000)*a['cog']); a['q4']=a['cog'];",
 "pixel_eqs_str": "a['thresh']=((above(a['bass_att'], a['thresh'])*2)+((1-above(a['bass_att'], a['thresh']))*(((a['thresh']-1.3)*0.96)+1.3))); a['dx_r']=(((equal(a['thresh'], 2)*0.015)*Math.sin((5*a['time'])))+((1-equal(a['thresh'], 2))*a['dx_r'])); a['dy_r']=(((equal(a['thresh'], 2)*0.015)*Math.sin((6*a['time'])))+((1-equal(a['thresh'], 2))*a['dy_r'])); a['zoom']=(a['zoom']+(0.0095*((Math.sin((10*a['ang']))+(Math.sin(Math.sin((((a['time']*2)*Math.sin(a['time']))*a['rad'])))*0.3))-(Math.cos(a['rad'])*0.1)))); a['rot']=(a['rot']+((0.08*Math.abs((0.746-a['rad'])))*Math.sin(((2.2*(0.5-a['rad']))+(5.7*Math.sin((0.1*a['time']))))))); a['sx']=(a['sx']+(((0.01*((0.99*1)-a['rad']))*Math.sin((0.733*a['time'])))*below(Math.sin(a['time']), 0))); a['sy']=(a['sy']+(((0.01*((0.99*1)-a['rad']))*Math.cos((0.953*a['time'])))*above(Math.sin(a['time']), 0))); a['zoom']=(a['zoom']-((0.015*((0.5*Math.abs(3))-a['rad']))*below(a['rad'], 1.5))); a['dx']=(a['dx']+a['dx_r']); a['dy']=(a['dy']+a['dy_r']);",
 "baseVals": {
  "rating": 3,
  "gammaadj": 1.28,
  "decay": 1,
  "echo_zoom": 2.005956,
  "echo_alpha": 0.3,
  "echo_orient": 3,
  "wave_mode": 5,
  "wrap": 0,
  "darken": 1,
  "wave_a": 0.690724,
  "wave_scale": 4.778029,
  "wave_smoothing": 0,
  "modwavealphastart": 0.71,
  "modwavealphaend": 1.3,
  "warpscale": 1.331,
  "zoomexp": 0.999996,
  "zoom": 0.99951,
  "warp": 0.0101,
  "wave_r": 0.65,
  "wave_g": 0.65,
  "wave_b": 0.65,
  "ob_size": 0.005,
  "ob_a": 0.1,
  "ib_size": 0,
  "mv_a": 0
 },
 "warp": "",
 "comp": ""
}