{
 "shapes": [
  {
   "baseVals": {
    "enabled": 0
   }
  },
  {
   "baseVals": {
    "enabled": 0
   }
  },
  {
   "baseVals": {
    "enabled": 0
   }
  },
  {
   "baseVals": {
    "enabled": 0
   }
  }
 ],
 "waves": [
  {
   "baseVals": {},
   "init_eqs_str": " ",
   "frame_eqs_str": "",
   "point_eqs_str": ""
  },
  {
   "baseVals": {},
   "init_eqs_str": " ",
   "frame_eqs_str": "",
   "point_eqs_str": ""
  },
  {
   "baseVals": {},
   "init_eqs_str": " ",
   "frame_eqs_str": "",
   "point_eqs_str": ""
  },
  {
   "baseVals": {},
   "init_eqs_str": " ",
   "frame_eqs_str": "",
   "point_eqs_str": ""
  }
 ],
 "init_eqs_str": "a['thresh'] = 0; a['dx_r'] = 0; a['dy_r'] = 0;",
 "frame_eqs_str": "a['wave_r']=((a['wave_r']+(0.25*Math.sin((1.4*a['time']))))+(0.25*Math.sin((2.25*a['time'])))); a['wave_g']=((a['wave_g']+(0.25*Math.sin((1.7*a['time']))))+(0.25*Math.sin((2.11*a['time'])))); a['wave_b']=((a['wave_b']+(0.25*Math.sin((1.84*a['time']))))+(0.25*Math.sin((2.3*a['time'])))); a['warp']=0; a['ib_r']=((a['ib_r']+1)-a['wave_r']); a['ib_g']=((a['ib_g']+1)-a['wave_g']); a['ib_b']=((a['ib_b']+1)-a['wave_b']);",
 "pixel_eqs_str": "a['thresh']=((above(a['bass_att'], a['thresh'])*2)+((1-above(a['bass_att'], a['thresh']))*(((a['thresh']-1.3)*0.96)+1.3))); a['dx_r']=(((equal(a['thresh'], 2)*0.015)*Math.sin((5*a['time'])))+((1-equal(a['thresh'], 2))*a['dx_r'])); a['dy_r']=(((equal(a['thresh'], 2)*0.015)*Math.sin((6*a['time'])))+((1-equal(a['thresh'], 2))*a['dy_r'])); a['zoom']=(a['zoom']-Math.abs((((0.5-a['rad'])*Math.sin((div(a['bass'],2)*a['treb_att'])))*((0.74*a['rad'])+(2.2*(a['rad']*Math.sin((9*a['ang'])))))))); a['rot']=(a['rot']+(a['dy_r']*((((2-a['zoom'])*0.3)*Math.cos(a['bass_att']))*20))); a['dy']=(a['dy']+(0.25*a['dy_r'])); a['dx']=(a['dx']+(0.25*a['dx_r'])); a['zoom']=(a['zoom']-(0.5*Math.abs(((a['rad']*Math.cos((20*a['bass'])))*below(a['rad'], Math.sin((a['bass']*0.5)))))));",
 "baseVals": {
  "rating": 3,
  "gammaadj": 1,
  "decay": 1,
  "echo_zoom": 2.448626,
  "wave_thick": 1,
  "wave_a": 100,
  "wave_scale": 0.721421,
  "wave_smoothing": 0.9,
  "modwavealphastart": 0.5,
  "modwavealphaend": 1,
  "zoomexp": 0.9999,
  "zoom": 0.999999,
  "dx": 0.00001,
  "dy": 0.00001,
  "warp": 0.01,
  "wave_r": 0.5,
  "wave_g": 0.5,
  "wave_b": 0.5,
  "ob_size": 0.005,
  "ob_a": 1,
  "ib_r": 0,
  "ib_g": 1,
  "ib_b": 1,
  "ib_a": 1,
  "mv_x": 64,
  "mv_y": 48,
  "mv_l": 0,
  "mv_g": 0.6,
  "mv_b": 0,
  "mv_a": 0
 },
 "warp": "",
 "comp": ""
}