{
 "shapes": [
  {
   "baseVals": {
    "enabled": 0
   }
  },
  {
   "baseVals": {
    "enabled": 0
   }
  },
  {
   "baseVals": {
    "enabled": 0
   }
  },
  {
   "baseVals": {
    "enabled": 0
   }
  }
 ],
 "waves": [
  {
   "baseVals": {},
   "init_eqs_str": " ",
   "frame_eqs_str": "",
   "point_eqs_str": ""
  },
  {
   "baseVals": {},
   "init_eqs_str": " ",
   "frame_eqs_str": "",
   "point_eqs_str": ""
  },
  {
   "baseVals": {},
   "init_eqs_str": " ",
   "frame_eqs_str": "",
   "point_eqs_str": ""
  },
  {
   "baseVals": {},
   "init_eqs_str": " ",
   "frame_eqs_str": "",
   "point_eqs_str": ""
  }
 ],
 "init_eqs_str": "",
 "frame_eqs_str": "a['wave_r']=(a['wave_r']+div((((0.5*Math.sin((12*a['treb'])))*3.12)*a['time']),5)); a['wave_b']=(a['wave_b']+div((((0.5*Math.sin((12*a['bass'])))*3.17)*a['time']),5)); a['wave_g']=(a['wave_g']+div((((0.5*Math.sin((12*a['mid'])))*3.22)*a['time']),5)); a['wave_x']=(a['wave_x']+(0.00*Math.sin((0.8*a['time'])))); a['wave_y']=(a['wave_y']+(0.00*Math.sin((0.5*a['time'])))); a['zoom']=(a['zoom']+0.01); a['rot']=(a['rot']+(0.2*Math.sin((0.3*Math.cos((5*a['bass']))))));",
 "pixel_eqs_str": "a['zoom']=(a['zoom']+((Math.abs(above(a['rad'], 0.5))>0.00001)?(0.03):(0))); a['dx']=(a['dx']+((Math.abs(below(a['rad'], 0.3))>0.00001)?(((Math.abs(below(a['x'], 0.5))>0.00001)?(-0.008):(0.008))):(0))); a['dy']=(a['dy']+((Math.abs(below(a['rad'], 0.3))>0.00001)?(((Math.abs(below(a['y'], 0.5))>0.00001)?(-0.008):(0.008))):(0)));",
 "baseVals": {
  "rating": 3,
  "gammaadj": 1,
  "decay": 0.995,
  "echo_zoom": 1.220185,
  "echo_alpha": 0.3,
  "echo_orient": 3,
  "wave_thick": 1,
  "wave_brighten": 0,
  "wrap": 0,
  "wave_a": 100,
  "wave_scale": 0.899752,
  "wave_smoothing": 0,
  "wave_mystery": -0.1,
  "modwavealphastart": 0.5,
  "modwavealphaend": 1,
  "zoomexp": 2.000453,
  "fshader": 0.8,
  "dx": 0.00001,
  "dy": 0.00001,
  "warp": 0.01,
  "wave_r": 0.5,
  "wave_g": 0.5,
  "wave_b": 0.5,
  "ob_size": 0.005,
  "ob_r": 0.01,
  "ob_a": 1,
  "ib_size": 0.25,
  "mv_x": 0,
  "mv_y": 0,
  "mv_l": 1,
  "mv_a": 0
 },
 "warp": "",
 "comp": ""
}