{
 "shapes": [
  {
   "baseVals": {
    "enabled": 0
   }
  },
  {
   "baseVals": {
    "enabled": 0
   }
  },
  {
   "baseVals": {
    "enabled": 0
   }
  },
  {
   "baseVals": {
    "enabled": 0
   }
  }
 ],
 "waves": [
  {
   "baseVals": {},
   "init_eqs_str": " ",
   "frame_eqs_str": "",
   "point_eqs_str": ""
  },
  {
   "baseVals": {},
   "init_eqs_str": " ",
   "frame_eqs_str": "",
   "point_eqs_str": ""
  },
  {
   "baseVals": {},
   "init_eqs_str": " ",
   "frame_eqs_str": "",
   "point_eqs_str": ""
  },
  {
   "baseVals": {},
   "init_eqs_str": " ",
   "frame_eqs_str": "",
   "point_eqs_str": ""
  }
 ],
 "init_eqs_str": "a['q1'] = 0; a['block'] = 0;",
 "frame_eqs_str": "a['wave_b']=((a['wave_b']+1)+(1*Math.sin(a['time']))); a['wave_r']=(a['wave_r']+(0.5*Math.sin((0.99*a['time'])))); a['wave_g']=(a['wave_g']+(0.5*Math.sin((1.22*a['time'])))); a['wave_b']=(a['wave_b']+(0.5*Math.sin((1.55*a['time'])))); a['wave_mystery']=(a['wave_mystery']+div(a['time'],4)); a['q1']=a['wave_mystery']; a['block']=div((a['q1']*((a['bass']+a['treb'])+a['mid'])),3); a['zoom']=(a['zoom']+(0.08*(0.01*Math.sin((0.2*a['block'])))));",
 "pixel_eqs_str": "a['dx']=(a['dx']+((Math.abs(below(a['bass'], 1.2))>0.00001)?(((1-a['rad'])*0.05)):(0))); a['dy']=(a['dy']+((Math.abs(below(a['treb'], 1.2))>0.00001)?((((1-a['rad'])*0.05)*Math.sin(a['time']))):(0))); a['dx']=(a['dx']+((Math.abs(above(a['bass'], 1.2))>0.00001)?(((Math.abs(below(a['x'], 0.5))>0.00001)?((0.08*(0.4-a['rad']))):((-0.08*(0.4-a['rad']))))):(0))); a['dy']=(a['dy']+((Math.abs(above(a['treb'], 1.2))>0.00001)?(((Math.abs(below(a['y'], 0.5))>0.00001)?((0.08*(0.4-a['rad']))):((-0.08*(0.4-a['rad']))))):(0)));",
 "baseVals": {
  "rating": 2,
  "gammaadj": 2.4,
  "decay": 0.97,
  "echo_zoom": 1,
  "echo_orient": 1,
  "wave_mode": 7,
  "modwavealphabyvolume": 1,
  "wave_brighten": 0,
  "darken": 1,
  "solarize": 1,
  "wave_a": 100,
  "wave_scale": 0.299446,
  "wave_smoothing": 0.9,
  "wave_mystery": 1,
  "modwavealphastart": 0.5,
  "modwavealphaend": 1,
  "warpscale": 0.01,
  "fshader": 0.6,
  "zoom": 0.999999,
  "dx": 0.00001,
  "dy": 0.00001,
  "warp": 0.01,
  "sx": 1.100401,
  "sy": 0.999998,
  "wave_r": 0.5,
  "wave_g": 0.5,
  "wave_b": 0.5,
  "ob_size": 0,
  "ob_r": 0.01,
  "ob_g": 0.2,
  "ob_b": 0.3,
  "ob_a": 1,
  "ib_size": 0.25,
  "ib_r": 0.45,
  "ib_g": 0.8,
  "ib_a": 0.08,
  "mv_x": 31.999998,
  "mv_y": 19.199999,
  "mv_l": 1,
  "mv_a": 0
 },
 "warp": "",
 "comp": ""
}