{
 "shapes": [
  {
   "baseVals": {
    "enabled": 1,
    "bdrawback": 0,
    "x_wrap_mode": 0,
    "y_wrap_mode": 0,
    "textured": 1,
    "tex_capture": 1,
    "tex_cx": 0.5,
    "tex_cy": 0.5,
    "y": 1.8
   },
   "init_eqs_str": " ",
   "frame_eqs_str": ""
  },
  {
   "baseVals": {
    "enabled": 1,
    "bdrawback": 0,
    "x_wrap_mode": 0,
    "y_wrap_mode": 0,
    "textured": 1,
    "tex_capture": 1,
    "tex_cx": 0.5,
    "tex_cy": 0.5,
    "y": 1.8
   },
   "init_eqs_str": " ",
   "frame_eqs_str": ""
  },
  {
   "baseVals": {
    "enabled": 1,
    "bdrawback": 0,
    "x_wrap_mode": 0,
    "y_wrap_mode": 0,
    "textured": 1,
    "tex_capture": 1,
    "tex_cx": 0.5,
    "tex_cy": 0.5,
    "y": 1.8
   },
   "init_eqs_str": " ",
   "frame_eqs_str": ""
  },
  {
   "baseVals": {
    "enabled": 0
   }
  }
 ],
 "waves": [
  {
   "baseVals": {
    "enabled": 0
   }
  },
  {
   "baseVals": {
    "enabled": 0
   }
  },
  {
   "baseVals": {
    "enabled": 0
   }
  },
  {
   "baseVals": {
    "enabled": 0
   }
  }
 ],
 "init_eqs_str": "a['nn'] = 0; a['q1'] = 0; a['q2'] = 0; a['q3'] = 0;",
 "frame_eqs_str": "a['wave_r']=(a['wave_r']+(0.5*Math.sin((a['time']*1.13)))); a['wave_g']=((a['wave_g']+(0.5*Math.sin((a['time']*1.23))))+(0.25*Math.cos((0.36*a['time'])))); a['wave_b']=((a['wave_b']+(0.5*Math.sin((a['time']*1.33))))+(0.25*Math.cos((1.2*a['time'])))); a['wave_x']=(a['wave_x']+(0.2*Math.sin((0.32*a['time'])))); a['wave_y']=(a['wave_y']+(0.2*Math.cos((0.32*a['time'])))); a['ob_r']=a['wave_r']; a['ob_g']=a['wave_g']; a['ob_b']=a['wave_b']; a['ib_r']=a['wave_g']; a['ib_g']=a['wave_b']; a['ib_b']=a['wave_r'];",
 "pixel_eqs_str": "a['nn']=(mod((a['time']*0.2),7)+1); a['nn']=7; a['cx']=div((Math.floor((a['x']*a['nn']))+0.5),a['nn']); a['cy']=div((Math.floor((a['y']*a['nn']))+0.5),a['nn']); a['dx']=((a['q1']+Math.floor(((a['x']*a['nn'])-2)))*0.0001); a['dx']=((a['q2']+Math.floor(((a['y']*a['nn'])-2)))*0.0001); a['dx']=(Math.tan((a['q1']+(Math.floor((a['x']*a['nn']))*(a['q2']+1))))*0.01); a['dx']=(Math.tan((a['q2']+(Math.floor((a['y']*a['nn']))*(a['q1']+1))))*0.01); a['rot']=(Math.floor((Math.tan((a['q3']+((a['cx']+a['cy'])*10)))*2))*0.06);",
 "baseVals": {
  "rating": 3,
  "gammaadj": 1,
  "decay": 1,
  "echo_zoom": 0.999598,
  "echo_alpha": 0.4,
  "echo_orient": 1,
  "nechowrap_x": 0,
  "nechowrap_y": 0,
  "wave_mode": 5,
  "wrap": 0,
  "nwrapmode_x": 1,
  "nwrapmode_y": 1,
  "wave_a": 0.001,
  "wave_scale": 4.778029,
  "wave_smoothing": 0,
  "modwavealphastart": 0.71,
  "modwavealphaend": 1.3,
  "warpscale": 1.331,
  "zoom": 0.999513,
  "warp": 0.0101,
  "wave_r": 0.65,
  "wave_g": 0.65,
  "wave_b": 0.65,
  "ob_size": 0.005,
  "ob_a": 0.5,
  "ib_size": 0.005,
  "ib_a": 0.02,
  "mv_a": 0
 },
 "warp": "",
 "comp": ""
}