{
 "shapes": [
  {
   "baseVals": {
    "enabled": 0
   }
  },
  {
   "baseVals": {
    "enabled": 0
   }
  },
  {
   "baseVals": {
    "enabled": 0
   }
  },
  {
   "baseVals": {
    "enabled": 0
   }
  }
 ],
 "waves": [
  {
   "baseVals": {},
   "init_eqs_str": " ",
   "frame_eqs_str": "",
   "point_eqs_str": ""
  },
  {
   "baseVals": {},
   "init_eqs_str": " ",
   "frame_eqs_str": "",
   "point_eqs_str": ""
  },
  {
   "baseVals": {},
   "init_eqs_str": " ",
   "frame_eqs_str": "",
   "point_eqs_str": ""
  },
  {
   "baseVals": {},
   "init_eqs_str": " ",
   "frame_eqs_str": "",
   "point_eqs_str": ""
  }
 ],
 "init_eqs_str": "a['treb_tick'] = 0; a['bass_shift'] = 0; a['thresh'] = 0; a['q1'] = 0; a['dy_r'] = 0; a['bass_tick'] = 0; a['mid_tick'] = 0; a['dx_r'] = 0; a['treb_shift'] = 0; a['r'] = 0; a['mid_shift'] = 0; a['q2'] = 0; a['q3'] = 0;",
 "frame_eqs_str": "a['bass_tick']=((above(a['bass_att'], a['bass_tick'])*2)+((1-above(a['bass_att'], a['bass_tick']))*(((a['bass_tick']-1.3)*0.96)+1.3))); a['treb_tick']=((above(a['treb_att'], a['treb_tick'])*2)+((1-above(a['treb_att'], a['treb_tick']))*(((a['treb_tick']-1.3)*0.96)+1.3))); a['mid_tick']=((above(a['mid_att'], a['mid_tick'])*2)+((1-above(a['mid_att'], a['mid_tick']))*(((a['mid_tick']-1.3)*0.96)+1.3))); a['bass_shift']=(((equal(a['bass_tick'], 2)*0.95)*Math.sin((a['time']*5)))+((1-equal(a['bass_tick'], 2))*a['bass_shift'])); a['treb_shift']=(((equal(a['treb_tick'], 2)*0.95)*Math.sin((a['time']*5)))+((1-equal(a['treb_tick'], 2))*a['treb_shift'])); a['mid_shift']=(((equal(a['mid_tick'], 2)*0.95)*Math.sin((a['time']*5)))+((1-equal(a['mid_tick'], 2))*a['mid_shift'])); a['wave_r']=(a['wave_r']+a['bass_shift']); a['wave_g']=(a['wave_g']+a['mid_shift']); a['wave_b']=(a['wave_b']+a['treb_shift']); a['q1']=a['bass_shift']; a['q2']=a['mid_shift']; a['q3']=a['treb_shift']; a['zoom']=(a['zoom']+Math.abs((0.05*((div(a['treb'],2)*Math.cos((a['bass_att']*a['treb_shift'])))*a['bass_shift']))));",
 "pixel_eqs_str": "a['thresh']=((above(a['bass_att'], a['thresh'])*2)+((1-above(a['bass_att'], a['thresh']))*(((a['thresh']-1.3)*0.96)+1.3))); a['dx_r']=(((equal(a['thresh'], 2)*0.015)*Math.sin((5*a['time'])))+((1-equal(a['thresh'], 2))*a['dx_r'])); a['dy_r']=(((equal(a['thresh'], 2)*0.015)*Math.sin((6*a['time'])))+((1-equal(a['thresh'], 2))*a['dy_r'])); a['rot']=(a['rot']-(0.25*(((a['rad']*a['q3'])+(0.55*a['q1']))*((0.5*Math.sin(a['time']))-Math.cos((0.5-(2*(2.5*a['rad'])))))))); a['rot']=(a['rot']-(0.5*((Math.abs(above(a['time'], div(((a['q1']*a['q2'])*a['q3']),3)))>0.00001)?(((((Math.sin((2*a['rad']))*(6.5*a['rad']))*2)*a['dy'])-a['r'])):(a['dx_r'])))); a['zoom']=(a['zoom']+(equal(a['zoom'], 0)*a['dy_r'])); a['rot']=(a['rot']+(0.025*((a['rad']*6)+(a['q1']*a['q3'])))); a['cx']=(a['cx']-(0.25*(Math.cos(a['time'])-(0.5*Math.sin((a['time']*1.2)))))); a['cy']=(a['cy']-(0.25*(Math.sin(a['time'])+(0.5*Math.cos((1.22*a['time'])))))); a['dx']=(a['dx']+a['dx_r']); a['dy']=(a['dy']+a['dy_r']); a['zoom']=(a['zoom']-(0.05*Math.cos((((15*Math.sin((12*a['ang'])))*0.5)*((a['rad']*2)*a['time'])))));",
 "baseVals": {
  "rating": 3,
  "gammaadj": 1,
  "decay": 1,
  "echo_zoom": 0.999999,
  "echo_orient": 3,
  "wave_brighten": 0,
  "wrap": 0,
  "wave_a": 100,
  "wave_scale": 1.599183,
  "wave_smoothing": 0.9,
  "modwavealphastart": 0.5,
  "modwavealphaend": 1,
  "zoomexp": 0.999997,
  "dx": 0.00001,
  "dy": 0.00001,
  "warp": 0.01,
  "ob_size": 0.005,
  "ob_a": 0.2,
  "ib_size": 0.005,
  "ib_r": 0,
  "ib_g": 0,
  "ib_b": 0,
  "mv_x": 0,
  "mv_y": 0,
  "mv_l": 1,
  "mv_a": 0
 },
 "warp": "",
 "comp": ""
}