{
 "shapes": [
  {
   "baseVals": {
    "enabled": 0
   }
  },
  {
   "baseVals": {
    "enabled": 0
   }
  },
  {
   "baseVals": {
    "enabled": 0
   }
  },
  {
   "baseVals": {
    "enabled": 0
   }
  }
 ],
 "waves": [
  {
   "baseVals": {},
   "init_eqs_str": " ",
   "frame_eqs_str": "",
   "point_eqs_str": ""
  },
  {
   "baseVals": {},
   "init_eqs_str": " ",
   "frame_eqs_str": "",
   "point_eqs_str": ""
  },
  {
   "baseVals": {},
   "init_eqs_str": " ",
   "frame_eqs_str": "",
   "point_eqs_str": ""
  },
  {
   "baseVals": {},
   "init_eqs_str": " ",
   "frame_eqs_str": "",
   "point_eqs_str": ""
  }
 ],
 "init_eqs_str": "a['caps'] = 0; a['one'] = 0;",
 "frame_eqs_str": "a['wave_y']=(a['wave_y']+(0.2*Math.sin((1.85*a['time'])))); a['wave_b']=-2; a['wave_r']=5; a['wave_g']=-2;",
 "pixel_eqs_str": "a['caps']=(0.5-a['x']); a['one']=(0.05*a['caps']); a['dx']=(a['dx']+((Math.abs(below(a['x'], 0.5))>0.00001)?(((Math.abs(above(a['bass'], 1.1))>0.00001)?((0.05*a['caps'])):(0))):(0))); a['dx']=(a['dx']+((Math.abs(above(a['x'], 0.5))>0.00001)?(((Math.abs(above(a['treb'], 1.1))>0.00001)?((0.05*a['caps'])):(0))):(0))); a['warp']=0; a['rot']=(a['rot']-((0.05*a['caps'])*Math.sin((3*a['bass']))));",
 "baseVals": {
  "rating": 2,
  "gammaadj": 1,
  "decay": 1,
  "echo_zoom": 1,
  "echo_orient": 1,
  "wave_mode": 7,
  "wave_thick": 1,
  "wave_brighten": 0,
  "wrap": 0,
  "wave_a": 100,
  "wave_scale": 0.721421,
  "wave_smoothing": 0.9,
  "wave_mystery": 1,
  "modwavealphastart": 0.5,
  "modwavealphaend": 1,
  "dx": 0.00001,
  "dy": 0.00001,
  "warp": 0.01,
  "sx": 0.990099,
  "ob_size": 0.205,
  "ob_a": 1,
  "ib_size": 0.02,
  "ib_r": 1,
  "ib_g": 1,
  "ib_b": 1,
  "ib_a": 1,
  "mv_x": 64,
  "mv_y": 48,
  "mv_l": 1,
  "mv_r": 0,
  "mv_g": 0,
  "mv_b": 0.8,
  "mv_a": 0
 },
 "warp": "",
 "comp": ""
}