{
 "shapes": [
  {
   "baseVals": {
    "enabled": 0
   }
  },
  {
   "baseVals": {
    "enabled": 0
   }
  },
  {
   "baseVals": {
    "enabled": 0
   }
  },
  {
   "baseVals": {
    "enabled": 0
   }
  }
 ],
 "waves": [
  {
   "baseVals": {
    "enabled": 0
   }
  },
  {
   "baseVals": {
    "enabled": 0
   }
  },
  {
   "baseVals": {
    "enabled": 0
   }
  },
  {
   "baseVals": {
    "enabled": 0
   }
  }
 ],
 "init_eqs_str": "a['thresh'] = 0; a['dx_r'] = 0; a['dy_r'] = 0;",
 "frame_eqs_str": "a['wave_r']=(a['wave_r']+(0.5*Math.sin((a['time']*1.13)))); a['wave_g']=(a['wave_g']+(0.5*Math.sin((a['time']*1.23)))); a['wave_b']=(a['wave_b']+(0.5*Math.sin((a['time']*1.33)))); a['wave_x']=(a['wave_x']+(0.2*Math.sin((0.32*a['time'])))); a['wave_y']=(a['wave_y']+(0.2*Math.cos((0.32*a['time'])))); a['ob_r']=a['wave_r']; a['ob_g']=a['wave_g']; a['ob_b']=a['wave_b'];",
 "pixel_eqs_str": "a['thresh']=((above(a['bass_att'], a['thresh'])*2)+((1-above(a['bass_att'], a['thresh']))*(((a['thresh']-1.3)*0.96)+1.3))); a['dx_r']=(((equal(a['thresh'], 2)*0.015)*Math.sin((5*a['time'])))+((1-equal(a['thresh'], 2))*a['dx_r'])); a['dy_r']=(((equal(a['thresh'], 2)*0.015)*Math.sin((6*a['time'])))+((1-equal(a['thresh'], 2))*a['dy_r'])); a['zoom']=(a['zoom']+(0.0095*((Math.sin((10*a['ang']))+(Math.sin(Math.sin((((a['time']*2)*Math.sin(a['time']))*a['rad'])))*0.3))-(Math.cos(a['rad'])*0.1)))); a['rot']=(a['rot']+((0.08*Math.abs((0.746-a['rad'])))*Math.sin(((2.2*(0.5-a['rad']))+(5.7*Math.sin((0.1*a['time']))))))); a['sx']=(a['sx']+(((0.01*((0.99*1)-a['rad']))*Math.sin((0.733*a['time'])))*below(Math.sin(a['time']), 0))); a['sy']=(a['sy']+(((0.01*((0.99*1)-a['rad']))*Math.cos((0.953*a['time'])))*above(Math.sin(a['time']), 0))); a['zoom']=(a['zoom']-((0.015*((0.5*Math.abs(3))-a['rad']))*below(a['rad'], 1.5)));",
 "baseVals": {
  "rating": 3,
  "gammaadj": 1.399,
  "decay": 1,
  "echo_zoom": 1.488267,
  "echo_alpha": 0.3,
  "wave_mode": 5,
  "wrap": 0,
  "darken": 1,
  "wave_a": 0.690724,
  "wave_scale": 4.778029,
  "wave_smoothing": 0,
  "modwavealphastart": 0.71,
  "modwavealphaend": 1.3,
  "warpscale": 1.331,
  "fshader": 1,
  "zoom": 0.999513,
  "warp": 0.0101,
  "wave_r": 0.65,
  "wave_g": 0.65,
  "wave_b": 0.65,
  "ob_size": 0.005,
  "ob_a": 0.1,
  "ib_size": 0,
  "mv_a": 0
 },
 "warp": "",
 "comp": ""
}