{
 "shapes": [
  {
   "baseVals": {
    "enabled": 0
   }
  },
  {
   "baseVals": {
    "enabled": 0
   }
  },
  {
   "baseVals": {
    "enabled": 0
   }
  },
  {
   "baseVals": {
    "enabled": 0
   }
  }
 ],
 "waves": [
  {
   "baseVals": {},
   "init_eqs_str": " ",
   "frame_eqs_str": "",
   "point_eqs_str": ""
  },
  {
   "baseVals": {},
   "init_eqs_str": " ",
   "frame_eqs_str": "",
   "point_eqs_str": ""
  },
  {
   "baseVals": {},
   "init_eqs_str": " ",
   "frame_eqs_str": "",
   "point_eqs_str": ""
  },
  {
   "baseVals": {},
   "init_eqs_str": " ",
   "frame_eqs_str": "",
   "point_eqs_str": ""
  }
 ],
 "init_eqs_str": "",
 "frame_eqs_str": "a['wave_r']=(a['wave_r']+(3*Math.tan((8*a['treb'])))); a['wave_b']=(a['wave_b']-(2*Math.tan((8*a['bass'])))); a['wave_g']=-2;",
 "pixel_eqs_str": "a['zoom']=(a['zoom']+((Math.abs(below(a['rad'], (0.5+(0.1*Math.sin(a['bass'])))))>0.00001)?(((Math.abs(below(a['y'], 0.6))>0.00001)?(((Math.abs(above(a['y'], 0.25))>0.00001)?(0.09):(0))):(0))):(0))); a['rot']=(a['rot']+((Math.abs(below(a['rad'], (0.51+(0.2*Math.sin((5*a['bass']))))))>0.00001)?(((Math.abs(below(a['y'], 0.6))>0.00001)?(((Math.abs(above(a['y'], 0.25))>0.00001)?(((Math.abs(below(a['x'], 0.5))>0.00001)?((0.05*Math.tan(a['bass']))):((-0.05*Math.tan(a['bass']))))):(0))):(0))):(0))); a['zoom']=(a['zoom']+((Math.abs(above(a['rad'], 0.5))>0.00001)?(((Math.abs(below(a['y'], 0.5))>0.00001)?(-0.1):(0))):(0))); a['zoom']=(a['zoom']+((Math.abs(above(a['y'], 0.49))>0.00001)?(((Math.abs(above(a['ang'], -2.5))>0.00001)?(((Math.abs(below(a['ang'], -0.6))>0.00001)?(0.00):(-0.1))):(-0.1))):(0))); a['warp']=(a['warp']+((Math.abs(above(a['y'], 0.49))>0.00001)?(((Math.abs(above(a['ang'], -2.5))>0.00001)?(((Math.abs(below(a['ang'], -0.6))>0.00001)?((1*Math.cos(a['bass']))):(0))):(0))):(0))); a['dy']=(a['dy']+((Math.abs(above(a['y'], 0.49))>0.00001)?(-0.01):(0))); a['zoom']=(a['zoom']+((Math.abs(below(a['y'], 0.25))>0.00001)?(((Math.abs(below(a['rad'], 0.5))>0.00001)?(-0.1):(0))):(0)));",
 "baseVals": {
  "rating": 2,
  "gammaadj": 1,
  "echo_zoom": 1,
  "echo_orient": 1,
  "wave_mode": 2,
  "wave_brighten": 0,
  "wrap": 0,
  "wave_a": 100,
  "wave_scale": 11.699619,
  "wave_smoothing": 0.5,
  "modwavealphastart": 0.5,
  "modwavealphaend": 1,
  "dx": 0.00001,
  "dy": 0.00001,
  "warp": 0.01,
  "wave_r": 0,
  "wave_g": 0,
  "wave_b": 0,
  "ob_size": 0.005,
  "ob_r": 0.25,
  "ob_a": 0.5,
  "ib_size": 0.25,
  "mv_x": 0,
  "mv_y": 0,
  "mv_l": 1,
  "mv_a": 0
 },
 "warp": "",
 "comp": ""
}