{
 "shapes": [
  {
   "baseVals": {
    "enabled": 0
   }
  },
  {
   "baseVals": {
    "enabled": 0
   }
  },
  {
   "baseVals": {
    "enabled": 0
   }
  },
  {
   "baseVals": {
    "enabled": 0
   }
  }
 ],
 "waves": [
  {
   "baseVals": {},
   "init_eqs_str": " ",
   "frame_eqs_str": "",
   "point_eqs_str": ""
  },
  {
   "baseVals": {},
   "init_eqs_str": " ",
   "frame_eqs_str": "",
   "point_eqs_str": ""
  },
  {
   "baseVals": {},
   "init_eqs_str": " ",
   "frame_eqs_str": "",
   "point_eqs_str": ""
  },
  {
   "baseVals": {},
   "init_eqs_str": " ",
   "frame_eqs_str": "",
   "point_eqs_str": ""
  }
 ],
 "init_eqs_str": "",
 "frame_eqs_str": "a['wave_r']=(a['wave_r']+(((0.5*Math.sin((5*a['bass'])))*a['time'])*5)); a['wave_b']=(a['wave_b']+(((0.5*Math.sin((5*a['treb'])))*a['time'])*5)); a['wave_g']=(a['wave_g']+(((0.5*Math.sin((5*a['mid'])))*a['time'])*5)); a['wave_x']=(a['wave_x']+(0.30*Math.sin((2.5*a['time'])))); a['wave_y']=(a['wave_y']+(0.30*Math.cos((2.5*a['time'])))); a['rot']=(a['rot']+0.05); a['cx']=(a['cx']+((5*a['rot'])*Math.cos(a['time']))); a['cy']=(a['cy']+((5*a['rot'])*Math.sin(a['time'])));",
 "pixel_eqs_str": "a['sx']=(a['sx']+((Math.abs(above(a['rad'], (0.52+(0.07*Math.sin(a['time'])))))>0.00001)?(0.05):(-0.01))); a['sy']=(a['sy']+((Math.abs(above(a['rad'], (0.52+(0.07*Math.sin(a['time'])))))>0.00001)?(0.05):(-0.01))); a['sx']=(a['sx']+((Math.abs(above(a['rad'], 0.7))>0.00001)?(0.05):(0.00))); a['sy']=(a['sy']+((Math.abs(above(a['rad'], 0.7))>0.00001)?(0.05):(0.00))); a['warp']=(a['warp']+((Math.abs(above(a['rad'], 0.86))>0.00001)?(0):(0)));",
 "baseVals": {
  "rating": 2,
  "gammaadj": 2.4,
  "decay": 0.995,
  "echo_zoom": 1,
  "echo_orient": 1,
  "wave_thick": 1,
  "wave_brighten": 0,
  "wrap": 0,
  "brighten": 1,
  "solarize": 1,
  "wave_a": 100,
  "wave_scale": 1.48862,
  "wave_smoothing": 0,
  "wave_mystery": -0.5,
  "modwavealphastart": 0.5,
  "modwavealphaend": 1,
  "zoomexp": 0.01,
  "fshader": 1,
  "dx": 0.00001,
  "dy": 0.00001,
  "warp": 0.01,
  "ob_size": 0,
  "ob_r": 0.01,
  "ob_a": 1,
  "ib_size": 0.25,
  "mv_x": 0,
  "mv_y": 0,
  "mv_l": 1,
  "mv_a": 0
 },
 "warp": "",
 "comp": ""
}