{
 "shapes": [
  {
   "baseVals": {
    "enabled": 0
   }
  },
  {
   "baseVals": {
    "enabled": 0
   }
  },
  {
   "baseVals": {
    "enabled": 0
   }
  },
  {
   "baseVals": {
    "enabled": 0
   }
  }
 ],
 "waves": [
  {
   "baseVals": {},
   "init_eqs_str": " ",
   "frame_eqs_str": "",
   "point_eqs_str": ""
  },
  {
   "baseVals": {},
   "init_eqs_str": " ",
   "frame_eqs_str": "",
   "point_eqs_str": ""
  },
  {
   "baseVals": {},
   "init_eqs_str": " ",
   "frame_eqs_str": "",
   "point_eqs_str": ""
  },
  {
   "baseVals": {},
   "init_eqs_str": " ",
   "frame_eqs_str": "",
   "point_eqs_str": ""
  }
 ],
 "init_eqs_str": "",
 "frame_eqs_str": "a['wave_x']=(a['wave_x']-(0.25*Math.tan((0.75*a['time'])))); a['ob_r']=(a['ob_r']+(0.25*Math.sin(((0.855*Math.cos((1.12*a['time'])))+(0.25*Math.sin((2.11*a['time']))))))); a['ob_g']=(a['ob_g']+(0.25*Math.sin(((0.866*Math.cos((1.25*a['time'])))+(0.25*Math.sin((1.92*a['time']))))))); a['ob_b']=(a['ob_b']+(0.25*Math.sin(((0.86*Math.cos((1.91*a['time'])))+(0.25*Math.sin((1.036*a['time']))))))); a['ib_r']=(a['ob_r']*0.9); a['ib_g']=(a['ob_g']*0.9); a['ib_b']=(a['ob_b']*0.9); a['ob_size']=(a['ob_size']+(0.01*Math.sin(a['bass']))); a['ib_size']=(a['ib_size']+(0.01*Math.cos(a['bass']))); a['wave_r']=((a['wave_r']+(0.25*Math.sin((0.8*a['bass']))))+(0.25*Math.cos((1.2*a['time'])))); a['wave_g']=((a['wave_g']+(0.25*Math.sin((0.8*a['treb']))))+(0.25*Math.sin((1.3*a['time'])))); a['wave_b']=((a['wave_b']+(0.25*Math.cos((0.8*a['mid']))))+(0.25*Math.cos((1.25*a['time'])))); a['mv_x']=(a['mv_x']+(((0.4*a['bass_att'])*0.5)*a['mv_x'])); a['mv_y']=(a['mv_y']+(((0.4*a['bass_att'])*0.5)*a['mv_y'])); a['mv_l']=(a['mv_l']+(a['mv_l']*7)); a['mv_r']=(a['mv_r']+(a['ob_r']*2)); a['mv_g']=(a['mv_r']+(a['ob_g']*2)); a['mv_b']=(a['mv_r']+(a['ob_b']*2));",
 "pixel_eqs_str": "a['dx']=(a['dx']+((Math.abs(above(a['bass'], 1))>0.00001)?((Math.cos((1.32*a['bass_att']))*Math.sin((0.05*(a['y']*Math.sin((0.87*a['time']))))))):(0))); a['dy']=(a['dy']+((Math.abs(below(a['bass_att'], 1.2))>0.00001)?((Math.sin((1.08*a['bass_att']))*Math.sin((0.05*(a['x']*Math.sin((0.59*a['time']))))))):(0))); a['sy']=(a['sy']+((Math.abs(below(a['bass_att'], 1.2))>0.00001)?((Math.cos((1.3*a['bass_att']))*(0.8*Math.sin((0.1*(a['y']*Math.sin((0.52*a['time'])))))))):(0))); a['sx']=(a['sx']+((Math.abs(above(a['bass'], 1))>0.00001)?((Math.sin((1.1*a['bass_att']))*(0.8*Math.sin((0.1*(a['x']*Math.sin((0.71*a['time'])))))))):(0)));",
 "baseVals": {
  "rating": 4,
  "gammaadj": 2.001,
  "decay": 0.96,
  "echo_zoom": 0.999988,
  "echo_alpha": 0.5,
  "echo_orient": 1,
  "wave_mode": 6,
  "wave_thick": 1,
  "wave_brighten": 0,
  "wrap": 0,
  "wave_a": 100,
  "wave_scale": 0.231186,
  "wave_smoothing": 0.9,
  "modwavealphastart": 0.5,
  "modwavealphaend": 1,
  "dx": 0.00001,
  "dy": 0.00001,
  "warp": 0.01,
  "sx": 0.990099,
  "sy": 0.990099,
  "wave_r": 0.5,
  "wave_g": 0.5,
  "wave_b": 0.5,
  "ob_size": 0.055,
  "ob_r": 1,
  "ob_g": 1,
  "ob_b": 1,
  "ob_a": 0.02,
  "ib_size": 0.105,
  "ib_r": 1,
  "ib_g": 1,
  "ib_b": 1,
  "ib_a": 0.02,
  "mv_x": 6.4,
  "mv_y": 4.8,
  "mv_l": 5,
  "mv_a": 0.6
 },
 "warp": "",
 "comp": ""
}