{
 "shapes": [
  {
   "baseVals": {
    "enabled": 1,
    "sides": 3,
    "thickoutline": 1,
    "rad": 0.599579,
    "a2": 1,
    "border_g": 0,
    "border_b": 0,
    "border_a": 1
   },
   "init_eqs_str": "a['q1'] = 0; a['q2'] = 0; a['q3'] = 0; a['t1'] = 0; a['t2'] = 0; a['t3'] = 0; ",
   "frame_eqs_str": "a['rad']=((a['rad']-0.2)+(0.2*a['bass_att'])); a['r']=((a['r']+(0.25*Math.sin((1.1*a['time']))))+(0.2*Math.sin((0.25*a['time'])))); a['g']=((a['g']+(0.25*Math.cos((1.5*a['time']))))+(0.22*Math.cos((0.24*a['time'])))); a['b']=((a['b']+(0.25*Math.sin((0.6*a['time']))))+(0.27*Math.cos((0.7*a['time'])))); a['r2']=(1-Math.abs(a['r'])); a['g2']=(1-Math.abs(a['g'])); a['b2']=(1-Math.abs(a['b'])); a['ang']=(a['ang']+(3*Math.abs(Math.tan((3*a['time']))))); a['x']=((a['x']+(0.14*Math.cos(a['time'])))+(0.2*Math.sin((0.42*a['time'])))); a['y']=(((a['y']+(0.16*Math.sin((1.2*a['time']))))+(0.15*Math.sin((0.8*a['time']))))+(0.21*Math.cos((0.45*a['time'])))); a['border_r']=a['q1']; a['border_b']=a['q2']; a['border_g']=a['q3']; a['t1']=a['r']; a['t2']=a['g']; a['t3']=a['b'];"
  },
  {
   "baseVals": {
    "enabled": 0
   }
  },
  {
   "baseVals": {
    "enabled": 0
   }
  },
  {
   "baseVals": {
    "enabled": 0
   }
  }
 ],
 "waves": [
  {
   "baseVals": {
    "enabled": 1,
    "additive": 1,
    "scaling": 0.671652,
    "smoothing": 0
   },
   "init_eqs_str": " ",
   "frame_eqs_str": "a['r']=(a['r']+(((0.24*Math.cos((1.2*a['time'])))*0.12)*Math.sin((12*a['time'])))); a['g']=((a['g']+(0.4*Math.sin((1.02*a['time']))))+(0.2*Math.cos((0.7*a['time'])))); a['b']=((a['b']+(0.21*Math.sin((0.14*a['time']))))+(0.12*Math.sin((1.5*a['time']))));",
   "point_eqs_str": "a['x']=(a['x']+(0.2*Math.sin((2.1*a['time'])))); a['y']=(a['y']+(0.2*Math.cos((1.045*a['time']))));"
  },
  {
   "baseVals": {
    "enabled": 0
   }
  },
  {
   "baseVals": {
    "enabled": 0
   }
  },
  {
   "baseVals": {
    "enabled": 0
   }
  }
 ],
 "init_eqs_str": "a['thresh'] = 0; a['dx_r'] = 0; a['dy_r'] = 0; a['q1'] = 0; a['q2'] = 0; a['q3'] = 0;",
 "frame_eqs_str": "a['wave_r']=(0.5+(0.5*Math.sin((6*a['time'])))); a['wave_g']=(0.5+(0.5*Math.sin((4.1*a['time'])))); a['wave_b']=(-1+(((1-a['wave_r'])+1)-a['wave_g'])); a['warp']=0; a['q1']=a['wave_r']; a['q2']=a['wave_g']; a['q3']=a['wave_b'];",
 "pixel_eqs_str": "a['thresh']=((above(a['bass_att'], a['thresh'])*2)+((1-above(a['bass_att'], a['thresh']))*(((a['thresh']-1.3)*0.96)+1.3))); a['dx_r']=(((equal(a['thresh'], 2)*0.015)*Math.sin((5*a['time'])))+((1-equal(a['thresh'], 2))*a['dx_r'])); a['dy_r']=(((equal(a['thresh'], 2)*0.015)*Math.sin((6*a['time'])))+((1-equal(a['thresh'], 2))*a['dy_r'])); a['dx']=(a['dx']+a['dx_r']); a['dy']=(a['dy']+(3*a['dy_r'])); a['zoom']=(a['zoom']+(5*Math.abs((a['dx_r']*Math.cos((((0.5-a['rad'])*Math.cos((12*a['dx_r'])))*a['bass_att']))))));",
 "baseVals": {
  "rating": 3,
  "gammaadj": 1.35,
  "decay": 0.97,
  "echo_zoom": 1,
  "echo_orient": 1,
  "wave_mode": 1,
  "additivewave": 1,
  "wave_dots": 1,
  "wave_brighten": 0,
  "darken": 1,
  "wave_a": 9.180579,
  "wave_scale": 0.972364,
  "wave_smoothing": 0.9,
  "modwavealphastart": 0.5,
  "modwavealphaend": 1,
  "dx": 0.00001,
  "dy": 0.00001,
  "warp": 0.01,
  "wave_r": 0.5,
  "wave_g": 0.5,
  "wave_b": 0.5,
  "ob_size": 0,
  "ob_a": 1,
  "ib_size": 0,
  "ib_r": 0,
  "ib_g": 0,
  "ib_b": 0,
  "mv_x": 0,
  "mv_y": 0,
  "mv_l": 1,
  "mv_a": 0
 },
 "warp": "",
 "comp": ""
}