{
 "shapes": [
  {
   "baseVals": {
    "enabled": 0
   }
  },
  {
   "baseVals": {
    "enabled": 0
   }
  },
  {
   "baseVals": {
    "enabled": 0
   }
  },
  {
   "baseVals": {
    "enabled": 0
   }
  }
 ],
 "waves": [
  {
   "baseVals": {},
   "init_eqs_str": " ",
   "frame_eqs_str": "",
   "point_eqs_str": ""
  },
  {
   "baseVals": {},
   "init_eqs_str": " ",
   "frame_eqs_str": "",
   "point_eqs_str": ""
  },
  {
   "baseVals": {},
   "init_eqs_str": " ",
   "frame_eqs_str": "",
   "point_eqs_str": ""
  },
  {
   "baseVals": {},
   "init_eqs_str": " ",
   "frame_eqs_str": "",
   "point_eqs_str": ""
  }
 ],
 "init_eqs_str": "",
 "frame_eqs_str": "a['wave_r']=((a['wave_r']+(0.55*Math.sin((0.24*a['time']))))+(0.45*Math.sin((5.5*a['time'])))); a['wave_g']=((a['wave_g']+(0.55*Math.sin((0.64*a['time']))))+(0.45*Math.sin((3.11*a['time'])))); a['wave_b']=((a['wave_b']+(0.55*Math.sin((0.92*a['time']))))+(0.45*Math.sin((4.3*a['time'])))); a['wave_x']=(0.5+(0.15*Math.sin(a['time']))); a['wave_mystery']=(a['wave_mystery']+(0.2*Math.sin((0.1*a['time']))));",
 "pixel_eqs_str": "a['dy']=(a['dy']+(0.005*Math.sin(((Math.cos((a['x']*a['time']))*1.76)*Math.sin(((0.52*a['time'])*Math.cos(Math.max((0.075*a['bass_att']), (0.0005*a['time']))))))))); a['dx']=(a['dx']+(0.005*Math.cos(((Math.sin((a['y']*a['time']))*1.54)*Math.sin(((0.79*a['time'])*Math.sin(Math.max((0.075*a['treb_att']), (0.0005*a['time']))))))))); a['dx']=(a['dx']+(Math.sin((1.13*a['time']))*(((0.007*a['rad'])*(2-Math.sin((0.83*a['time']))))*Math.cos((a['y']*Math.sin(((1.2*Math.sin((0.51*a['time'])))-(div(a['y'],1.23)*a['time'])))))))); a['dy']=(a['dy']+(Math.cos((0.84*a['time']))*(((0.007*a['rad'])*(2-Math.sin((1.052*a['time']))))*Math.cos((a['y']*Math.sin(((1.2*Math.cos((0.81*a['time'])))-(div(a['x'],1.62)*a['time']))))))));",
 "baseVals": {
  "rating": 3,
  "gammaadj": 1,
  "decay": 0.99,
  "echo_zoom": 0.999837,
  "echo_orient": 3,
  "wave_mode": 1,
  "wave_a": 100,
  "wave_scale": 0.999832,
  "wave_smoothing": 0,
  "modwavealphastart": 0.5,
  "modwavealphaend": 1,
  "warpanimspeed": 20.009382,
  "warpscale": 5.427911,
  "dx": 0.00001,
  "dy": 0.00001,
  "warp": 0.01,
  "wave_r": 0,
  "wave_g": 0.5,
  "wave_b": 0,
  "wave_x": 0.4,
  "ob_size": 0,
  "ob_a": 1,
  "ib_size": 0,
  "ib_r": 0,
  "ib_g": 0,
  "ib_b": 0,
  "mv_x": 6.4,
  "mv_y": 4.8,
  "mv_l": 5,
  "mv_a": 0
 },
 "warp": "",
 "comp": ""
}