{
 "shapes": [
  {
   "baseVals": {
    "enabled": 0
   }
  },
  {
   "baseVals": {
    "enabled": 0
   }
  },
  {
   "baseVals": {
    "enabled": 0
   }
  },
  {
   "baseVals": {
    "enabled": 0
   }
  }
 ],
 "waves": [
  {
   "baseVals": {},
   "init_eqs_str": " ",
   "frame_eqs_str": "",
   "point_eqs_str": ""
  },
  {
   "baseVals": {},
   "init_eqs_str": " ",
   "frame_eqs_str": "",
   "point_eqs_str": ""
  },
  {
   "baseVals": {},
   "init_eqs_str": " ",
   "frame_eqs_str": "",
   "point_eqs_str": ""
  },
  {
   "baseVals": {},
   "init_eqs_str": " ",
   "frame_eqs_str": "",
   "point_eqs_str": ""
  }
 ],
 "init_eqs_str": "",
 "frame_eqs_str": "a['wave_y']=(a['wave_y']+(0.150*((0.60*Math.sin((1.742*a['bass'])))+(0.35*Math.sin((1.921*a['time'])))))); a['wave_x']=(a['wave_x']+(0.150*((0.60*Math.sin((2.111*a['time'])))+(0.35*Math.sin((1.111*a['time'])))))); a['wave_mystery']=((a['wave_mystery']+(0.05*Math.sin((5.1*a['time']))))+(0.04*Math.sin((4.5*a['time'])))); a['wave_r']=(a['wave_r']+(0.5*Math.sin((1.11*a['time'])))); a['wave_b']=(a['wave_b']+(0.5*Math.sin((1.3*a['time'])))); a['wave_g']=(a['wave_g']+(0.5*Math.sin((1.2*a['time'])))); a['dx']=(a['dx']+(0.01*Math.sin((5*a['time'])))); a['dy']=(a['dy']+(0.01*Math.sin((10*a['time'])))); a['dx']=(a['dx']+(0.01*Math.sin(a['time']))); a['dy']=(a['dy']+(0.01*Math.sin(a['time']))); a['zoom']=(a['zoom']+(0.05*Math.sin(a['mid']))); a['rot']=(a['rot']+(0.005*Math.sin(a['bass']))); a['cx']=(a['cx']+(0.25*Math.sin((1*a['bass'])))); a['cy']=(a['cy']+(0.25*Math.cos((1*a['treb']))));",
 "pixel_eqs_str": "",
 "baseVals": {
  "rating": 3,
  "gammaadj": 3.800001,
  "decay": 0.99,
  "echo_zoom": 0.99663,
  "echo_alpha": 1,
  "echo_orient": 2,
  "wave_mode": 1,
  "wave_dots": 1,
  "wrap": 0,
  "brighten": 1,
  "solarize": 1,
  "wave_a": 4.099998,
  "wave_scale": 0.499722,
  "wave_smoothing": 0.9,
  "wave_mystery": -1,
  "modwavealphastart": 0.6,
  "modwavealphaend": 1.2,
  "warpscale": 1.331,
  "zoomexp": 1.000157,
  "zoom": 0.994554,
  "warp": 0.01,
  "wave_r": 0.5,
  "wave_g": 0.6,
  "wave_b": 0.45,
  "ob_size": 0,
  "ob_r": 0.01,
  "ob_a": 1,
  "ib_size": 0.26,
  "mv_a": 0
 },
 "warp": "",
 "comp": ""
}