{
 "shapes": [
  {
   "baseVals": {
    "enabled": 1,
    "bdrawback": 0,
    "x_wrap_mode": 0,
    "y_wrap_mode": 0,
    "textured": 1,
    "tex_capture": 1,
    "tex_cx": 0.5,
    "tex_cy": 0.5,
    "y": 1.8
   },
   "init_eqs_str": " ",
   "frame_eqs_str": ""
  },
  {
   "baseVals": {
    "enabled": 1,
    "bdrawback": 0,
    "x_wrap_mode": 0,
    "y_wrap_mode": 0,
    "textured": 1,
    "tex_capture": 1,
    "tex_cx": 0.5,
    "tex_cy": 0.5,
    "y": 1.8
   },
   "init_eqs_str": " ",
   "frame_eqs_str": ""
  },
  {
   "baseVals": {
    "enabled": 1,
    "bdrawback": 0,
    "x_wrap_mode": 0,
    "y_wrap_mode": 0,
    "textured": 1,
    "tex_capture": 1,
    "tex_cx": 0.5,
    "tex_cy": 0.5,
    "y": 1.8
   },
   "init_eqs_str": " ",
   "frame_eqs_str": ""
  },
  {
   "baseVals": {
    "enabled": 0
   }
  }
 ],
 "waves": [
  {
   "baseVals": {
    "enabled": 0
   }
  },
  {
   "baseVals": {
    "enabled": 0
   }
  },
  {
   "baseVals": {
    "enabled": 0
   }
  },
  {
   "baseVals": {
    "enabled": 0
   }
  }
 ],
 "init_eqs_str": "a['thresh'] = 0; a['dx_r'] = 0;",
 "frame_eqs_str": "a['wave_r']=(a['wave_r']+(0.500*((0.60*Math.tan((0.933*a['time'])))+(0.40*Math.tan((1.045*a['time'])))))); a['wave_g']=(a['wave_g']+(0.500*((0.60*Math.tan((0.909*a['time'])))+(0.40*Math.tan((0.956*a['time'])))))); a['wave_b']=(a['wave_b']+(0.500*((0.60*Math.tan((0.910*a['time'])))+(0.40*Math.tan((0.992*a['time'])))))); a['ob_r']=a['wave_g']; a['ob_b']=a['wave_r']; a['ob_g']=a['wave_b']; a['ib_r']=Math.abs((1-a['ob_r'])); a['ib_b']=Math.abs((1-a['ob_b'])); a['ib_g']=Math.abs((1-a['ob_g']));",
 "pixel_eqs_str": "a['thresh']=((above(a['bass_att'], a['thresh'])*2)+((1-above(a['bass_att'], a['thresh']))*(((a['thresh']-1.3)*0.96)+1.3))); a['dx_r']=(((equal(a['thresh'], 2)*0.015)*Math.tan((5*a['time'])))+((1-equal(a['thresh'], 2))*a['dx_r'])); a['dx_r']=(((equal(a['thresh'], 2)*0.015)*Math.tan((6*a['time'])))+((1-equal(a['thresh'], 2))*a['dx_r'])); a['zoom']=(a['zoom']-(1.4*((2*a['dx_r'])*((1.5*((Math.tan((1.2*a['time']))-a['rad'])*Math.tan((12*a['ang']))))*2)))); a['sy']=(a['sy']+(2.4*((2*a['dx_r'])*((1.5*((Math.tan((0.2*a['time']))-a['rad'])*Math.tan((6*a['rad']))))*2)))); a['sx']=(a['sx']+(2.4*((2*a['dx_r'])*((1.5*((Math.tan((0.2*a['time']))-a['rad'])*Math.tan((6*a['rad']))))*2)))); a['zoom']=(a['zoom']-(1.4*((2*a['dx_r'])*((1.5*((Math.tan((1.2*a['time']))-a['rad'])*Math.tan((12*a['ang']))))*2)))); a['rot']=(a['rot']+(3*Math.tan((a['dx_r']*((2.5*((Math.tan(a['time'])*0.5)-(a['rad']*Math.tan((2*a['rad'])))))*a['bass_att'])))));",
 "baseVals": {
  "rating": 1,
  "gammaadj": 1.7,
  "echo_zoom": 0.999608,
  "echo_alpha": 0.5,
  "echo_orient": 3,
  "nechowrap_x": 0,
  "nechowrap_y": 0,
  "wave_mode": 5,
  "nwrapmode_x": 1,
  "nwrapmode_y": 1,
  "wave_a": 7.523882,
  "wave_scale": 0.655465,
  "wave_smoothing": 0.5,
  "wave_mystery": 0.3,
  "warpscale": 2.853,
  "zoomexp": 1.000157,
  "fshader": 1,
  "zoom": 1.000343,
  "warp": 0,
  "wave_r": 0.5,
  "wave_g": 0.5,
  "wave_b": 0.5,
  "ob_a": 0.5,
  "ib_r": 0,
  "ib_g": 0,
  "ib_b": 0.2,
  "ib_a": 0.5,
  "mv_a": 0
 },
 "warp": "",
 "comp": ""
}