{
 "shapes": [
  {
   "baseVals": {
    "enabled": 0
   }
  },
  {
   "baseVals": {
    "enabled": 0
   }
  },
  {
   "baseVals": {
    "enabled": 0
   }
  },
  {
   "baseVals": {
    "enabled": 0
   }
  }
 ],
 "waves": [
  {
   "baseVals": {},
   "init_eqs_str": " ",
   "frame_eqs_str": "",
   "point_eqs_str": ""
  },
  {
   "baseVals": {},
   "init_eqs_str": " ",
   "frame_eqs_str": "",
   "point_eqs_str": ""
  },
  {
   "baseVals": {},
   "init_eqs_str": " ",
   "frame_eqs_str": "",
   "point_eqs_str": ""
  },
  {
   "baseVals": {},
   "init_eqs_str": " ",
   "frame_eqs_str": "",
   "point_eqs_str": ""
  }
 ],
 "init_eqs_str": "a['turn'] = 0; a['dx_r'] = 0; a['dy_r'] = 0;",
 "frame_eqs_str": "a['wave_r']=(a['wave_r']+div((((0.5*Math.sin((12*a['treb'])))*3.12)*a['time']),5)); a['wave_b']=(a['wave_b']+div((((0.5*Math.sin((12*a['bass'])))*3.17)*a['time']),5)); a['wave_g']=(a['wave_g']+div((((0.5*Math.sin((12*a['mid'])))*3.22)*a['time']),5)); a['wave_x']=(a['wave_x']+(0.00*Math.sin((0.8*a['time'])))); a['wave_y']=(a['wave_y']+(0.00*Math.sin((0.5*a['time'])))); a['turn']=((above(a['bass_att'], a['turn'])*2)+((1-above(a['bass_att'], a['turn']))*(((a['turn']-1.3)*0.96)+1.3))); a['dx_r']=(((equal(a['turn'], 2)*0.016)*Math.sin((7*a['time'])))+((1-equal(a['turn'], 2))*a['dx_r'])); a['dy_r']=(((equal(a['turn'], 2)*0.013)*Math.sin((8*a['time'])))+((1-equal(a['turn'], 2))*a['dy_r'])); a['dx']=(a['dx']+(0.25*a['dx_r'])); a['dy']=(a['dy']+(0.25*a['dy_r']));",
 "pixel_eqs_str": "a['zoom']=(a['zoom']-((Math.abs(below(a['rad'], 0.65))>0.00001)?((0.05*a['bass_att'])):((-0.05*a['treb']))));",
 "baseVals": {
  "rating": 3,
  "gammaadj": 1,
  "decay": 1,
  "echo_zoom": 1.093684,
  "wave_thick": 1,
  "wave_brighten": 0,
  "wrap": 0,
  "wave_a": 100,
  "wave_scale": 0.250013,
  "wave_smoothing": 0,
  "wave_mystery": 0.4,
  "modwavealphastart": 0.5,
  "modwavealphaend": 1,
  "zoomexp": 2.084416,
  "dx": 0.00001,
  "dy": 0.00001,
  "warp": 0.01,
  "wave_r": 0.5,
  "wave_g": 0.5,
  "wave_b": 0.5,
  "ob_size": 0.005,
  "ob_a": 1,
  "ib_size": 0,
  "ib_r": 0.8,
  "ib_a": 1,
  "mv_x": 0,
  "mv_y": 0,
  "mv_l": 1,
  "mv_a": 0
 },
 "warp": "",
 "comp": ""
}