{
 "shapes": [
  {
   "baseVals": {
    "enabled": 0
   }
  },
  {
   "baseVals": {
    "enabled": 0
   }
  },
  {
   "baseVals": {
    "enabled": 0
   }
  },
  {
   "baseVals": {
    "enabled": 0
   }
  }
 ],
 "waves": [
  {
   "baseVals": {},
   "init_eqs_str": " ",
   "frame_eqs_str": "",
   "point_eqs_str": ""
  },
  {
   "baseVals": {},
   "init_eqs_str": " ",
   "frame_eqs_str": "",
   "point_eqs_str": ""
  },
  {
   "baseVals": {},
   "init_eqs_str": " ",
   "frame_eqs_str": "",
   "point_eqs_str": ""
  },
  {
   "baseVals": {},
   "init_eqs_str": " ",
   "frame_eqs_str": "",
   "point_eqs_str": ""
  }
 ],
 "init_eqs_str": "a['thresh'] = 0; a['dx_r'] = 0; a['dy_r'] = 0;",
 "frame_eqs_str": "a['wave_r']=((a['wave_r']+(0.25*Math.sin((1.4*a['time']))))+(0.25*Math.sin((2.25*a['time'])))); a['wave_g']=((a['wave_g']+(0.25*Math.sin((1.7*a['time']))))+(0.25*Math.sin((2.11*a['time'])))); a['wave_b']=((a['wave_b']+(0.25*Math.sin((1.84*a['time']))))+(0.25*Math.sin((2.3*a['time'])))); a['warp']=0; a['wave_x']=(a['wave_x']+(0.12*Math.sin(a['time']))); a['wave_y']=(a['wave_y']+(0.12*Math.sin((1.24*a['time']))));",
 "pixel_eqs_str": "a['thresh']=((above(a['bass_att'], a['thresh'])*2)+((1-above(a['bass_att'], a['thresh']))*(((a['thresh']-1.3)*0.96)+1.3))); a['dx_r']=(((equal(a['thresh'], 2)*0.015)*Math.sin((5*a['time'])))+((1-equal(a['thresh'], 2))*a['dx_r'])); a['dy_r']=(((equal(a['thresh'], 2)*0.015)*Math.sin((6*a['time'])))+((1-equal(a['thresh'], 2))*a['dy_r'])); a['zoom']=(a['zoom']-Math.abs((0.6*Math.sin(((Math.sin(((Math.cos(a['time'])+(0.5*Math.sin((1.6*a['bass']))))-(0.44*Math.cos((1.1*a['mid'])))))+Math.sin(-a['rad']))*(Math.sin(a['bass'])*(0.5-a['rad']))))))); a['zoom']=(a['zoom']+(0.02*(2-a['rad']))); a['dx']=(a['dx']+a['dx_r']); a['dy']=(a['dy']+a['dy_r']); a['dx']=(a['dx']+Math.abs((0.005*((1.2*Math.cos(((a['bass']*0.73)*a['time'])))+(1.2*Math.sin((((0.5-a['rad'])*2.1)*a['time']))))))); a['dy']=(a['dy']+Math.abs((0.005*((1.2*Math.sin(((a['bass']*0.73)*a['time'])))+(1.2*Math.cos((((0.5-a['rad'])*1.3)*a['time'])))))));",
 "baseVals": {
  "rating": 4,
  "gammaadj": 1,
  "decay": 0.99,
  "echo_zoom": 1,
  "echo_orient": 1,
  "wave_mode": 5,
  "wave_thick": 1,
  "wrap": 0,
  "wave_a": 100,
  "wave_scale": 1.074098,
  "wave_smoothing": 0.5,
  "modwavealphastart": 0.5,
  "modwavealphaend": 1,
  "zoomexp": 0.451117,
  "dx": 0.00001,
  "dy": 0.00001,
  "warp": 0.01,
  "wave_r": 0.5,
  "wave_g": 0.5,
  "wave_b": 0.5,
  "ob_size": 0.005,
  "ob_a": 1,
  "ib_size": 0,
  "ib_r": 0,
  "ib_g": 0,
  "ib_b": 0,
  "ib_a": 0.5,
  "mv_x": 0,
  "mv_y": 0,
  "mv_l": 1,
  "mv_a": 0
 },
 "warp": "",
 "comp": ""
}