{
 "shapes": [
  {
   "baseVals": {
    "enabled": 0
   }
  },
  {
   "baseVals": {
    "enabled": 0
   }
  },
  {
   "baseVals": {
    "enabled": 0
   }
  },
  {
   "baseVals": {
    "enabled": 0
   }
  }
 ],
 "waves": [
  {
   "baseVals": {},
   "init_eqs_str": " ",
   "frame_eqs_str": "",
   "point_eqs_str": ""
  },
  {
   "baseVals": {},
   "init_eqs_str": " ",
   "frame_eqs_str": "",
   "point_eqs_str": ""
  },
  {
   "baseVals": {},
   "init_eqs_str": " ",
   "frame_eqs_str": "",
   "point_eqs_str": ""
  },
  {
   "baseVals": {},
   "init_eqs_str": " ",
   "frame_eqs_str": "",
   "point_eqs_str": ""
  }
 ],
 "init_eqs_str": "a['thresh'] = 0; a['dx_r'] = 0; a['dy_r'] = 0; a['volt'] = 0;",
 "frame_eqs_str": "a['wave_r']=((a['wave_r']+(0.25*Math.sin((1.4*a['time']))))+(0.25*Math.sin((2.25*a['time'])))); a['wave_g']=((a['wave_g']+(0.25*Math.sin((1.7*a['time']))))+(0.25*Math.sin((2.11*a['time'])))); a['wave_b']=((a['wave_b']+(0.25*Math.sin((1.84*a['time']))))+(0.25*Math.sin((2.3*a['time'])))); a['warp']=0; a['cx']=(a['cx']+(0.15*Math.sin(a['time']))); a['cy']=(a['cy']+(0.15*Math.cos(a['time'])));",
 "pixel_eqs_str": "a['thresh']=((above(a['bass_att'], a['thresh'])*2)+((1-above(a['bass_att'], a['thresh']))*(((a['thresh']-1.3)*0.96)+1.3))); a['dx_r']=(((equal(a['thresh'], 2)*0.015)*Math.sin((5*a['time'])))+((1-equal(a['thresh'], 2))*a['dx_r'])); a['dy_r']=(((equal(a['thresh'], 2)*0.015)*Math.sin((6*a['time'])))+((1-equal(a['thresh'], 2))*a['dy_r'])); a['volt']=div(((a['treb_att']+a['mid_att'])+a['bass_att']),3); a['dx']=(a['dx']-((((2.5*above(a['x'], (0.5*Math.sin(a['time']))))*below(a['y'], (0.5*Math.sin(a['time']))))*a['dx_r'])*a['bass'])); a['dy']=(a['dy']-((((2.5*above(a['x'], (0.5*Math.sin((1.25*a['time'])))))*below(a['y'], (0.5*Math.sin((1.25*a['time'])))))*a['dy_r'])*a['bass'])); a['dx']=(a['dx']-((((2.5*below(a['x'], (0.5*Math.sin((1.18*a['time'])))))*below(a['y'], (0.5*Math.sin((1.18*a['time'])))))*a['dx_r'])*a['treb'])); a['dy']=(a['dy']-((((2.5*below(a['x'], (0.5*Math.cos((0.9*a['time'])))))*below(a['y'], (0.5*Math.cos((0.9*a['time'])))))*a['dy_r'])*a['treb'])); a['dx']=(a['dx']-((((2.5*above(a['x'], (0.5*Math.cos((1.1*a['time'])))))*above(a['y'], (0.5*Math.cos((1.1*a['time'])))))*a['dx_r'])*a['mid'])); a['dy']=(a['dy']-((((2.5*above(a['x'], (0.5*Math.sin((2.1*a['time'])))))*above(a['y'], (0.5*Math.sin((2.1*a['time'])))))*a['dy_r'])*a['mid'])); a['dx']=(a['dx']-((((2.5*below(a['x'], (0.5*Math.sin((0.5*a['time'])))))*above(a['y'], (0.5*Math.sin((0.5*a['time'])))))*a['dx_r'])*a['volt'])); a['dy']=(a['dy']-((((2.5*below(a['x'], (0.5*Math.cos(a['time']))))*above(a['y'], (0.5*Math.cos(a['time']))))*a['dy_r'])*a['volt'])); a['zoom']=(a['zoom']+0.025); a['zoomexp']=(a['zoomexp']-(0.05*a['bass_att'])); a['rot']=(a['rot']+((Math.sin((0.5*a['time']))-a['rad'])*0.5)); a['rot']=(a['rot']-(((0.5*Math.sin(a['time']))-a['rad'])*0.025));",
 "baseVals": {
  "rating": 4,
  "gammaadj": 1,
  "decay": 1,
  "echo_zoom": 1,
  "echo_orient": 1,
  "wave_mode": 2,
  "wave_thick": 1,
  "wave_a": 100,
  "wave_scale": 0.146815,
  "wave_smoothing": 0.5,
  "modwavealphastart": 0.5,
  "modwavealphaend": 1,
  "dx": 0.00001,
  "dy": 0.00001,
  "warp": 0.01,
  "wave_r": 0.5,
  "wave_g": 0.5,
  "wave_b": 0.5,
  "ob_a": 1,
  "ib_size": 0.005,
  "ib_r": 1,
  "ib_g": 0,
  "ib_b": 0,
  "ib_a": 0.5,
  "mv_x": 1,
  "mv_y": 48,
  "mv_a": 0
 },
 "warp": "",
 "comp": ""
}