{
 "shapes": [
  {
   "baseVals": {
    "enabled": 0
   }
  },
  {
   "baseVals": {
    "enabled": 0
   }
  },
  {
   "baseVals": {
    "enabled": 0
   }
  },
  {
   "baseVals": {
    "enabled": 0
   }
  }
 ],
 "waves": [
  {
   "baseVals": {},
   "init_eqs_str": " ",
   "frame_eqs_str": "",
   "point_eqs_str": ""
  },
  {
   "baseVals": {},
   "init_eqs_str": " ",
   "frame_eqs_str": "",
   "point_eqs_str": ""
  },
  {
   "baseVals": {},
   "init_eqs_str": " ",
   "frame_eqs_str": "",
   "point_eqs_str": ""
  },
  {
   "baseVals": {},
   "init_eqs_str": " ",
   "frame_eqs_str": "",
   "point_eqs_str": ""
  }
 ],
 "init_eqs_str": "a['thresh'] = 0; a['dx_r'] = 0; a['dy_r'] = 0;",
 "frame_eqs_str": "a['wave_r']=((a['wave_r']+(0.35*Math.sin((0.4*a['time']))))+(0.15*Math.sin((0.5*a['time'])))); a['wave_g']=((a['wave_g']+(0.35*Math.sin((0.7*a['time']))))+(0.15*Math.sin((0.11*a['time'])))); a['wave_b']=((a['wave_b']+(0.35*Math.sin((0.84*a['time']))))+(0.15*Math.sin((0.3*a['time'])))); a['warp']=(a['warp']+(0.5*((2.4*a['bass_att'])+(0.9*a['treb_att']))));",
 "pixel_eqs_str": "a['thresh']=((above(a['bass_att'], a['thresh'])*2)+((1-above(a['bass_att'], a['thresh']))*(((a['thresh']-1.3)*0.96)+1.3))); a['dx_r']=(((equal(a['thresh'], 2)*0.015)*Math.sin((5*a['time'])))+((1-equal(a['thresh'], 2))*a['dx_r'])); a['dy_r']=(((equal(a['thresh'], 2)*0.015)*Math.sin((6*a['time'])))+((1-equal(a['thresh'], 2))*a['dy_r'])); a['sx']=(a['sx']-(((Math.sin((0.5-(a['rad']*Math.sin(((1.2*a['rad'])-(2*a['dy_r']))))))*0.02)*a['rad'])*Math.sin(((1.3*a['time'])*Math.sin((1.2*a['time'])))))); a['sy']=(a['sy']-(((Math.sin((0.5-(a['rad']*Math.sin(((1.2*a['rad'])-(2*a['dx_r']))))))*0.02)*a['rad'])*Math.sin(((1.24*a['time'])*Math.sin((1.4*a['time'])))))); a['zoom']=((a['zoom']+(0.01*Math.sin((2*a['time']))))-(0.005*Math.sin((3*a['time'])))); a['sx']=(a['sx']-(((4.5*a['dy_r'])+(3.5*a['dx_r']))*Math.sin(a['time']))); a['sy']=(a['sy']-(((4.5*a['dx_r'])+(3.5*a['dy_r']))*Math.cos(a['time']))); a['dx']=(a['dx']+(0.002*a['sy'])); a['dy']=(a['dy']+(0.002*a['sx'])); a['sy']=(a['sy']+(2.5*a['dy_r'])); a['sx']=(a['sx']+(2.5*a['dx_r'])); a['dy']=(a['dy']+(((1.9*a['dy_r'])*Math.sin((1.2*a['time'])))*(0.25-a['rad']))); a['dx']=(a['dx']+(((1.9*a['dx_r'])*Math.cos((1.2*a['time'])))*(0.25-a['rad']))); a['rot']=(a['rot']+(0.84*((0.5+(0.25*Math.sin((2.11*a['time']))))-a['rad'])));",
 "baseVals": {
  "rating": 4,
  "gammaadj": 1,
  "decay": 1,
  "echo_zoom": 1,
  "echo_orient": 3,
  "wave_mode": 3,
  "wrap": 0,
  "wave_a": 100,
  "wave_scale": 1.186469,
  "wave_smoothing": 0,
  "wave_mystery": -0.5,
  "modwavealphastart": 0.5,
  "modwavealphaend": 1,
  "warpscale": 2.448622,
  "fshader": 1,
  "dx": 0.00001,
  "dy": 0.00001,
  "warp": 0.01,
  "wave_r": 0.5,
  "wave_g": 0.5,
  "wave_b": 0.5,
  "ob_size": 0.005,
  "ob_a": 1,
  "ib_size": 0.005,
  "ib_r": 0,
  "ib_g": 0,
  "ib_b": 0,
  "ib_a": 1,
  "mv_x": 0,
  "mv_y": 0,
  "mv_l": 1,
  "mv_a": 0
 },
 "warp": "",
 "comp": ""
}