{
 "shapes": [
  {
   "baseVals": {
    "enabled": 0
   }
  },
  {
   "baseVals": {
    "enabled": 0
   }
  },
  {
   "baseVals": {
    "enabled": 0
   }
  },
  {
   "baseVals": {
    "enabled": 0
   }
  }
 ],
 "waves": [
  {
   "baseVals": {
    "enabled": 1,
    "smoothing": 0.8,
    "r": 0.5,
    "g": 0,
    "b": 0,
    "a": 0.5
   },
   "init_eqs_str": " ",
   "frame_eqs_str": "",
   "point_eqs_str": ""
  },
  {
   "baseVals": {
    "enabled": 0
   }
  },
  {
   "baseVals": {
    "enabled": 0
   }
  },
  {
   "baseVals": {
    "enabled": 0
   }
  }
 ],
 "init_eqs_str": "a['tg3'] = 0; a['rg2'] = 0; a['pfdx_r'] = 0; a['pfthresh'] = 0; a['ocog'] = 0; a['thresh'] = 0; a['q1'] = 0; a['cog'] = 0; a['x'] = 0; a['dy_r'] = 0; a['tg2'] = 0; a['tg1'] = 0; a['rg3'] = 0; a['pfdy_r'] = 0; a['rg1'] = 0; a['q4'] = 0; a['xy1'] = 0; a['dx_r'] = 0; a['y'] = 0; a['q2'] = 0; a['xy2'] = 0;",
 "frame_eqs_str": "a['wave_r']=(a['wave_r']+(0.500*((0.60*Math.sin((1.933*a['time'])))+(0.40*Math.sin((1.045*a['time'])))))); a['wave_g']=(a['wave_g']+(0.500*((0.60*Math.sin((0.909*a['time'])))+(0.40*Math.sin((1.956*a['time'])))))); a['wave_b']=(a['wave_b']+(0.500*((0.60*Math.sin((2.910*a['time'])))+(0.40*Math.sin((0.992*a['time'])))))); a['xy1']=((a['x']*above(Math.sin(a['time']), 0))+(a['y']*below(Math.sin(a['time']), 0))); a['xy2']=((a['x']*below(Math.sin(a['time']), 0))+(a['y']*above(Math.sin(a['time']), 0))); a['q1']=a['xy1']; a['q2']=a['xy2']; a['thresh']=((above(a['bass_att'], a['thresh'])*2)+((1-above(a['bass_att'], a['thresh']))*(((a['thresh']-1.3)*0.96)+1.3))); a['dx_r']=(((equal(a['thresh'], 2)*0.015)*Math.sin((5*a['time'])))+((1-equal(a['thresh'], 2))*a['dx_r'])); a['dy_r']=(((equal(a['thresh'], 2)*0.015)*Math.sin((6*a['time'])))+((1-equal(a['thresh'], 2))*a['dy_r'])); a['echo_orient']=(a['echo_orient']+(50*a['dy_r'])); a['cog']=(a['ocog']+(0.005*(((a['bass']+a['bass_att'])+(a['bass']*a['bass_att']))-2))); a['ocog']=(below(a['cog'], 30000)*a['cog']); a['q4']=a['cog']; a['decay']=Math.min((0.995+Math.abs((0.05*Math.sin(a['time'])))), 1); a['pfthresh']=((above(a['bass_att'], a['pfthresh'])*2)+((1-above(a['bass_att'], a['pfthresh']))*(((a['pfthresh']-1.3)*0.96)+1.3))); a['pfdx_r']=(((equal(a['pfthresh'], 2)*0.015)*Math.sin((5*a['time'])))+((1-equal(a['pfthresh'], 2))*a['pfdx_r'])); a['pfdy_r']=(((equal(a['pfthresh'], 2)*0.015)*Math.sin((6*a['time'])))+((1-equal(a['pfthresh'], 2))*a['pfdy_r'])); a['rg1']=Math.abs(Math.sin((1.3*a['q4']))); a['rg2']=((0*above(a['rg1'], 0.5))+(1*below(a['rg1'], 0.5))); a['rg3']=((Math.abs(equal(a['pfthresh'], 2))>0.00001)?(a['rg2']):(a['rg3'])); a['invert']=a['rg3']; a['darken']=(1-a['invert']); a['brighten']=a['invert'];",
 "pixel_eqs_str": "a['thresh']=((above(a['bass_att'], a['thresh'])*2)+((1-above(a['bass_att'], a['thresh']))*(((a['thresh']-1.3)*0.96)+1.3))); a['dx_r']=(((equal(a['thresh'], 2)*0.015)*Math.sin((5*a['time'])))+((1-equal(a['thresh'], 2))*a['dx_r'])); a['dy_r']=(((equal(a['thresh'], 2)*0.015)*Math.sin((6*a['time'])))+((1-equal(a['thresh'], 2))*a['dy_r'])); a['zoom']=(a['zoom']+Math.abs((0.05*(((3*(0.5-a['rad']))*a['bass_att'])*4)))); a['zoom']=(a['zoom']+((Math.abs(above(a['bass_att'], 1.2))>0.00001)?((0.06*Math.sin((24*a['time'])))):(0))); a['thresh']=((above(a['bass_att'], a['thresh'])*2)+((1-above(a['bass_att'], a['thresh']))*(((a['thresh']-1.3)*0.96)+1.3))); a['dx_r']=(((equal(a['thresh'], 2)*0.015)*Math.sin((5*a['time'])))+((1-equal(a['thresh'], 2))*a['dx_r'])); a['dy_r']=(((equal(a['thresh'], 2)*0.015)*Math.sin((6*a['time'])))+((1-equal(a['thresh'], 2))*a['dy_r'])); a['tg1']=Math.abs(Math.sin((1.32*a['q4']))); a['tg2']=(((8*above(a['tg1'], 0.75))+(12*below(a['tg1'], 0.25)))+((16*above(a['tg1'], 0.25))*below(a['tg1'], 0.5))); ((24*above(a['tg1'], 0.5))*below(a['tg1'], 0.75)) a['tg3']=((Math.abs(equal(a['thresh'], 2))>0.00001)?(a['tg2']):(a['tg3'])); a['zoom']=(a['zoom']+Math.abs(((7*a['rad'])*a['dx_r']))); a['dx']=(a['dx']+((a['dx_r']*Math.sin(Math.sin((3+(a['tg3']*a['y'])))))*Math.sin((3+(a['tg3']*a['x']))))); a['dy']=(a['dy']+((a['dy_r']*Math.sin(Math.sin((3+(a['tg3']*a['y'])))))*Math.sin((3+(a['tg3']+a['x'])))));",
 "baseVals": {
  "rating": 1,
  "gammaadj": 1,
  "decay": 1,
  "echo_zoom": 0.741632,
  "echo_orient": 2,
  "wave_mode": 5,
  "wrap": 0,
  "wave_a": 11.202061,
  "wave_scale": 0.9759,
  "wave_smoothing": 0.9,
  "wave_mystery": -0.5,
  "warpscale": 2.853,
  "zoom": 1.000343,
  "warp": 0,
  "wave_r": 0.5,
  "wave_g": 0.5,
  "wave_b": 0.5,
  "ob_size": 0,
  "ob_a": 1,
  "ib_size": 0.005,
  "ib_r": 0,
  "ib_g": 0,
  "ib_b": 0,
  "mv_a": 0
 },
 "warp": "",
 "comp": ""
}