{
 "shapes": [
  {
   "baseVals": {
    "enabled": 0
   }
  },
  {
   "baseVals": {
    "enabled": 0
   }
  },
  {
   "baseVals": {
    "enabled": 0
   }
  },
  {
   "baseVals": {
    "enabled": 0
   }
  }
 ],
 "waves": [
  {
   "baseVals": {},
   "init_eqs_str": " ",
   "frame_eqs_str": "",
   "point_eqs_str": ""
  },
  {
   "baseVals": {},
   "init_eqs_str": " ",
   "frame_eqs_str": "",
   "point_eqs_str": ""
  },
  {
   "baseVals": {},
   "init_eqs_str": " ",
   "frame_eqs_str": "",
   "point_eqs_str": ""
  },
  {
   "baseVals": {},
   "init_eqs_str": " ",
   "frame_eqs_str": "",
   "point_eqs_str": ""
  }
 ],
 "init_eqs_str": "a['thresh'] = 0; a['dx_r'] = 0; a['dy_r'] = 0;",
 "frame_eqs_str": "a['wave_r']=((a['wave_r']+(0.35*Math.sin((4*a['time']))))+(0.15*Math.sin((2.5*a['time'])))); a['wave_g']=((a['wave_g']+(0.35*Math.sin((3.7*a['time']))))+(0.15*Math.sin((2.11*a['time'])))); a['wave_b']=((a['wave_b']+(0.35*Math.sin((3.84*a['time']))))+(0.15*Math.sin((2.3*a['time'])))); a['ib_r']=a['wave_r']; a['ib_g']=a['wave_g']; a['ib_b']=a['wave_b'];",
 "pixel_eqs_str": "a['thresh']=((above(a['bass_att'], a['thresh'])*2)+((1-above(a['bass_att'], a['thresh']))*(((a['thresh']-1.3)*0.96)+1.3))); a['dx_r']=(((equal(a['thresh'], 2)*0.015)*Math.sin((5*a['time'])))+((1-equal(a['thresh'], 2))*a['dx_r'])); a['dy_r']=(((equal(a['thresh'], 2)*0.015)*Math.sin((6*a['time'])))+((1-equal(a['thresh'], 2))*a['dy_r'])); a['dx']=(a['dx']+((0.03975*pow(a['rad'], (a['x']*2)))*Math.sin(a['time']))); a['dy']=(a['dy']+((0.03975*pow(a['rad'], (a['x']*2)))*Math.cos(a['time']))); a['zoom']=(a['zoom']-((0.125*pow(a['rad'], (a['x']*6)))*Math.cos((a['ang']*6)))); a['rot']=(a['rot']-((0.25*(((0.75*Math.sin((1.25*a['time'])))*pow(a['rad'], a['x']))*Math.sin((1.45*a['time']))))*Math.sin(a['time'])));",
 "baseVals": {
  "rating": 3,
  "gammaadj": 1,
  "decay": 1,
  "echo_zoom": 1.220183,
  "echo_alpha": 0.4,
  "echo_orient": 3,
  "wave_mode": 5,
  "wave_dots": 1,
  "wave_brighten": 0,
  "wrap": 0,
  "wave_a": 0.785805,
  "wave_scale": 0.796894,
  "wave_smoothing": 0,
  "modwavealphastart": 0.5,
  "modwavealphaend": 1,
  "fshader": 1,
  "dx": 0.00001,
  "dy": 0.00001,
  "warp": 0.01,
  "wave_r": 0.5,
  "wave_g": 0.5,
  "wave_b": 0.5,
  "ob_size": 0,
  "ob_r": 0.5,
  "ob_g": 0.1,
  "ob_b": 0.2,
  "ob_a": 0.5,
  "ib_size": 0.005,
  "ib_r": 0,
  "ib_g": 0,
  "ib_b": 0,
  "ib_a": 0.5,
  "mv_x": 0,
  "mv_y": 0,
  "mv_l": 1,
  "mv_a": 0
 },
 "warp": "",
 "comp": ""
}