{
 "shapes": [
  {
   "baseVals": {
    "enabled": 0
   }
  },
  {
   "baseVals": {
    "enabled": 0
   }
  },
  {
   "baseVals": {
    "enabled": 0
   }
  },
  {
   "baseVals": {
    "enabled": 0
   }
  }
 ],
 "waves": [
  {
   "baseVals": {},
   "init_eqs_str": " ",
   "frame_eqs_str": "",
   "point_eqs_str": ""
  },
  {
   "baseVals": {},
   "init_eqs_str": " ",
   "frame_eqs_str": "",
   "point_eqs_str": ""
  },
  {
   "baseVals": {},
   "init_eqs_str": " ",
   "frame_eqs_str": "",
   "point_eqs_str": ""
  },
  {
   "baseVals": {},
   "init_eqs_str": " ",
   "frame_eqs_str": "",
   "point_eqs_str": ""
  }
 ],
 "init_eqs_str": "a['thresh'] = 0; a['dx_r'] = 0; a['dy_r'] = 0; a['m1'] = 0; a['m2'] = 0; a['m3'] = 0;",
 "frame_eqs_str": "a['wave_r']=((a['wave_r']+(0.35*Math.sin((4*a['time']))))+(0.15*Math.sin((2.5*a['time'])))); a['wave_g']=((a['wave_g']+(0.35*Math.sin((3.7*a['time']))))+(0.15*Math.sin((2.11*a['time'])))); a['wave_b']=((a['wave_b']+(0.35*Math.sin((3.84*a['time']))))+(0.15*Math.sin((2.3*a['time'])))); a['ob_r']=a['wave_r']; a['ob_g']=a['wave_g']; a['ob_b']=a['wave_b']; a['zoom']=(a['zoom']-0.02);",
 "pixel_eqs_str": "a['thresh']=((above(a['bass_att'], a['thresh'])*2)+((1-above(a['bass_att'], a['thresh']))*(((a['thresh']-1.3)*0.96)+1.3))); a['dx_r']=(((equal(a['thresh'], 2)*0.015)*Math.sin((5*a['time'])))+((1-equal(a['thresh'], 2))*a['dx_r'])); a['dy_r']=(((equal(a['thresh'], 2)*0.015)*Math.sin((6*a['time'])))+((1-equal(a['thresh'], 2))*a['dy_r'])); a['m1']=(2*Math.sin((1.25*a['time']))); a['m2']=(1.25*Math.sin((4*a['time']))); a['m3']=(5*Math.sin((0.33*a['time']))); a['sx']=(a['sx']+(((Math.abs(above(a['m1'], a['m2']))>0.00001)?(((Math.abs(above(a['m1'], a['m3']))>0.00001)?(a['dx_r']):(-a['dx_r']))):((a['dx_r']*1.75)))*(0.75-a['rad']))); a['sy']=(a['sy']+(((Math.abs(above(a['m2'], a['m3']))>0.00001)?(((Math.abs(above(a['m3'], a['m1']))>0.00001)?(a['dy_r']):((a['dy_r']*1.5)))):((a['dy_r']*0.75)))*(0.75-a['rad']))); a['dx']=(a['dx']+(((Math.abs(above(a['m2'], a['m1']))>0.00001)?(((Math.abs(below(a['m1'], a['m3']))>0.00001)?(a['dx_r']):((a['dx_r']*0.66)))):((a['dx_r']*1.8)))*(0.75-a['rad']))); a['dy']=(a['dy']+(((Math.abs(above(a['m3'], a['m1']))>0.00001)?(((Math.abs(below(a['m2'], a['m3']))>0.00001)?(-a['dy_r']):((a['dy_r']*1.25)))):((a['dy_r']*0.8)))*(0.75-a['rad'])));",
 "baseVals": {
  "rating": 4,
  "gammaadj": 1,
  "decay": 0.97,
  "echo_zoom": 1,
  "echo_orient": 1,
  "wave_brighten": 0,
  "wrap": 0,
  "wave_a": 100,
  "wave_scale": 0.655694,
  "wave_smoothing": 0,
  "wave_mystery": -0.5,
  "modwavealphastart": 0.5,
  "modwavealphaend": 1,
  "dx": 0.00001,
  "dy": 0.00001,
  "warp": 0.01,
  "ob_size": 0.015,
  "ob_a": 1,
  "ib_size": 0.005,
  "ib_r": 1,
  "ib_g": 0,
  "ib_b": 0,
  "mv_x": 64,
  "mv_y": 48,
  "mv_l": 0,
  "mv_a": 0
 },
 "warp": "",
 "comp": ""
}