{
 "shapes": [
  {
   "baseVals": {
    "enabled": 0
   }
  },
  {
   "baseVals": {
    "enabled": 0
   }
  },
  {
   "baseVals": {
    "enabled": 0
   }
  },
  {
   "baseVals": {
    "enabled": 0
   }
  }
 ],
 "waves": [
  {
   "baseVals": {},
   "init_eqs_str": " ",
   "frame_eqs_str": "",
   "point_eqs_str": ""
  },
  {
   "baseVals": {},
   "init_eqs_str": " ",
   "frame_eqs_str": "",
   "point_eqs_str": ""
  },
  {
   "baseVals": {},
   "init_eqs_str": " ",
   "frame_eqs_str": "",
   "point_eqs_str": ""
  },
  {
   "baseVals": {},
   "init_eqs_str": " ",
   "frame_eqs_str": "",
   "point_eqs_str": ""
  }
 ],
 "init_eqs_str": "a['treb_tick'] = 0; a['bass_shift'] = 0; a['thresh'] = 0; a['dy_r'] = 0; a['bass_tick'] = 0; a['mid_tick'] = 0; a['dx_r'] = 0; a['treb_shift'] = 0; a['mid_shift'] = 0;",
 "frame_eqs_str": "a['bass_tick']=((above(a['bass_att'], a['bass_tick'])*2)+((1-above(a['bass_att'], a['bass_tick']))*(((a['bass_tick']-1.3)*0.96)+1.3))); a['treb_tick']=((above(a['treb_att'], a['treb_tick'])*2)+((1-above(a['treb_att'], a['treb_tick']))*(((a['treb_tick']-1.3)*0.96)+1.3))); a['mid_tick']=((above(a['mid_att'], a['mid_tick'])*2)+((1-above(a['mid_att'], a['mid_tick']))*(((a['mid_tick']-1.3)*0.96)+1.3))); a['bass_shift']=(((equal(a['bass_tick'], 2)*0.95)*Math.sin((a['time']*5)))+((1-equal(a['bass_tick'], 2))*a['bass_shift'])); a['treb_shift']=(((equal(a['treb_tick'], 2)*0.95)*Math.sin((a['time']*5)))+((1-equal(a['treb_tick'], 2))*a['treb_shift'])); a['mid_shift']=(((equal(a['mid_tick'], 2)*0.95)*Math.sin((a['time']*5)))+((1-equal(a['mid_tick'], 2))*a['mid_shift'])); a['wave_r']=(a['wave_r']+a['bass_shift']); a['wave_g']=(a['wave_g']+a['treb_shift']); a['wave_b']=(a['wave_b']+a['mid_shift']); a['mv_r']=(a['mv_r']+a['treb_shift']); a['mv_g']=(a['mv_g']+a['mid_shift']); a['mv_b']=(a['mv_b']+a['bass_shift']);",
 "pixel_eqs_str": "a['thresh']=((above(a['bass_att'], a['thresh'])*2)+((1-above(a['bass_att'], a['thresh']))*(((a['thresh']-1.3)*0.96)+1.3))); a['dx_r']=(((equal(a['thresh'], 2)*0.015)*Math.sin((5*a['time'])))+((1-equal(a['thresh'], 2))*a['dx_r'])); a['dy_r']=(((equal(a['thresh'], 2)*0.015)*Math.sin((6*a['time'])))+((1-equal(a['thresh'], 2))*a['dy_r'])); a['zoom']=(a['zoom']+((0.3*((0.75*Math.sin((0.1*a['bass'])))-a['rad']))*((3*a['bass'])-(3*a['treb']))));",
 "baseVals": {
  "rating": 3,
  "gammaadj": 1,
  "decay": 1,
  "echo_zoom": 1,
  "echo_orient": 1,
  "wave_mode": 3,
  "wave_dots": 1,
  "wave_brighten": 0,
  "wave_a": 100,
  "wave_scale": 0.591236,
  "wave_smoothing": 0.5,
  "modwavealphastart": 0.5,
  "modwavealphaend": 1,
  "dx": 0.00001,
  "dy": 0.00001,
  "warp": 0.01,
  "wave_r": 0.2,
  "wave_g": 0.2,
  "wave_b": 0.2,
  "ob_size": 0.005,
  "ob_a": 1,
  "ib_size": 0.005,
  "ib_r": 0,
  "ib_g": 0,
  "ib_b": 0,
  "mv_x": 19.199999,
  "mv_y": 14.4,
  "mv_l": 1,
  "mv_a": 0.5
 },
 "warp": "",
 "comp": ""
}