{
 "shapes": [
  {
   "baseVals": {
    "enabled": 0
   }
  },
  {
   "baseVals": {
    "enabled": 0
   }
  },
  {
   "baseVals": {
    "enabled": 0
   }
  },
  {
   "baseVals": {
    "enabled": 0
   }
  }
 ],
 "waves": [
  {
   "baseVals": {},
   "init_eqs_str": " ",
   "frame_eqs_str": "",
   "point_eqs_str": ""
  },
  {
   "baseVals": {},
   "init_eqs_str": " ",
   "frame_eqs_str": "",
   "point_eqs_str": ""
  },
  {
   "baseVals": {},
   "init_eqs_str": " ",
   "frame_eqs_str": "",
   "point_eqs_str": ""
  },
  {
   "baseVals": {},
   "init_eqs_str": " ",
   "frame_eqs_str": "",
   "point_eqs_str": ""
  }
 ],
 "init_eqs_str": "a['volt'] = 0;",
 "frame_eqs_str": "a['wave_r']=1; a['wave_b']=0; a['wave_g']=0.5; a['decay']=1; a['dy']=(a['dy']-0.005);",
 "pixel_eqs_str": "a['volt']=div(((a['bass']*a['mid'])*a['treb']),3); a['warp']=(a['warp']+((Math.abs(above(a['x'], (0.45+(0.6*Math.sin(div((3*a['time']),a['volt']))))))>0.00001)?(((Math.abs(below(a['x'], (0.55+(0.6*Math.sin(div((3*a['time']),a['volt']))))))>0.00001)?(((Math.abs(below(a['y'], 0.75))>0.00001)?(((Math.abs(above(a['rad'], 0.0))>0.00001)?((1+(0.3*Math.sin(a['bass'])))):(0))):(0))):(0))):(0))); a['sy']=(a['sy']+((Math.abs(above(a['y'], (0.49+(0.38*Math.sin(div((3*a['time']),a['volt']))))))>0.00001)?(((Math.abs(below(a['y'], (0.51+(0.38*Math.sin(div((3*a['time']),a['volt']))))))>0.00001)?(((Math.abs(below(a['rad'], 1))>0.00001)?((-0.03*Math.sin(a['bass']))):(0))):(0))):(0))); a['dy']=(a['dy']+((Math.abs(above(a['x'], (0.45+(0.6*Math.sin((1.11*a['time']))))))>0.00001)?(((Math.abs(below(a['x'], (0.55+(0.6*Math.sin((1.11*a['time']))))))>0.00001)?(((Math.abs(above(a['y'], (0.45+(0.6*Math.sin((1.5*a['time']))))))>0.00001)?(((Math.abs(below(a['y'], (0.55+(0.6*Math.sin((1.5*a['time']))))))>0.00001)?(((Math.abs(below(a['y'], 0.75))>0.00001)?((-0.02*Math.sin(a['time']))):(0))):(0))):(0))):(0))):(0)));",
 "baseVals": {
  "rating": 3,
  "gammaadj": 1,
  "decay": 1,
  "echo_zoom": 2.006761,
  "wave_mode": 4,
  "wave_thick": 1,
  "wave_brighten": 0,
  "wrap": 0,
  "wave_a": 100,
  "wave_scale": 0.20026,
  "wave_smoothing": 0.9,
  "modwavealphastart": 0.5,
  "modwavealphaend": 1,
  "warpanimspeed": 100,
  "warpscale": 100,
  "fshader": 1,
  "dx": 0.00001,
  "dy": 0.00001,
  "warp": 0.01,
  "wave_g": 0,
  "wave_b": 0,
  "wave_y": 0.19,
  "ob_size": 0.005,
  "ob_a": 1,
  "ib_size": 0.5,
  "ib_r": 1,
  "ib_g": 1,
  "ib_b": 1,
  "mv_x": 64,
  "mv_y": 48,
  "mv_l": 1,
  "mv_r": 0.5,
  "mv_b": 0,
  "mv_a": 0
 },
 "warp": "",
 "comp": ""
}