{
 "shapes": [
  {
   "baseVals": {
    "enabled": 0
   }
  },
  {
   "baseVals": {
    "enabled": 0
   }
  },
  {
   "baseVals": {
    "enabled": 0
   }
  },
  {
   "baseVals": {
    "enabled": 0
   }
  }
 ],
 "waves": [
  {
   "baseVals": {},
   "init_eqs_str": " ",
   "frame_eqs_str": "",
   "point_eqs_str": ""
  },
  {
   "baseVals": {},
   "init_eqs_str": " ",
   "frame_eqs_str": "",
   "point_eqs_str": ""
  },
  {
   "baseVals": {},
   "init_eqs_str": " ",
   "frame_eqs_str": "",
   "point_eqs_str": ""
  },
  {
   "baseVals": {},
   "init_eqs_str": " ",
   "frame_eqs_str": "",
   "point_eqs_str": ""
  }
 ],
 "init_eqs_str": "",
 "frame_eqs_str": "a['wave_x']=(0.5+(0.3*Math.sin((0.75*a['time'])))); a['wave_y']=(0.5+(0.3*Math.cos((0.75*a['time']))));",
 "pixel_eqs_str": "a['dx']=(a['dx']+(((Math.sin(a['rad'])*0.05)*0.6)*Math.sin((1.2255*a['time'])))); a['dy']=(a['dy']+(((Math.sin(a['rad'])*0.05)*0.6)*Math.cos((1.435*a['time'])))); a['rot']=(a['rot']+(above(a['dx'], a['dy'])*0.04)); a['zoom']=(a['zoom']-(above(a['dx'], a['dy'])*0.04));",
 "baseVals": {
  "rating": 2,
  "gammaadj": 1,
  "echo_zoom": 1,
  "echo_orient": 1,
  "wave_dots": 1,
  "wave_brighten": 0,
  "wave_a": 0.45916,
  "wave_scale": 0.168759,
  "wave_smoothing": 0.9,
  "wave_mystery": -0.34,
  "modwavealphastart": 0.5,
  "modwavealphaend": 1,
  "dx": 0.00001,
  "dy": 0.00001,
  "warp": 0.01,
  "wave_x": 0.1,
  "wave_y": 0.9,
  "ob_size": 0.07,
  "ob_r": 0.5,
  "ob_a": 0.6,
  "ib_size": 0.05,
  "ib_r": 0,
  "ib_g": 1,
  "ib_b": 0,
  "ib_a": 0.6,
  "mv_x": 0,
  "mv_y": 0,
  "mv_l": 1,
  "mv_a": 0
 },
 "warp": "",
 "comp": ""
}