{
 "shapes": [
  {
   "baseVals": {
    "enabled": 0
   }
  },
  {
   "baseVals": {
    "enabled": 0
   }
  },
  {
   "baseVals": {
    "enabled": 0
   }
  },
  {
   "baseVals": {
    "enabled": 0
   }
  }
 ],
 "waves": [
  {
   "baseVals": {},
   "init_eqs_str": " ",
   "frame_eqs_str": "",
   "point_eqs_str": ""
  },
  {
   "baseVals": {},
   "init_eqs_str": " ",
   "frame_eqs_str": "",
   "point_eqs_str": ""
  },
  {
   "baseVals": {},
   "init_eqs_str": " ",
   "frame_eqs_str": "",
   "point_eqs_str": ""
  },
  {
   "baseVals": {},
   "init_eqs_str": " ",
   "frame_eqs_str": "",
   "point_eqs_str": ""
  }
 ],
 "init_eqs_str": "",
 "frame_eqs_str": "a['wave_b']=2; a['wave_r']=-0.1; a['wave_g']=-0.1; a['wave_x']=(a['wave_x']+(0.25*Math.sin((1.934*a['time'])))); a['wave_y']=(a['wave_y']+(0.25*Math.sin((2.156*a['time'])))); a['wave_mystery']=(a['wave_mystery']+((Math.abs(above(a['bass'], 0.1))>0.00001)?((0.001+(0.5*Math.sin((0.01*a['time']))))):(-0.5))); a['mv_l']=(a['mv_l']+a['bass']); a['zoom']=(a['zoom']+((Math.abs(below(a['bass'], 1))>0.00001)?(-0.04):(0.02))); a['zoom']=(a['zoom']-(0.02*Math.sin(a['bass'])));",
 "pixel_eqs_str": "a['rot']=(a['rot']-((8*Math.atan((0.008*a['rad'])))*Math.sin((0.0001*a['time'])))); a['dx']=(a['dx']+((Math.abs(below(a['y'], Math.sin(div(a['time'],a['x']))))>0.00001)?((-0.008*Math.sin(a['bass']))):(0))); a['dy']=(a['dy']+((Math.abs(below(a['y'], Math.sin(div(a['time'],a['x']))))>0.00001)?((-0.008*Math.sin(a['bass']))):(0))); a['dx']=(a['dx']+((Math.abs(above(a['y'], Math.sin(div(a['time'],a['x']))))>0.00001)?((0.008*Math.sin(a['bass']))):(0))); a['dy']=(a['dy']+((Math.abs(above(a['y'], Math.sin(div(a['time'],a['x']))))>0.00001)?((0.008*Math.sin(a['bass']))):(0))); a['sy']=(a['sy']+((Math.abs(above(a['rad'], 0.8))>0.00001)?(0.05):(0))); a['sx']=(a['sx']+((Math.abs(above(a['rad'], 0.8))>0.00001)?(0.05):(0)));",
 "baseVals": {
  "rating": 2,
  "gammaadj": 1,
  "decay": 0.99,
  "echo_zoom": 1,
  "echo_orient": 1,
  "wave_mode": 5,
  "wave_brighten": 0,
  "wrap": 0,
  "darken": 1,
  "wave_a": 100,
  "wave_scale": 1.003819,
  "wave_smoothing": 0,
  "wave_mystery": -0.4,
  "modwavealphastart": 0.5,
  "modwavealphaend": 1,
  "warpanimspeed": 100,
  "warpscale": 2.987784,
  "dx": 0.00001,
  "dy": 0.00001,
  "warp": 0.01,
  "wave_r": 0,
  "wave_g": 0,
  "wave_b": 0,
  "ob_size": 0.005,
  "ob_b": 0.3,
  "ob_a": 0.4,
  "ib_size": 0.25,
  "ib_r": 0,
  "ib_g": 0,
  "ib_b": 0.2,
  "ib_a": 0.2,
  "mv_x": 44.799995,
  "mv_y": 48,
  "mv_l": 0.35,
  "mv_r": 0,
  "mv_g": 0,
  "mv_a": 0.2
 },
 "warp": "",
 "comp": ""
}