{
 "shapes": [
  {
   "baseVals": {
    "enabled": 1,
    "bdrawback": 0,
    "x_wrap_mode": 0,
    "y_wrap_mode": 0,
    "textured": 1,
    "tex_capture": 1,
    "tex_cx": 0.5,
    "tex_cy": 0.5,
    "y": 1.8
   },
   "init_eqs_str": " ",
   "frame_eqs_str": ""
  },
  {
   "baseVals": {
    "enabled": 1,
    "bdrawback": 0,
    "x_wrap_mode": 0,
    "y_wrap_mode": 0,
    "textured": 1,
    "tex_capture": 1,
    "tex_cx": 0.5,
    "tex_cy": 0.5,
    "y": 1.8
   },
   "init_eqs_str": " ",
   "frame_eqs_str": ""
  },
  {
   "baseVals": {
    "enabled": 1,
    "bdrawback": 0,
    "x_wrap_mode": 0,
    "y_wrap_mode": 0,
    "textured": 1,
    "tex_capture": 1,
    "tex_cx": 0.5,
    "tex_cy": 0.5,
    "y": 1.8
   },
   "init_eqs_str": " ",
   "frame_eqs_str": ""
  },
  {
   "baseVals": {
    "enabled": 0
   }
  }
 ],
 "waves": [
  {
   "baseVals": {
    "enabled": 0
   }
  },
  {
   "baseVals": {
    "enabled": 0
   }
  },
  {
   "baseVals": {
    "enabled": 0
   }
  },
  {
   "baseVals": {
    "enabled": 0
   }
  }
 ],
 "init_eqs_str": "a['thresh'] = 0; a['dx_r'] = 0; a['dy_r'] = 0;",
 "frame_eqs_str": "a['wave_r']=(0.5+(0.5*Math.sin((6*a['time'])))); a['wave_g']=(0.5+(0.5*Math.sin((4.1*a['time'])))); a['wave_b']=(-1+(((1-a['wave_r'])+1)-a['wave_g'])); a['warp']=0; a['ob_r']=(1-Math.abs(a['wave_r'])); a['ob_b']=(1-Math.abs(a['wave_b'])); a['ob_g']=(1-Math.abs(a['wave_g'])); a['ib_r']=(1-Math.abs(a['ob_r'])); a['ib_g']=(1-Math.abs(a['ob_g'])); a['ib_b']=(1-Math.abs(a['ob_b'])); a['wave_x']=(a['wave_x']+(0.2*Math.sin(((Math.floor(randint(100))*0.01)*a['time'])))); a['wave_y']=(a['wave_y']+(0.2*Math.sin(((Math.floor(randint(100))*0.01)*a['time']))));",
 "pixel_eqs_str": "a['thresh']=((above(a['bass_att'], a['thresh'])*2)+((1-above(a['bass_att'], a['thresh']))*(((a['thresh']-1.3)*0.96)+1.3))); a['dx_r']=(((equal(a['thresh'], 2)*0.015)*Math.sin((5*a['time'])))+((1-equal(a['thresh'], 2))*a['dx_r'])); a['dy_r']=(((equal(a['thresh'], 2)*0.015)*Math.sin((6*a['time'])))+((1-equal(a['thresh'], 2))*a['dy_r'])); a['rot']=((5*a['rot'])+(0.04*Math.sin((a['time']*a['rad'])))); a['zoom']=(a['zoom']+(0.025*Math.cos((a['time']*(0.5-a['rad']))))); a['zoom']=(a['zoom']+(0.0025*(((3*Math.tan(((0.6*Math.sin((2*a['bass_att'])))-a['rad'])))*a['bass_att'])*4)));",
 "baseVals": {
  "rating": 1,
  "gammaadj": 1,
  "decay": 1,
  "echo_zoom": 1,
  "echo_alpha": 0.5,
  "nechowrap_x": 0,
  "nechowrap_y": 0,
  "wave_mode": 5,
  "wave_brighten": 0,
  "wrap": 0,
  "nwrapmode_x": 1,
  "nwrapmode_y": 1,
  "darken": 1,
  "wave_a": 100,
  "wave_scale": 0.721422,
  "wave_smoothing": 0.5,
  "modwavealphastart": 0.5,
  "modwavealphaend": 1,
  "dx": 0.00001,
  "dy": 0.00001,
  "warp": 0.01,
  "wave_r": 0.5,
  "wave_g": 0.5,
  "wave_b": 0.5,
  "ob_size": 0.005,
  "ob_a": 1,
  "ib_size": 0.005,
  "ib_r": 0,
  "ib_g": 0,
  "ib_b": 0,
  "ib_a": 1,
  "mv_x": 0,
  "mv_y": 0,
  "mv_l": 1,
  "mv_a": 0
 },
 "warp": "",
 "comp": ""
}