{
 "shapes": [
  {
   "baseVals": {
    "enabled": 0
   }
  },
  {
   "baseVals": {
    "enabled": 0
   }
  },
  {
   "baseVals": {
    "enabled": 0
   }
  },
  {
   "baseVals": {
    "enabled": 0
   }
  }
 ],
 "waves": [
  {
   "baseVals": {},
   "init_eqs_str": " ",
   "frame_eqs_str": "",
   "point_eqs_str": ""
  },
  {
   "baseVals": {},
   "init_eqs_str": " ",
   "frame_eqs_str": "",
   "point_eqs_str": ""
  },
  {
   "baseVals": {},
   "init_eqs_str": " ",
   "frame_eqs_str": "",
   "point_eqs_str": ""
  },
  {
   "baseVals": {},
   "init_eqs_str": " ",
   "frame_eqs_str": "",
   "point_eqs_str": ""
  }
 ],
 "init_eqs_str": "a['vox'] = 0;",
 "frame_eqs_str": "a['vox']=div(((a['bass']+a['treb'])+a['mid']),3); a['decay']=((Math.abs(below(a['vox'], 1.25))>0.00001)?(1):(0.95)); a['wave_mystery']=(a['wave_mystery']+((1*Math.sin((10*a['bass'])))*0.3)); a['wave_b']=(-1+randint(5)); a['wave_r']=(-1+randint(5)); a['wave_g']=(-1+randint(5)); a['rot']=(a['rot']+0.1); a['zoom']=(a['zoom']+0.01); a['dx']=(a['dx']+((Math.abs(above(Math.sin(a['time']), 0))>0.00001)?((0.05*Math.sin(a['time']))):(0)));",
 "pixel_eqs_str": "a['dy']=(a['dy']+((Math.abs(equal(a['rad'], (0.5+(0.5*Math.sin(a['time'])))))>0.00001)?((0.01*Math.sin(a['bass']))):((-0.01*Math.sin(a['bass']))))); a['dx']=(a['dx']+((Math.abs(equal(a['rad'], (0.5+(0.5*Math.cos(a['time'])))))>0.00001)?((0.01*Math.sin(a['bass']))):((-0.01*Math.sin(a['bass'])))));",
 "baseVals": {
  "rating": 4,
  "gammaadj": 1,
  "decay": 0.9,
  "echo_zoom": 1,
  "echo_alpha": 0.5,
  "echo_orient": 1,
  "wave_mode": 2,
  "wave_dots": 1,
  "wave_brighten": 0,
  "wrap": 0,
  "invert": 1,
  "wave_a": 100,
  "wave_scale": 0.53524,
  "wave_smoothing": 0.5,
  "modwavealphastart": 0.5,
  "modwavealphaend": 1,
  "dx": 0.00001,
  "dy": 0.00001,
  "warp": 0.01,
  "ob_size": 0.005,
  "ob_b": 0.3,
  "ob_a": 0.02,
  "ib_size": 0,
  "mv_x": 0,
  "mv_y": 0,
  "mv_l": 1,
  "mv_a": 0
 },
 "warp": "",
 "comp": ""
}