{
 "shapes": [
  {
   "baseVals": {
    "enabled": 0
   }
  },
  {
   "baseVals": {
    "enabled": 0
   }
  },
  {
   "baseVals": {
    "enabled": 0
   }
  },
  {
   "baseVals": {
    "enabled": 0
   }
  }
 ],
 "waves": [
  {
   "baseVals": {},
   "init_eqs_str": " ",
   "frame_eqs_str": "",
   "point_eqs_str": ""
  },
  {
   "baseVals": {},
   "init_eqs_str": " ",
   "frame_eqs_str": "",
   "point_eqs_str": ""
  },
  {
   "baseVals": {},
   "init_eqs_str": " ",
   "frame_eqs_str": "",
   "point_eqs_str": ""
  },
  {
   "baseVals": {},
   "init_eqs_str": " ",
   "frame_eqs_str": "",
   "point_eqs_str": ""
  }
 ],
 "init_eqs_str": "",
 "frame_eqs_str": "a['wave_r']=((Math.abs(above(a['bass'], 1))>0.00001)?(2):(-2)); a['wave_b']=-2; a['wave_g']=2; a['zoom']=(a['zoom']+(0.025*Math.sin((10*a['time'])))); a['zoom']=(a['zoom']+div((0.01*a['treb']),a['bass']));",
 "pixel_eqs_str": "a['sy']=(a['sy']+((Math.abs(below(a['rad'], (0.5+(0.25*Math.sin((div(a['bass_att'],4)-Math.sin((a['bass_att']*2))))))))>0.00001)?((0.1*Math.sin(a['bass_att']))):(0))); a['sx']=(a['sx']+((Math.abs(below(a['rad'], (0.5+(0.25*Math.sin((div(a['bass_att'],4)-Math.sin((a['bass_att']*2))))))))>0.00001)?((0.1*Math.sin(a['bass_att']))):(0)));",
 "baseVals": {
  "rating": 2,
  "gammaadj": 1,
  "decay": 0.995,
  "echo_zoom": 1,
  "echo_orient": 1,
  "wave_mode": 5,
  "wave_dots": 1,
  "wave_brighten": 0,
  "wrap": 0,
  "wave_a": 100,
  "wave_scale": 2.000398,
  "wave_smoothing": 0.5,
  "modwavealphastart": 0.5,
  "modwavealphaend": 1,
  "warpanimspeed": 100,
  "warpscale": 0.01,
  "zoomexp": 0.499723,
  "dx": 0.00001,
  "dy": 0.00001,
  "warp": 0.400279,
  "wave_r": 0,
  "wave_g": 0,
  "wave_b": 0,
  "ob_size": 0,
  "ob_a": 1,
  "ib_size": 0.25,
  "mv_x": 0,
  "mv_y": 0,
  "mv_l": 1,
  "mv_a": 0
 },
 "warp": "",
 "comp": ""
}