{
 "shapes": [
  {
   "baseVals": {
    "enabled": 0
   }
  },
  {
   "baseVals": {
    "enabled": 0
   }
  },
  {
   "baseVals": {
    "enabled": 0
   }
  },
  {
   "baseVals": {
    "enabled": 0
   }
  }
 ],
 "waves": [
  {
   "baseVals": {},
   "init_eqs_str": " ",
   "frame_eqs_str": "",
   "point_eqs_str": ""
  },
  {
   "baseVals": {},
   "init_eqs_str": " ",
   "frame_eqs_str": "",
   "point_eqs_str": ""
  },
  {
   "baseVals": {},
   "init_eqs_str": " ",
   "frame_eqs_str": "",
   "point_eqs_str": ""
  },
  {
   "baseVals": {},
   "init_eqs_str": " ",
   "frame_eqs_str": "",
   "point_eqs_str": ""
  }
 ],
 "init_eqs_str": "a['vox'] = 0;",
 "frame_eqs_str": "a['vox']=div(((a['bass']+a['treb'])+a['mid']),3); a['decay']=((Math.abs(below(a['vox'], 1.25))>0.00001)?(1):(0.95)); a['wave_mystery']=(a['wave_mystery']+((1*Math.sin((10*a['bass'])))*0.3)); a['wave_b']=(-1+Math.floor(randint(5))); a['wave_r']=(-1+Math.floor(randint(5))); a['wave_g']=(-1+Math.floor(randint(5)));",
 "pixel_eqs_str": "a['dy']=(a['dy']+((Math.abs(above(a['rad'], 0.5))>0.00001)?((0.01*Math.sin(a['bass']))):((-0.01*Math.cos(a['bass']))))); a['dx']=(a['dx']+((Math.abs(above(a['rad'], 0.5))>0.00001)?((0.01*Math.sin(a['bass']))):((-0.01*Math.cos(a['bass']))))); a['rot']=(a['rot']+Math.min((div(div((0.6*a['rad']),a['bass']),a['treb'])*0.9), ((2*a['bass'])*0.08)));",
 "baseVals": {
  "rating": 4,
  "gammaadj": 1,
  "decay": 0.9,
  "echo_zoom": 1,
  "echo_alpha": 0.5,
  "echo_orient": 3,
  "wave_mode": 2,
  "wave_brighten": 0,
  "wrap": 0,
  "darken_center": 1,
  "wave_a": 100,
  "wave_scale": 1.447723,
  "wave_smoothing": 0.5,
  "modwavealphastart": 0.5,
  "modwavealphaend": 1,
  "dx": 0.00001,
  "dy": 0.00001,
  "warp": 0.01,
  "ob_size": 0,
  "ob_a": 1,
  "ib_size": 0,
  "mv_x": 0,
  "mv_y": 0,
  "mv_l": 1,
  "mv_a": 0
 },
 "warp": "",
 "comp": ""
}