{
 "shapes": [
  {
   "baseVals": {
    "enabled": 0
   }
  },
  {
   "baseVals": {
    "enabled": 0
   }
  },
  {
   "baseVals": {
    "enabled": 0
   }
  },
  {
   "baseVals": {
    "enabled": 0
   }
  }
 ],
 "waves": [
  {
   "baseVals": {},
   "init_eqs_str": " ",
   "frame_eqs_str": "",
   "point_eqs_str": ""
  },
  {
   "baseVals": {},
   "init_eqs_str": " ",
   "frame_eqs_str": "",
   "point_eqs_str": ""
  },
  {
   "baseVals": {},
   "init_eqs_str": " ",
   "frame_eqs_str": "",
   "point_eqs_str": ""
  },
  {
   "baseVals": {},
   "init_eqs_str": " ",
   "frame_eqs_str": "",
   "point_eqs_str": ""
  }
 ],
 "init_eqs_str": "a['thresh'] = 0; a['dx_r'] = 0; a['dy_r'] = 0;",
 "frame_eqs_str": "a['wave_r']=((a['wave_r']+(0.25*Math.sin((1.4*a['time']))))+(0.25*Math.sin((2.25*a['time'])))); a['wave_g']=((a['wave_g']+(0.25*Math.sin((1.7*a['time']))))+(0.25*Math.sin((2.11*a['time'])))); a['wave_b']=((a['wave_b']+(0.25*Math.sin((1.84*a['time']))))+(0.25*Math.sin((2.3*a['time'])))); a['warp']=0; a['wave_y']=(a['wave_y']-(0.2*Math.sin(a['bass_att']))); a['wave_mystery']=(a['wave_mystery']+((0.001*a['bass'])*(0.5*a['time']))); a['ob_r']=(a['ob_r']+Math.floor(randint((5*a['mid'])))); a['ob_g']=(a['ob_g']+Math.floor(randint((5*a['treb'])))); a['ob_b']=(a['ob_b']+Math.floor(randint((5*a['bass']))));",
 "pixel_eqs_str": "a['thresh']=((above(a['bass_att'], a['thresh'])*2)+((1-above(a['bass_att'], a['thresh']))*(((a['thresh']-1.3)*0.96)+1.3))); a['dx_r']=(((equal(a['thresh'], 2)*0.015)*Math.sin((5*a['time'])))+((1-equal(a['thresh'], 2))*a['dx_r'])); a['dy_r']=(((equal(a['thresh'], 2)*0.015)*Math.sin((6*a['time'])))+((1-equal(a['thresh'], 2))*a['dy_r'])); a['zoom']=(a['zoom']-0.07); a['dx']=(a['dx']-((below(a['x'], 0.5)*0.04)*(((a['rad']*1.5)*Math.sin((1.5*a['bass_att'])))*a['rad']))); a['dx']=(a['dx']+((above(a['x'], 0.5)*0.04)*(((a['rad']*1.5)*Math.sin((1.5*a['bass_att'])))*a['rad']))); a['rot']=(a['rot']+(((above(a['bass'], 1)*below(a['rad'], 1.2))*a['rad'])*Math.sin((a['rad']*0.2))));",
 "baseVals": {
  "rating": 4,
  "gammaadj": 1,
  "decay": 0.97,
  "echo_zoom": 1,
  "echo_alpha": 0.5,
  "echo_orient": 2,
  "wave_mode": 6,
  "wave_thick": 1,
  "wrap": 0,
  "wave_a": 100,
  "wave_scale": 0.01,
  "wave_smoothing": 0.5,
  "wave_mystery": 1,
  "modwavealphastart": 0.5,
  "modwavealphaend": 1,
  "dx": 0.00001,
  "dy": 0.00001,
  "warp": 0.01,
  "wave_r": 0.5,
  "wave_g": 0.5,
  "wave_b": 0.5,
  "ob_size": 0.005,
  "ob_a": 0.05,
  "ib_size": 0,
  "ib_r": 0.5,
  "ib_g": 0.5,
  "ib_b": 0,
  "ib_a": 0.5,
  "mv_x": 64,
  "mv_y": 48,
  "mv_l": 1,
  "mv_r": 0.5,
  "mv_b": 0,
  "mv_a": 0
 },
 "warp": "",
 "comp": ""
}