{
 "shapes": [
  {
   "baseVals": {
    "enabled": 0
   }
  },
  {
   "baseVals": {
    "enabled": 0
   }
  },
  {
   "baseVals": {
    "enabled": 0
   }
  },
  {
   "baseVals": {
    "enabled": 0
   }
  }
 ],
 "waves": [
  {
   "baseVals": {},
   "init_eqs_str": " ",
   "frame_eqs_str": "",
   "point_eqs_str": ""
  },
  {
   "baseVals": {},
   "init_eqs_str": " ",
   "frame_eqs_str": "",
   "point_eqs_str": ""
  },
  {
   "baseVals": {},
   "init_eqs_str": " ",
   "frame_eqs_str": "",
   "point_eqs_str": ""
  },
  {
   "baseVals": {},
   "init_eqs_str": " ",
   "frame_eqs_str": "",
   "point_eqs_str": ""
  }
 ],
 "init_eqs_str": "",
 "frame_eqs_str": "a['wave_r']=-2; a['wave_b']=-2; a['wave_g']=4; a['zoom']=(a['zoom']-(0.25*(Math.sin(a['bass_att'])-Math.sin(a['treb_att']))));",
 "pixel_eqs_str": "a['rot']=(a['rot']+div(((Math.abs(a['dx'])*Math.sin(((10*a['ang'])+(5*Math.sin((8*a['bass']))))))*0.05),Math.abs((0.3*a['dy']))));",
 "baseVals": {
  "rating": 2,
  "gammaadj": 1,
  "decay": 1,
  "echo_zoom": 1,
  "echo_orient": 1,
  "wave_thick": 1,
  "wave_brighten": 0,
  "wrap": 0,
  "wave_a": 100,
  "wave_scale": 0.01,
  "wave_smoothing": 0.5,
  "modwavealphastart": 0.5,
  "modwavealphaend": 1,
  "dx": 0.00001,
  "dy": 0.00001,
  "warp": 0.01,
  "ob_size": 0.3,
  "ob_r": 1,
  "ob_g": 1,
  "ob_b": 1,
  "ob_a": 1,
  "ib_size": 0.05,
  "ib_r": 1,
  "ib_g": 1,
  "ib_b": 0,
  "ib_a": 1,
  "mv_x": 64,
  "mv_y": 48,
  "mv_l": 0,
  "mv_g": 0.6,
  "mv_b": 0,
  "mv_a": 0
 },
 "warp": "",
 "comp": ""
}