{
 "shapes": [
  {
   "baseVals": {
    "enabled": 1,
    "bdrawback": 0,
    "x_wrap_mode": 0,
    "y_wrap_mode": 0,
    "textured": 1,
    "tex_capture": 1,
    "tex_cx": 0.5,
    "tex_cy": 0.5,
    "y": 1.8
   },
   "init_eqs_str": " ",
   "frame_eqs_str": ""
  },
  {
   "baseVals": {
    "enabled": 1,
    "bdrawback": 0,
    "x_wrap_mode": 0,
    "y_wrap_mode": 0,
    "textured": 1,
    "tex_capture": 1,
    "tex_cx": 0.5,
    "tex_cy": 0.5,
    "y": 1.8
   },
   "init_eqs_str": " ",
   "frame_eqs_str": ""
  },
  {
   "baseVals": {
    "enabled": 1,
    "bdrawback": 0,
    "x_wrap_mode": 0,
    "y_wrap_mode": 0,
    "textured": 1,
    "tex_capture": 1,
    "tex_cx": 0.5,
    "tex_cy": 0.5,
    "y": 1.8
   },
   "init_eqs_str": " ",
   "frame_eqs_str": ""
  },
  {
   "baseVals": {
    "enabled": 0
   }
  }
 ],
 "waves": [
  {
   "baseVals": {
    "enabled": 0
   }
  },
  {
   "baseVals": {
    "enabled": 0
   }
  },
  {
   "baseVals": {
    "enabled": 0
   }
  },
  {
   "baseVals": {
    "enabled": 0
   }
  }
 ],
 "init_eqs_str": "a['xx'] = 0; a['sw'] = 0; a['q6'] = 0; a['thresh'] = 0; a['q5'] = 0; a['dy_r'] = 0; a['dis'] = 0; a['q4'] = 0; a['a'] = 0; a['dx_r'] = 0; a['zm'] = 0; a['ba'] = 0; a['trmi'] = 0; a['b'] = 0; a['bb'] = 0; a['q2'] = 0; a['q3'] = 0; a['yy'] = 0; a['q7'] = 0; a['q8'] = 0;",
 "frame_eqs_str": "a['wave_r']=(a['wave_r']+1); a['wave_g']=(a['wave_g']+(0.5*Math.sin((a['time']*1.23)))); a['wave_b']=(a['wave_b']+(0.5*Math.sin((a['time']*1.33)))); a['ob_r']=1; a['ob_g']=a['wave_r']; a['ob_b']=a['wave_g']; a['ib_r']=1; a['ib_b']=a['wave_r']; a['ib_g']=a['wave_b'];",
 "pixel_eqs_str": "a['thresh']=((above(a['bass_att'], a['thresh'])*2)+((1-above(a['bass_att'], a['thresh']))*(((a['thresh']-1.3)*0.96)+1.3))); a['dx_r']=(((equal(a['thresh'], 2)*0.015)*Math.sin((5*a['time'])))+((1-equal(a['thresh'], 2))*a['dx_r'])); a['dy_r']=(((equal(a['thresh'], 2)*0.015)*Math.sin((6*a['time'])))+((1-equal(a['thresh'], 2))*a['dy_r'])); a['zoom']=(a['zoom']+(0.0095*((Math.sin((6*a['ang']))+(Math.sin(Math.sin((((a['time']*2)*Math.sin(a['time']))*a['rad'])))*0.3))-(Math.cos(a['rad'])*0.1)))); a['rot']=(a['rot']+((0.085*Math.abs((1-a['rad'])))*Math.sin(((2.2*(0.5-a['rad']))+(1.7*a['time']))))); a['sx']=(a['sx']+(((0.01*((0.99*1)-a['rad']))*Math.sin((0.733*a['time'])))*below(Math.sin(a['time']), 0))); a['sy']=(a['sy']+(((0.01*((0.99*1)-a['rad']))*Math.cos((0.953*a['time'])))*above(Math.sin(a['time']), 0))); a['zoom']=(a['zoom']+((0.05*(0.25-a['rad']))*below(a['rad'], 0.5))); a['zoom']=(a['zoom']-0.02); a['dx']=(a['dx']+(a['dx_r']*Math.abs((0.823*Math.cos((1.2*a['time'])))))); a['dy']=(a['dy']+(a['dy_r']*Math.abs((0.823*Math.sin((1.2*a['time'])))))); a['zm']=(0.05*(1-(a['rad']*1))); a['dx']=(a['zm']*(a['x']-a['q3'])); a['dy']=(a['zm']*(a['y']-a['q4'])); a['ba']=(((a['bass']-1)*0.75)+1); a['bb']=Math.min(1, a['ba']); a['trmi']=(((((a['treb']+a['mid'])-2)*0.5)*0.75)+1); a['xx']=(((Math.sin(((a['x']*4.8)+(a['q2']*1.024)))*0.25)+(0.15*Math.sin(((a['x']*7.1)-(a['q2']*0.9437)))))+(0.1*Math.sin(((a['x']*15.9)-(a['q2']*1.222))))); a['yy']=(((Math.sin(((a['y']*3)+(a['q2']*0.935)))*0.15)+(0.15*Math.sin(((a['y']*16.5)+(a['q2']*1.127)))))+(0.2*Math.sin(((a['y']*9.2)-(a['q2']*1.974))))); a['a']=((0.5+(0.2*Math.sin((a['q2']*0.687))))+(0.25*Math.sin((a['q2']*0.248)))); a['b']=((0.5+(0.2*Math.sin((a['q2']*0.354))))+(0.25*Math.sin((a['q2']*0.724)))); a['dis']=pow((((a['x']-a['a'])*(a['x']-a['a']))+(((a['y']-a['b'])*(a['y']-a['b']))*0.75)), 0.5); a['sw']=((below(Math.abs((a['dis']-a['q5'])), 0.015)+below(Math.abs((a['dis']-(a['q5']-0.1))), 0.01))+below(Math.abs((a['dis']-(a['q5']-0.2))), 0.005)); a['a']=a['q6']; a['b']=a['q7']; a['dis']=pow((((a['x']-a['a'])*(a['x']-a['a']))+(((a['y']-a['b'])*(a['y']-a['b']))*0.75)), 0.5); a['sw']=(((a['sw']+below(Math.abs((a['dis']-a['q8'])), 0.015))+below(Math.abs((a['dis']-(a['q8']-0.1))), 0.01))+below(Math.abs((a['dis']-(a['q8']-0.2))), 0.005)); a['sw']=((Math.abs(a['sw'])>0.00001)?(randint(3)):(below(randint(Math.floor((a['fps']*5))), 1))); a['zoom']=(a['zoom']+(a['sw']*12)); a['rot']=(a['rot']+(a['sw']*12));",
 "baseVals": {
  "rating": 3,
  "gammaadj": 1.7,
  "decay": 0.985,
  "echo_zoom": 1.10418,
  "echo_alpha": 0.2,
  "nechowrap_x": 0,
  "nechowrap_y": 0,
  "wave_mode": 5,
  "additivewave": 1,
  "wave_dots": 1,
  "wrap": 0,
  "nwrapmode_x": 1,
  "nwrapmode_y": 1,
  "darken": 1,
  "wave_a": 1.691331,
  "wave_scale": 1.310597,
  "wave_smoothing": 0,
  "modwavealphastart": 0.71,
  "modwavealphaend": 1.3,
  "warpscale": 1.331,
  "fshader": 1,
  "zoom": 0.999513,
  "warp": 0.0101,
  "wave_r": 0.65,
  "wave_g": 0.65,
  "wave_b": 0.65,
  "ob_size": 0.005,
  "ob_a": 0.1,
  "ib_size": 0.005,
  "ib_r": 0,
  "ib_g": 0,
  "ib_b": 0,
  "ib_a": 0.1,
  "mv_a": 0
 },
 "warp": "",
 "comp": ""
}