{
 "shapes": [
  {
   "baseVals": {
    "enabled": 0
   }
  },
  {
   "baseVals": {
    "enabled": 0
   }
  },
  {
   "baseVals": {
    "enabled": 0
   }
  },
  {
   "baseVals": {
    "enabled": 0
   }
  }
 ],
 "waves": [
  {
   "baseVals": {},
   "init_eqs_str": " ",
   "frame_eqs_str": "",
   "point_eqs_str": ""
  },
  {
   "baseVals": {},
   "init_eqs_str": " ",
   "frame_eqs_str": "",
   "point_eqs_str": ""
  },
  {
   "baseVals": {},
   "init_eqs_str": " ",
   "frame_eqs_str": "",
   "point_eqs_str": ""
  },
  {
   "baseVals": {},
   "init_eqs_str": " ",
   "frame_eqs_str": "",
   "point_eqs_str": ""
  }
 ],
 "init_eqs_str": "a['thresh'] = 0; a['dx_r'] = 0; a['dy_r'] = 0;",
 "frame_eqs_str": "a['wave_r']=((a['wave_r']+(0.35*Math.sin((1.4*a['time']))))+(0.25*Math.sin((2.5*a['time'])))); a['wave_g']=((a['wave_g']+(0.35*Math.sin((1.7*a['time']))))-(0.25*Math.sin((1.11*a['time'])))); a['wave_b']=((a['wave_b']+(0.35*Math.sin((1.84*a['time']))))+(0.25*Math.sin((2.3*a['time'])))); a['warp']=0; a['mv_r']=(0.3+(0.2*Math.sin((a['treb_att']*1.2)))); a['mv_b']=(0.3+(0.2*Math.cos(a['bass']))); a['mv_g']=(0.3+(0.25*Math.sin(a['time']))); a['mv_x']=((a['mv_x']*0.3)*a['bass']); a['mv_y']=((a['mv_y']*0.4)*a['treb']);",
 "pixel_eqs_str": "a['thresh']=((above(a['bass_att'], a['thresh'])*2)+((1-above(a['bass_att'], a['thresh']))*(((a['thresh']-1.3)*0.96)+1.3))); a['dx_r']=(((equal(a['thresh'], 2)*0.015)*Math.sin((5*a['time'])))+((1-equal(a['thresh'], 2))*a['dx_r'])); a['dy_r']=(((equal(a['thresh'], 2)*0.015)*Math.sin((6*a['time'])))+((1-equal(a['thresh'], 2))*a['dy_r'])); a['zoom']=(a['zoom']-((0.6*a['rad'])*((0.7+(0.1*Math.sin((a['bass']*a['time']))))-a['rad']))); a['dy']=(a['dy']+(((1.99*a['dy_r'])*(a['rad']*Math.sin((5*a['treb_att']))))*(1-a['rad']))); a['dx']=(a['dx']+(((1.5*a['dx_r'])*(a['rad']*Math.cos((5*a['bass_att']))))*(((0.6*a['rad'])-0.7)-a['rad']))); a['rot']=(a['rot']+((0.6*(((0.7*Math.sin((a['bass']*a['treb'])))*a['x'])-(0.033*a['ang'])))*(1-a['rad'])));",
 "baseVals": {
  "rating": 4,
  "gammaadj": 1,
  "decay": 1,
  "echo_zoom": 1,
  "echo_alpha": 0.5,
  "echo_orient": 3,
  "wave_thick": 1,
  "wrap": 0,
  "wave_a": 100,
  "wave_scale": 2.063777,
  "wave_smoothing": 0,
  "modwavealphastart": 0.5,
  "modwavealphaend": 1,
  "fshader": 1,
  "dx": 0.00001,
  "dy": 0.00001,
  "warp": 0.01,
  "wave_r": 0.5,
  "wave_g": 0.5,
  "wave_b": 0.5,
  "ob_size": 0.005,
  "ob_b": 0.3,
  "ob_a": 0.2,
  "ib_size": 0.05,
  "ib_r": 0,
  "ib_g": 0.2,
  "ib_b": 0.3,
  "ib_a": 0.1,
  "mv_x": 64,
  "mv_y": 48,
  "mv_l": 5,
  "mv_r": 0.3,
  "mv_g": 0,
  "mv_b": 0,
  "mv_a": 0
 },
 "warp": "",
 "comp": ""
}